********************************************************************************,,,,,,,,,,
Filename: J:\AFCIS_DATA\E1 24\E1 24 O11\E1 24 O11 GA\E1 24 O11 DWS M00.fccp,,,,,,,,,,
Collected: 2024/08/13 10:38:45,,,,,,,,,,
Report Created: 2024/10/22 14:32:49,,,,,,,,,,
Channels: Diameter (1),,,,,,,,,Probe Tip Wear Average Values Final Cal,
Axial Range: 2000.00 to 9000.00,,,,,,,,,M1,0.030
Rotational Range: ALL,,,,,,,,,M2,0.035
Z Range: 103.0000 to 108.0000,,,,,,,,,M3,0.023
Percentiles: 5.0 to 35.0,,,,,,,,,M4,0.023
Threshold: -10000000.0000 to 10000000.0000,,,,,,,,,M5,0.039
Channel: Diameter (1) ,,,,,,,,,AVG,0.030
Axial Offset: 20.40,,,,,,,,,,
Rotational Offset: 90.00,,,,,,,,,,
EU Offset: 796778.218895,,,,,,,,,,
EU Divisor: -7443.694644,,,,,,Compensated for Probe Tip Wear,,,,
Axial,Minimum,Maximum,Mean,,,Axial,Minimum,Maximum,Mean,
2205.6998,104.004,104.0203,104.0145,,,2205.6998,103.9737389,103.9900,103.9842389,
2206.5499,104.0248,104.041,104.0354,,,2206.5499,103.9945429,104.0107429,104.0051429,
2207.45,104.0493,104.0638,104.0581,,,2207.45,104.0190472,104.0335472,104.0278472,
2208.2999,104.0717,104.0866,104.0808,,,2208.2999,104.0414512,104.0563512,104.0505512,
2209.15,104.0944,104.1104,104.1033,,,2209.15,104.0641553,104.0801553,104.0730553,
2210.0499,104.1185,104.135,104.126,,,2210.0499,104.0882595,104.1047595,104.0957595,
2210.9,104.1407,104.1576,104.1484,,,2210.9,104.1104635,104.1273635,104.1181635,
2211.7501,104.1656,104.1836,104.173,,,2211.7501,104.1353676,104.1533676,104.1427676,
2212.65,104.1904,104.2041,104.1973,,,2212.65,104.1601718,104.1738718,104.1670718,
2213.6,104.2163,104.2282,104.2236,,,2213.6,104.1860763,104.1979763,104.1933763,
2214.5499,104.2645,104.2716,104.2696,,,2214.5499,104.2342808,104.2413808,104.2393808,
2215.45,104.3583,104.3668,104.3641,,,2215.45,104.3280851,104.3365851,104.3338851,
2216.4,104.4365,104.448,104.4449,,,2216.4,104.4062896,104.4177896,104.4146896,
2217.35,104.6204,104.6533,104.6407,,,2217.35,104.5901941,104.6230941,104.6104941,
2218.2999,104.6591,104.6876,104.6759,,,2218.2999,104.6288986,104.6573986,104.6456986,
2219.2501,104.6829,104.7084,104.6971,,,2219.2501,104.6527031,104.6782031,104.6669031,
2220.15,104.6945,104.7248,104.711,,,2220.15,104.6643074,104.6946074,104.6808074,
2221.0499,104.7076,104.735,104.7232,,,2221.0499,104.6774116,104.7048116,104.6930116,
2222.0001,104.7148,104.7425,104.7304,,,2222.0001,104.6846161,104.7123161,104.7002161,
2222.95,104.7211,104.7473,104.7359,,,2222.95,104.6909206,104.7171206,104.7057206,
2223.85,104.726,104.751,104.7401,,,2223.85,104.6958249,104.7208249,104.7099249,
2224.7999,104.7318,104.7562,104.7449,,,2224.7999,104.7016294,104.7260294,104.7147294,
2225.7999,104.7373,104.7612,104.7504,,,2225.7999,104.7071342,104.7310342,104.7202342,
2226.7501,104.744,104.7671,104.7562,,,2226.7501,104.7138387,104.7369387,104.7260387,
2227.65,104.7498,104.7738,104.7624,,,2227.65,104.7196429,104.7436429,104.7322429,
2228.5499,104.7576,104.7807,104.7697,,,2228.5499,104.7274472,104.7505472,104.7395472,
2229.5001,104.7652,104.7883,104.7774,,,2229.5001,104.7350517,104.7581517,104.7472517,
2230.45,104.7747,104.7966,104.787,,,2230.45,104.7445562,104.7664562,104.7568562,
2231.35,104.7843,104.8059,104.7965,,,2231.35,104.7541605,104.7757605,104.7663605,
2232.2999,104.7961,104.8159,104.8071,,,2232.2999,104.765965,104.785765,104.776965,
2233.2501,104.8086,104.8273,104.8186,,,2233.2501,104.7784695,104.7971695,104.7884695,
2234.15,104.822,104.8399,104.8315,,,2234.15,104.7918737,104.8097737,104.8013737,
2235.0499,104.8365,104.8555,104.8461,,,2235.0499,104.806378,104.825378,104.815978,
2235.95,104.852,104.8704,104.861,,,2235.95,104.8218822,104.8402822,104.8308822,
2236.85,104.8656,104.8834,104.873,,,2236.85,104.8354865,104.8532865,104.8428865,
2237.7501,104.8665,104.8778,104.8716,,,2237.7501,104.8363908,104.8476908,104.8414908,
2238.7,104.8427,104.8571,104.8522,,,2238.7,104.8125953,104.8269953,104.8220953,
2239.65,104.8269,104.8408,104.8352,,,2239.65,104.7967998,104.8106998,104.8050998,
2240.5499,104.8157,104.8318,104.8251,,,2240.5499,104.785604,104.801704,104.795004,
2241.45,104.8075,104.8239,104.8171,,,2241.45,104.7774083,104.7938083,104.7870083,
2242.35,104.8035,104.8181,104.8117,,,2242.35,104.7734126,104.7880126,104.7816126,
2243.2999,104.8035,104.8164,104.8102,,,2243.2999,104.7734171,104.7863171,104.7801171,
2244.2501,104.805,104.8183,104.8118,,,2244.2501,104.7749216,104.7882216,104.7817216,
2245.2,104.8087,104.8243,104.817,,,2245.2,104.7786261,104.7942261,104.7869261,
2246.15,104.8194,104.8355,104.8273,,,2246.15,104.7893306,104.8054306,104.7972306,
2247.0499,104.8322,104.8494,104.842,,,2247.0499,104.8021348,104.8193348,104.8119348,
2247.95,104.849,104.872,104.8625,,,2247.95,104.8189391,104.8419391,104.8324391,
2248.85,104.8802,104.9039,104.8935,,,2248.85,104.8501434,104.8738434,104.8634434,
2249.7999,104.9196,104.9416,104.9321,,,2249.7999,104.8895479,104.9115479,104.9020479,
2250.7501,104.9663,104.9972,104.985,,,2250.7501,104.9362524,104.9671524,104.9549524,
2251.65,105.0504,105.3413,105.2092,,,2251.65,105.0203566,105.3112566,105.1791566,
2252.6,105.8088,106.173,106.021,,,2252.6,105.7787611,106.1429611,105.9909611,
2253.5499,106.5444,106.6531,106.6194,,,2253.5499,106.5143656,106.6230656,106.5893656,
2254.45,106.743,106.8206,106.7828,,,2254.45,106.7129699,106.7905699,106.7527699,
2255.35,106.9191,107.0226,106.9751,,,2255.35,106.8890742,106.9925742,106.9450742,
2256.2501,107.153,107.272,107.2188,,,2256.2501,107.1229784,107.2419784,107.1887784,
2257.2,107.4291,107.4795,107.4508,,,2257.2,107.3990829,107.4494829,107.4207829,
2258.15,107.1863,107.2754,107.2418,,,2258.15,107.1562874,107.2453874,107.2117874,
2259.0499,106.9926,107.0617,107.0376,,,2259.0499,106.9625917,107.0316917,107.0075917,
2259.95,106.8315,106.8853,106.867,,,2259.95,106.801496,106.855296,106.836996,
2260.85,106.6855,106.7416,106.7214,,,2260.85,106.6555002,106.7116002,106.6914002,
2261.7999,105.6848,106.2498,105.9537,,,2261.7999,105.6548047,106.2198047,105.9237047,
2262.7999,105.2212,105.2472,105.2373,,,2262.7999,105.1912095,105.2172095,105.2073095,
2263.7501,105.1741,105.195,105.1855,,,2263.7501,105.144114,105.165014,105.155514,
2264.7,105.1583,105.1743,105.1677,,,2264.7,105.1283185,105.1443185,105.1377185,
2265.7,105.1247,105.1454,105.1374,,,2265.7,105.0947232,105.1154232,105.1074232,
2266.7,105.1003,105.1184,105.1107,,,2266.7,105.070328,105.088428,105.080728,
2267.65,105.0739,105.0914,105.084,,,2267.65,105.0439325,105.0614325,105.0540325,
2268.6,105.059,105.0753,105.0681,,,2268.6,105.029037,105.045337,105.038137,
2269.6,105.0397,105.0582,105.0492,,,2269.6,105.0097417,105.0282417,105.0192417,
2270.5499,105.0249,105.0414,105.0337,,,2270.5499,104.9949462,105.0114462,105.0037462,
2271.5001,105.0129,105.0268,105.0204,,,2271.5001,104.9829507,104.9968507,104.9904507,
2272.5001,105.0037,105.016,105.0108,,,2272.5001,104.9737554,104.9860554,104.9808554,
2273.45,104.9957,105.0097,105.004,,,2273.45,104.9657599,104.9797599,104.9740599,
2274.4,104.9882,105.0014,104.9961,,,2274.4,104.9582644,104.9714644,104.9661644,
2275.35,104.9869,104.9988,104.994,,,2275.35,104.9569689,104.9688689,104.9640689,
2276.2999,104.982,104.9948,104.9899,,,2276.2999,104.9520734,104.9648734,104.9599734,
2277.2999,104.9793,104.992,104.9854,,,2277.2999,104.9493782,104.9620782,104.9554782,
2278.2501,104.9573,104.9767,104.9693,,,2278.2501,104.9273827,104.9467827,104.9393827,
2279.2,104.9357,104.9517,104.9455,,,2279.2,104.9057872,104.9217872,104.9155872,
2280.2,104.9135,104.9245,104.9198,,,2280.2,104.8835919,104.8945919,104.8898919,
2281.2,104.8959,104.9092,104.9037,,,2281.2,104.8659967,104.8792967,104.8737967,
2282.15,104.8895,104.8994,104.8941,,,2282.15,104.8596012,104.8695012,104.8642012,
2283.1,104.8861,104.8971,104.8919,,,2283.1,104.8562057,104.8672057,104.8620057,
2284.1,104.8789,104.8904,104.8851,,,2284.1,104.8490104,104.8605104,104.8552104,
2285.0499,104.8736,104.8828,104.8783,,,2285.0499,104.8437149,104.8529149,104.8484149,
2286.0001,104.8622,104.8743,104.8682,,,2286.0001,104.8323194,104.8444194,104.8383194,
2286.95,104.8552,104.8664,104.8613,,,2286.95,104.8253239,104.8365239,104.8314239,
2287.9,104.8263,104.8462,104.8384,,,2287.9,104.7964284,104.8163284,104.8085284,
2288.9,104.8224,104.8324,104.8278,,,2288.9,104.7925332,104.8025332,104.7979332,
2289.9,104.8192,104.8305,104.8255,,,2289.9,104.7893379,104.8006379,104.7956379,
2290.85,104.8161,104.8273,104.8215,,,2290.85,104.7862424,104.7974424,104.7916424,
2291.7999,104.8164,104.8266,104.8209,,,2291.7999,104.7865469,104.7967469,104.7910469,
2292.7501,104.8159,104.8261,104.8211,,,2292.7501,104.7860514,104.7962514,104.7912514,
2293.7,104.8083,104.8212,104.8159,,,2293.7,104.7784559,104.7913559,104.7860559,
2294.7,104.7954,104.8082,104.8013,,,2294.7,104.7655606,104.7783606,104.7714606,
2295.7,104.7917,104.8095,104.8019,,,2295.7,104.7618654,104.7796654,104.7720654,
2296.65,104.8043,104.8129,104.809,,,2296.65,104.7744699,104.7830699,104.7791699,
2297.6,104.8009,104.8102,104.8064,,,2297.6,104.7710744,104.7803744,104.7765744,
2298.5499,104.8009,104.8116,104.8071,,,2298.5499,104.7710789,104.7817789,104.7772789,
2299.5001,104.7968,104.8079,104.8021,,,2299.5001,104.7669834,104.7780834,104.7722834,
2300.45,104.7907,104.8034,104.7983,,,2300.45,104.7608879,104.7735879,104.7684879,
2301.4,104.8046,104.8144,104.8102,,,2301.4,104.7747924,104.7845924,104.7803924,
2302.4,104.8061,104.8145,104.8108,,,2302.4,104.7762971,104.7846971,104.7809971,
2303.4,104.8007,104.8103,104.8068,,,2303.4,104.7709019,104.7805019,104.7770019,
2304.35,104.8055,104.8124,104.8095,,,2304.35,104.7757064,104.7826064,104.7797064,
2305.2999,104.8089,104.8202,104.815,,,2305.2999,104.7791109,104.7904109,104.7852109,
2306.2501,104.8161,104.8234,104.8204,,,2306.2501,104.7863154,104.7936154,104.7906154,
2307.2,104.8187,104.8284,104.8242,,,2307.2,104.7889199,104.7986199,104.7944199,
2308.2,104.8302,104.8368,104.8338,,,2308.2,104.8004246,104.8070246,104.8040246,
2309.15,104.845,104.8512,104.8484,,,2309.15,104.8152291,104.8214291,104.8186291,
2310.1,104.8629,104.868,104.8657,,,2310.1,104.8331336,104.8382336,104.8359336,
2311.1,104.8596,104.8672,104.8636,,,2311.1,104.8298383,104.8374383,104.8338383,
2312.1,104.8551,104.8617,104.8585,,,2312.1,104.8253431,104.8319431,104.8287431,
2313.1,104.8555,104.863,104.8598,,,2313.1,104.8257478,104.8332478,104.8300478,
2314.0499,104.8519,104.8591,104.8562,,,2314.0499,104.8221523,104.8293523,104.8264523,
2315.0001,104.8551,104.8648,104.8601,,,2315.0001,104.8253568,104.8350568,104.8303568,
2316.0001,104.8558,104.8664,104.8617,,,2316.0001,104.8260616,104.8366616,104.8319616,
2316.95,104.8575,104.8664,104.8626,,,2316.95,104.8277661,104.8366661,104.8328661,
2317.9,104.8576,104.87,104.8638,,,2317.9,104.8278706,104.8402706,104.8340706,
2318.9,104.8532,104.8699,104.8638,,,2318.9,104.8234753,104.8401753,104.8340753,
2319.9,104.8746,104.8854,104.8805,,,2319.9,104.84488,104.85568,104.85078,
2320.85,104.8801,104.8928,104.8876,,,2320.85,104.8503845,104.8630845,104.8578845,
2321.7999,104.8817,104.8926,104.8876,,,2321.7999,104.851989,104.862889,104.857889,
2322.7999,104.8924,104.9056,104.8992,,,2322.7999,104.8626938,104.8758938,104.8694938,
2323.7501,104.9004,104.9091,104.9049,,,2323.7501,104.8706983,104.8793983,104.8751983,
2324.7,104.9049,104.9161,104.9115,,,2324.7,104.8752028,104.8864028,104.8818028,
2325.7,104.9147,104.9213,104.9179,,,2325.7,104.8850075,104.8916075,104.8882075,
2326.65,104.9103,104.9274,104.92,,,2326.65,104.880612,104.897712,104.890312,
2327.6,104.904,104.9158,104.9096,,,2327.6,104.8743165,104.8861165,104.8799165,
2328.6,104.8768,104.8863,104.882,,,2328.6,104.8471213,104.8566213,104.8523213,
2329.6,104.8654,104.8756,104.8713,,,2329.6,104.835726,104.845926,104.841626,
2330.5499,104.8408,104.8544,104.8482,,,2330.5499,104.8111305,104.8247305,104.8185305,
2331.5001,104.794,104.813,104.805,,,2331.5001,104.764335,104.783335,104.775335,
2332.5001,104.7357,104.7707,104.7538,,,2332.5001,104.7060398,104.7410398,104.7241398,
2333.45,104.6354,104.6847,104.6647,,,2333.45,104.6057443,104.6550443,104.6350443,
2334.4,104.4319,104.5156,104.4865,,,2334.4,104.4022488,104.4859488,104.4568488,
2335.4,104.163,104.2547,104.2232,,,2335.4,104.1333535,104.2250535,104.1935535,
2336.35,103.8452,103.9605,103.9234,,,2336.35,103.815558,103.930858,103.893758,
2337.2999,103.6539,103.6965,103.6836,,,2337.2999,103.6242625,103.6668625,103.6539625,
2338.2999,103.6518,103.6714,103.6591,,,2338.2999,103.6221672,103.6417672,103.6294672,
2339.2501,103.6607,103.6815,103.6716,,,2339.2501,103.6310717,103.6518717,103.6419717,
2340.2,103.6744,103.6913,103.6828,,,2340.2,103.6447762,103.6616762,103.6531762,
2341.2,103.6805,103.6961,103.6878,,,2341.2,103.650881,103.666481,103.658181,
2342.15,103.6844,103.6992,103.6906,,,2342.15,103.6547855,103.6695855,103.6609855,
2343.1,103.6807,103.6973,103.6894,,,2343.1,103.65109,103.66769,103.65979,
2344.1,103.6785,103.6964,103.6871,,,2344.1,103.6488947,103.6667947,103.6574947,
2345.1,103.6929,103.7078,103.7012,,,2345.1,103.6632995,103.6781995,103.6715995,
2346.0499,103.696,103.7081,103.7014,,,2346.0499,103.666404,103.678504,103.671804,
2347.0001,103.6979,103.7165,103.7064,,,2347.0001,103.6683085,103.6869085,103.6768085,
2347.95,103.7149,103.7313,103.7255,,,2347.95,103.685313,103.701713,103.695913,
2348.85,103.723,103.7379,103.7326,,,2348.85,103.6934172,103.7083172,103.7030172,
2349.7999,103.7293,103.7431,103.7391,,,2349.7999,103.6997217,103.7135217,103.7095217,
2350.7501,103.7372,103.75,103.7454,,,2350.7501,103.7076262,103.7204262,103.7158262,
2351.65,103.7431,103.7563,103.7517,,,2351.65,103.7135305,103.7267305,103.7221305,
2352.6,103.7499,103.7622,103.7579,,,2352.6,103.720335,103.732635,103.728335,
2353.5499,103.7563,103.7683,103.7638,,,2353.5499,103.7267395,103.7387395,103.7342395,
2354.45,103.7615,103.7743,103.7695,,,2354.45,103.7319438,103.7447438,103.7399438,
2355.35,103.7654,103.7793,103.7744,,,2355.35,103.735848,103.749748,103.744848,
2356.2999,103.7705,103.7841,103.7793,,,2356.2999,103.7409525,103.7545525,103.7497525,
2357.2501,103.7765,103.7892,103.7836,,,2357.2501,103.746957,103.759657,103.754057,
2358.15,103.7799,103.7938,103.7879,,,2358.15,103.7503613,103.7642613,103.7583613,
2359.1,103.784,103.7981,103.7919,,,2359.1,103.7544658,103.7685658,103.7623658,
2360.0499,103.7881,103.8021,103.7956,,,2360.0499,103.7585703,103.7725703,103.7660703,
2360.95,103.7903,103.8049,103.7983,,,2360.95,103.7607746,103.7753746,103.7687746,
2361.85,103.7932,103.8076,103.8007,,,2361.85,103.7636788,103.7780788,103.7711788,
2362.7999,103.7957,103.8104,103.8028,,,2362.7999,103.7661833,103.7808833,103.7732833,
2363.7501,103.798,103.8122,103.8046,,,2363.7501,103.7684878,103.7826878,103.7750878,
2364.65,103.7997,103.8139,103.8064,,,2364.65,103.7701921,103.7843921,103.7768921,
2365.6,103.8,103.8153,103.8075,,,2365.6,103.7704966,103.7857966,103.7779966,
2366.5499,103.8009,103.8157,103.8085,,,2366.5499,103.7714011,103.7862011,103.7790011,
2367.45,103.8009,103.8161,103.8089,,,2367.45,103.7714054,103.7866054,103.7794054,
2368.4,103.8022,103.8164,103.8095,,,2368.4,103.7727099,103.7869099,103.7800099,
2369.35,103.8016,103.8165,103.8099,,,2369.35,103.7721144,103.7870144,103.7804144,
2370.2501,103.8014,103.8161,103.8097,,,2370.2501,103.7719186,103.7866186,103.7802186,
2371.15,103.8,103.8157,103.8091,,,2371.15,103.7705229,103.7862229,103.7796229,
2372.1,103.7997,103.8153,103.8086,,,2372.1,103.7702274,103.7858274,103.7791274,
2373.0499,103.7982,103.8138,103.8074,,,2373.0499,103.7687319,103.7843319,103.7779319,
2373.95,103.7975,103.8126,103.8062,,,2373.95,103.7680362,103.7831362,103.7767362,
2374.9,103.7961,103.8137,103.8052,,,2374.9,103.7666407,103.7842407,103.7757407,
2375.85,103.7945,103.8126,103.8035,,,2375.85,103.7650452,103.7831452,103.7740452,
2376.7501,103.7927,103.8108,103.8016,,,2376.7501,103.7632494,103.7813494,103.7721494,
2377.7,103.7903,103.8099,103.7999,,,2377.7,103.7608539,103.7804539,103.7704539,
2378.65,103.7883,103.8091,103.7978,,,2378.65,103.7588584,103.7796584,103.7683584,
2379.5499,103.7865,103.8092,103.7958,,,2379.5499,103.7570627,103.7797627,103.7663627,
2380.5001,103.7836,103.8076,103.7938,,,2380.5001,103.7541672,103.7781672,103.7643672,
2381.45,103.7812,103.8065,103.7912,,,2381.45,103.7517717,103.7770717,103.7617717,
2382.35,103.777,103.8045,103.7879,,,2382.35,103.747576,103.775076,103.758476,
2383.2999,103.7715,103.7988,103.7829,,,2383.2999,103.7420805,103.7693805,103.7534805,
2384.2501,103.7633,103.7986,103.7795,,,2384.2501,103.733885,103.769185,103.750085,
2385.15,103.7666,103.8014,103.7801,,,2385.15,103.7371892,103.7719892,103.7506892,
2386.1,103.7617,103.792,103.7742,,,2386.1,103.7322937,103.7625937,103.7447937,
2387.0499,103.7594,103.7949,103.7731,,,2387.0499,103.7299982,103.7654982,103.7436982,
2388.0001,103.7566,103.7915,103.7703,,,2388.0001,103.7272027,103.7621027,103.7409027,
2388.95,103.7519,103.7876,103.7656,,,2388.95,103.7225072,103.7582072,103.7362072,
2389.9,103.7472,103.7832,103.7616,,,2389.9,103.7178117,103.7538117,103.7322117,
2390.85,103.7418,103.7816,103.7568,,,2390.85,103.7124162,103.7522162,103.7274162,
2391.7999,103.7386,103.7822,103.7542,,,2391.7999,103.7092207,103.7528207,103.7248207,
2392.7501,103.7421,103.7872,103.7589,,,2392.7501,103.7127252,103.7578252,103.7295252,
2393.7,103.7362,103.7786,103.7532,,,2393.7,103.7068297,103.7492297,103.7238297,
2394.65,103.7341,103.7803,103.753,,,2394.65,103.7047342,103.7509342,103.7236342,
2395.5499,103.7333,103.7817,103.7536,,,2395.5499,103.7039385,103.7523385,103.7242385,
2396.5001,103.7321,103.7825,103.7525,,,2396.5001,103.702743,103.753143,103.723143,
2397.45,103.7282,103.7813,103.7502,,,2397.45,103.6988475,103.7519475,103.7208475,
2398.35,103.7251,103.7803,103.7478,,,2398.35,103.6957518,103.7509518,103.7184518,
2399.2501,103.7227,103.7812,103.7459,,,2399.2501,103.693356,103.751856,103.716556,
2400.2,103.7199,103.7794,103.7441,,,2400.2,103.6905605,103.7500605,103.7147605,
2401.15,103.7164,103.7775,103.7419,,,2401.15,103.6870651,103.7481651,103.7125651,
2402.0499,103.7145,103.7773,103.7399,,,2402.0499,103.6851693,103.7479693,103.7105693,
2402.95,103.7116,103.7754,103.7378,,,2402.95,103.6822736,103.7460736,103.7084736,
2403.9,103.7095,103.775,103.7361,,,2403.9,103.6801781,103.7456781,103.7067781,
2404.85,103.7062,103.7747,103.7341,,,2404.85,103.6768826,103.7453826,103.7047826,
2405.7501,103.7053,103.7746,103.7326,,,2405.7501,103.6759868,103.7452868,103.7032868,
2406.65,103.7024,103.7735,103.7309,,,2406.65,103.6730911,103.7441911,103.7015911,
2407.5499,103.7011,103.7723,103.7295,,,2407.5499,103.6717954,103.7429954,103.7001954,
2408.5001,103.6983,103.7716,103.728,,,2408.5001,103.6689999,103.7422999,103.6986999,
2409.45,103.6973,103.7722,103.7266,,,2409.45,103.6680044,103.7429044,103.6973044,
2410.35,103.6952,103.7705,103.7254,,,2410.35,103.6659086,103.7412086,103.6961086,
2411.2501,103.6934,103.7707,103.7239,,,2411.2501,103.6641129,103.7414129,103.6946129,
2412.15,103.6913,103.7715,103.7225,,,2412.15,103.6620172,103.7422172,103.6932172,
2413.1,103.6906,103.7691,103.7217,,,2413.1,103.6613217,103.7398217,103.6924217,
2414.0499,103.6887,103.7705,103.7208,,,2414.0499,103.6594262,103.7412262,103.6915262,
2414.95,103.6879,103.7691,103.7198,,,2414.95,103.6586304,103.7398304,103.6905304,
2415.85,103.686,103.7697,103.7192,,,2415.85,103.6567347,103.7404347,103.6899347,
2416.7501,103.6844,103.7705,103.7184,,,2416.7501,103.655139,103.741239,103.689139,
2417.7,103.683,103.7692,103.7175,,,2417.7,103.6537435,103.7399435,103.6882435,
2418.65,103.6825,103.7701,103.7167,,,2418.65,103.653248,103.740848,103.687448,
2419.5499,103.6804,103.7684,103.7159,,,2419.5499,103.6511522,103.7391522,103.6866522,
2420.45,103.6797,103.7707,103.7153,,,2420.45,103.6504565,103.7414565,103.6860565,
2421.4,103.6801,103.7704,103.7147,,,2421.4,103.650861,103.741161,103.685461,
2422.35,103.6788,103.7688,103.7142,,,2422.35,103.6495655,103.7395655,103.6849655,
2423.2501,103.6781,103.7699,103.7138,,,2423.2501,103.6488698,103.7406698,103.6845698,
2424.15,103.677,103.7685,103.7134,,,2424.15,103.647774,103.739274,103.684174,
2425.0499,103.6764,103.7691,103.7127,,,2425.0499,103.6471783,103.7398783,103.6834783,
2426.0001,103.6757,103.7696,103.7121,,,2426.0001,103.6464828,103.7403828,103.6828828,
2426.95,103.6753,103.7684,103.7122,,,2426.95,103.6460873,103.7391873,103.6829873,
2427.85,103.675,103.7699,103.712,,,2427.85,103.6457916,103.7406916,103.6827916,
2428.7501,103.6745,103.7692,103.7119,,,2428.7501,103.6452958,103.7399958,103.6826958,
2429.65,103.6744,103.7708,103.7117,,,2429.65,103.6452001,103.7416001,103.6825001,
2430.6,103.6742,103.7688,103.7116,,,2430.6,103.6450046,103.7396046,103.6824046,
2431.5499,103.6738,103.7699,103.7115,,,2431.5499,103.6446091,103.7407091,103.6823091,
2432.45,103.6742,103.7688,103.7115,,,2432.45,103.6450134,103.7396134,103.6823134,
2433.35,103.6733,103.7707,103.7115,,,2433.35,103.6441176,103.7415176,103.6823176,
2434.2501,103.6734,103.7709,103.7117,,,2434.2501,103.6442219,103.7417219,103.6825219,
2435.2,103.6738,103.7704,103.7121,,,2435.2,103.6446264,103.7412264,103.6829264,
2436.15,103.6737,103.7711,103.7123,,,2436.15,103.6445309,103.7419309,103.6831309,
2437.0499,103.675,103.7695,103.7124,,,2437.0499,103.6458352,103.7403352,103.6832352,
2437.95,103.6744,103.7653,103.7122,,,2437.95,103.6452394,103.7361394,103.6830394,
2438.85,103.6752,103.77,103.7126,,,2438.85,103.6460437,103.7408437,103.6834437,
2439.7999,103.6765,103.7734,103.7142,,,2439.7999,103.6473482,103.7442482,103.6850482,
2440.7501,103.6762,103.7759,103.7149,,,2440.7501,103.6470527,103.7467527,103.6857527,
2441.65,103.6774,103.7769,103.7156,,,2441.65,103.648257,103.747757,103.686457,
2442.5499,103.6777,103.7766,103.716,,,2442.5499,103.6485612,103.7474612,103.6868612,
2443.5001,103.6785,103.7773,103.7166,,,2443.5001,103.6493657,103.7481657,103.6874657,
2444.45,103.68,103.7757,103.7174,,,2444.45,103.6508702,103.7465702,103.6882702,
2445.35,103.6803,103.7794,103.7182,,,2445.35,103.6511745,103.7502745,103.6890745,
2446.2501,103.6812,103.7801,103.719,,,2446.2501,103.6520788,103.7509788,103.6898788,
2447.15,103.6824,103.7799,103.72,,,2447.15,103.653283,103.750783,103.690883,
2448.0499,103.6836,103.7801,103.7209,,,2448.0499,103.6544873,103.7509873,103.6917873,
2448.95,103.684,103.781,103.7218,,,2448.95,103.6548916,103.7518916,103.6926916,
2449.9,103.6859,103.7802,103.7229,,,2449.9,103.6567961,103.7510961,103.6937961,
2450.85,103.6863,103.7826,103.7238,,,2450.85,103.6572006,103.7535006,103.6947006,
2451.7501,103.6874,103.7826,103.7247,,,2451.7501,103.6583048,103.7535048,103.6956048,
2452.65,103.6885,103.7845,103.7259,,,2452.65,103.6594091,103.7554091,103.6968091,
2453.5499,103.6901,103.7852,103.7271,,,2453.5499,103.6610133,103.7561133,103.6980133,
2454.45,103.6916,103.7856,103.7283,,,2454.45,103.6625176,103.7565176,103.6992176,
2455.4,103.6928,103.7867,103.7296,,,2455.4,103.6637221,103.7576221,103.7005221,
2456.35,103.694,103.7869,103.7308,,,2456.35,103.6649266,103.7578266,103.7017266,
2457.2501,103.6961,103.7876,103.732,,,2457.2501,103.6670309,103.7585309,103.7029309,
2458.15,103.6973,103.7889,103.7332,,,2458.15,103.6682351,103.7598351,103.7041351,
2459.0499,103.6993,103.7896,103.7347,,,2459.0499,103.6702394,103.7605394,103.7056394,
2460.0001,103.7007,103.7916,103.7363,,,2460.0001,103.6716439,103.7625439,103.7072439,
2460.95,103.7034,103.7927,103.738,,,2460.95,103.6743484,103.7636484,103.7089484,
2461.85,103.7054,103.7942,103.7398,,,2461.85,103.6763527,103.7651527,103.7107527,
2462.7501,103.7065,103.7957,103.7414,,,2462.7501,103.6774569,103.7666569,103.7123569,
2463.65,103.7087,103.7974,103.743,,,2463.65,103.6796612,103.7683612,103.7139612,
2464.5499,103.7104,103.7967,103.7448,,,2464.5499,103.6813655,103.7676655,103.7157655,
2465.45,103.7129,103.7986,103.7468,,,2465.45,103.6838697,103.7695697,103.7177697,
2466.4,103.7132,103.799,103.7468,,,2466.4,103.6841742,103.7699742,103.7177742,
2467.35,103.7141,103.7974,103.7472,,,2467.35,103.6850787,103.7683787,103.7181787,
2468.2501,103.713,103.7977,103.7469,,,2468.2501,103.683983,103.768683,103.717883,
2469.0001,103.7082,103.7919,103.7409,,,2469.0001,103.6791866,103.7628866,103.7118866,
2469.2999,103.7108,103.792,103.7442,,,2469.2999,103.681788,103.762988,103.715188,
2469.65,103.7282,103.8341,103.7756,,,2469.65,103.6991896,103.8050896,103.7465896,
2470.45,103.7314,103.811,103.7626,,,2470.45,103.7023934,103.7819934,103.7335934,
2471.35,103.7329,103.8131,103.7645,,,2471.35,103.7038977,103.7840977,103.7354977,
2472.2501,103.7366,103.8159,103.7672,,,2472.2501,103.707602,103.786902,103.738202,
2473.15,103.7379,103.8165,103.7688,,,2473.15,103.7089062,103.7875062,103.7398062,
2474.0499,103.7403,103.8157,103.7701,,,2474.0499,103.7113105,103.7867105,103.7411105,
2474.95,103.7413,103.8177,103.7715,,,2474.95,103.7123148,103.7887148,103.7425148,
2475.85,103.7446,103.8203,103.7747,,,2475.85,103.715619,103.791319,103.745719,
2476.7501,103.7465,103.82,103.776,,,2476.7501,103.7175233,103.7910233,103.7470233,
2477.65,103.7504,103.8245,103.7788,,,2477.65,103.7214275,103.7955275,103.7498275,
2478.5499,103.7507,103.8247,103.7798,,,2478.5499,103.7217318,103.7957318,103.7508318,
2479.45,103.7554,103.8283,103.7838,,,2479.45,103.7264361,103.7993361,103.7548361,
2480.4,103.7594,103.8283,103.787,,,2480.4,103.7304406,103.7993406,103.7580406,
2481.35,103.7609,103.8314,103.789,,,2481.35,103.7319451,103.8024451,103.7600451,
2482.2501,103.766,103.835,103.7932,,,2482.2501,103.7370493,103.8060493,103.7642493,
2483.15,103.7683,103.8348,103.7956,,,2483.15,103.7393536,103.8058536,103.7666536,
2484.0499,103.7727,103.8391,103.7983,,,2484.0499,103.7437579,103.8101579,103.7693579,
2484.95,103.7739,103.8382,103.7998,,,2484.95,103.7449621,103.8092621,103.7708621,
2485.85,103.7785,103.8415,103.8033,,,2485.85,103.7495664,103.8125664,103.7743664,
2486.7501,103.7803,103.8426,103.8056,,,2486.7501,103.7513707,103.8136707,103.7766707,
2487.65,103.7836,103.8439,103.8078,,,2487.65,103.7546749,103.8149749,103.7788749,
2488.5499,103.7877,103.8466,103.8109,,,2488.5499,103.7587792,103.8176792,103.7819792,
2489.45,103.7911,103.849,103.814,,,2489.45,103.7621835,103.8200835,103.7850835,
2490.35,103.7945,103.8501,103.8169,,,2490.35,103.7655877,103.8211877,103.7879877,
2491.2501,103.7973,103.8513,103.82,,,2491.2501,103.768392,103.822392,103.791092,
2492.15,103.8002,103.8537,103.8223,,,2492.15,103.7712963,103.8247963,103.7933963,
2493.0499,103.8033,103.8557,103.8241,,,2493.0499,103.7744005,103.8268005,103.7952005,
2493.95,103.8075,103.8593,103.8292,,,2493.95,103.7786048,103.8304048,103.8003048,
2494.85,103.8095,103.8659,103.833,,,2494.85,103.780609,103.837009,103.804109,
2495.7501,103.815,103.8658,103.8363,,,2495.7501,103.7861133,103.8369133,103.8074133,
2496.65,103.8193,103.8663,103.8387,,,2496.65,103.7904176,103.8374176,103.8098176,
2497.5499,103.8221,103.8686,103.8407,,,2497.5499,103.7932218,103.8397218,103.8118218,
2498.5001,103.827,103.8714,103.8456,,,2498.5001,103.7981263,103.8425263,103.8167263,
2499.45,103.8299,103.8735,103.8479,,,2499.45,103.8010308,103.8446308,103.8190308,
2500.35,103.8344,103.8773,103.8522,,,2500.35,103.8055351,103.8484351,103.8233351,
2501.2501,103.8381,103.8784,103.8551,,,2501.2501,103.8092394,103.8495394,103.8262394,
2502.15,103.842,103.881,103.8585,,,2502.15,103.8131436,103.8521436,103.8296436,
2503.0499,103.8467,103.8837,103.8616,,,2503.0499,103.8178479,103.8548479,103.8327479,
2503.95,103.8491,103.8867,103.865,,,2503.95,103.8202522,103.8578522,103.8361522,
2504.85,103.854,103.8885,103.8681,,,2504.85,103.8251564,103.8596564,103.8392564,
2505.7501,103.8569,103.8943,103.8732,,,2505.7501,103.8280607,103.8654607,103.8443607,
2506.65,103.8615,103.8944,103.8761,,,2506.65,103.832665,103.865565,103.847265,
2507.6,103.8649,103.8975,103.8783,,,2507.6,103.8360695,103.8686695,103.8494695,
2508.5499,103.8681,103.8998,103.8813,,,2508.5499,103.839274,103.870974,103.852474,
2509.45,103.8724,103.9041,103.886,,,2509.45,103.8435782,103.8752782,103.8571782,
2510.35,103.8752,103.9068,103.8895,,,2510.35,103.8463825,103.8779825,103.8606825,
2511.2501,103.8795,103.9093,103.8927,,,2511.2501,103.8506868,103.8804868,103.8638868,
2512.15,103.8834,103.9127,103.896,,,2512.15,103.854591,103.883891,103.867191,
2513.0499,103.8867,103.9146,103.8997,,,2513.0499,103.8578953,103.8857953,103.8708953,
2513.95,103.8908,103.9181,103.9031,,,2513.95,103.8619996,103.8892996,103.8742996,
2514.85,103.8945,103.921,103.9063,,,2514.85,103.8657038,103.8922038,103.8775038,
2515.7501,103.8987,103.9234,103.9097,,,2515.7501,103.8699081,103.8946081,103.8809081,
2516.65,103.9005,103.9254,103.9125,,,2516.65,103.8717123,103.8966123,103.8837123,
2517.5499,103.9039,103.9281,103.9151,,,2517.5499,103.8751166,103.8993166,103.8863166,
2518.5001,103.9078,103.9315,103.9186,,,2518.5001,103.8790211,103.9027211,103.8898211,
2519.45,103.9113,103.9344,103.9218,,,2519.45,103.8825256,103.9056256,103.8930256,
2520.35,103.9143,103.9359,103.9248,,,2520.35,103.8855299,103.9071299,103.8960299,
2521.2501,103.9175,103.9386,103.9277,,,2521.2501,103.8887341,103.9098341,103.8989341,
2522.15,103.9211,103.9425,103.9308,,,2522.15,103.8923384,103.9137384,103.9020384,
2523.0499,103.9233,103.9433,103.9327,,,2523.0499,103.8945427,103.9145427,103.9039427,
2523.95,103.9258,103.946,103.9354,,,2523.95,103.8970469,103.9172469,103.9066469,
2524.85,103.9279,103.9476,103.9377,,,2524.85,103.8991512,103.9188512,103.9089512,
2525.7501,103.9305,103.9496,103.9403,,,2525.7501,103.9017555,103.9208555,103.9115555,
2526.65,103.9331,103.9519,103.9429,,,2526.65,103.9043597,103.9231597,103.9141597,
2527.5499,103.9361,103.9532,103.9446,,,2527.5499,103.907364,103.924464,103.915864,
2528.45,103.9393,103.9551,103.9473,,,2528.45,103.9105683,103.9263683,103.9185683,
2529.35,103.9413,103.9559,103.9489,,,2529.35,103.9125725,103.9271725,103.9201725,
2530.2999,103.9436,103.9573,103.9508,,,2530.2999,103.914877,103.928577,103.922077,
2531.2501,103.9467,103.9581,103.9522,,,2531.2501,103.9179815,103.9293815,103.9234815,
2532.15,103.948,103.959,103.9536,,,2532.15,103.9192858,103.9302858,103.9248858,
2533.0499,103.9498,103.9586,103.954,,,2533.0499,103.9210901,103.9298901,103.9252901,
2533.95,103.9504,103.9582,103.9535,,,2533.95,103.9216943,103.9294943,103.9247943,
2534.85,103.9511,103.959,103.9542,,,2534.85,103.9223986,103.9302986,103.9254986,
2535.7501,103.9528,103.961,103.9568,,,2535.7501,103.9241029,103.9323029,103.9281029,
2536.65,103.9532,103.962,103.9575,,,2536.65,103.9245071,103.9333071,103.9288071,
2537.5499,103.952,103.9614,103.9563,,,2537.5499,103.9233114,103.9327114,103.9276114,
2538.45,103.952,103.9622,103.9569,,,2538.45,103.9233156,103.9335156,103.9282156,
2539.35,103.9502,103.9628,103.9561,,,2539.35,103.9215199,103.9341199,103.9274199,
2540.2501,103.9496,103.9636,103.9559,,,2540.2501,103.9209242,103.9349242,103.9272242,
2541.15,103.9488,103.9643,103.9556,,,2541.15,103.9201284,103.9356284,103.9269284,
2542.0499,103.9481,103.9645,103.955,,,2542.0499,103.9194327,103.9358327,103.9263327,
2542.95,103.9484,103.9664,103.9559,,,2542.95,103.919737,103.937737,103.927237,
2543.85,103.9468,103.9672,103.955,,,2543.85,103.9181412,103.9385412,103.9263412,
2544.7501,103.9464,103.9667,103.9544,,,2544.7501,103.9177455,103.9380455,103.9257455,
2545.65,103.9469,103.9686,103.9556,,,2545.65,103.9182498,103.9399498,103.9269498,
2546.5499,103.9449,103.9691,103.9546,,,2546.5499,103.916254,103.940454,103.925954,
2547.45,103.9433,103.9688,103.9535,,,2547.45,103.9146583,103.9401583,103.9248583,
2548.35,103.9409,103.9694,103.9523,,,2548.35,103.9122626,103.9407626,103.9236626,
2549.2501,103.9404,103.9679,103.9517,,,2549.2501,103.9117668,103.9392668,103.9230668,
2550.15,103.9389,103.9694,103.9513,,,2550.15,103.9102711,103.9407711,103.9226711,
2551.0499,103.9382,103.9699,103.9511,,,2551.0499,103.9095754,103.9412754,103.9224754,
2551.95,103.9359,103.97,103.9496,,,2551.95,103.9072796,103.9413796,103.9209796,
2552.85,103.9355,103.9707,103.9495,,,2552.85,103.9068839,103.9420839,103.9208839,
2553.7501,103.9328,103.9703,103.9479,,,2553.7501,103.9041881,103.9416881,103.9192881,
2554.65,103.9309,103.9691,103.9468,,,2554.65,103.9022924,103.9404924,103.9181924,
2555.5499,103.9299,103.9696,103.9461,,,2555.5499,103.9012967,103.9409967,103.9174967,
2556.5001,103.9297,103.9715,103.946,,,2556.5001,103.9011012,103.9429012,103.9174012,
2557.4,103.9272,103.9718,103.9442,,,2557.4,103.8986054,103.9432054,103.9156054,
2558.2999,103.9257,103.9713,103.9436,,,2558.2999,103.8971097,103.9427097,103.9150097,
2559.1998,103.9256,103.9708,103.9434,,,2559.1998,103.897014,103.942214,103.914814,
2560.0499,103.9244,103.9704,103.9424,,,2560.0499,103.895818,103.941818,103.913818,
2560.95,103.924,103.9715,103.9418,,,2560.95,103.8954223,103.9429223,103.9132223,
2561.9,103.9222,103.9692,103.9411,,,2561.9,103.8936268,103.9406268,103.9125268,
2562.85,103.919,103.9696,103.9391,,,2562.85,103.8904313,103.9410313,103.9105313,
2563.6998,103.9171,103.97,103.9379,,,2563.6998,103.8885353,103.9414353,103.9093353,
2564.6,103.9164,103.9674,103.9365,,,2564.6,103.8878396,103.9388396,103.9079396,
2565.5001,103.9164,103.9675,103.9363,,,2565.5001,103.8878438,103.9389438,103.9077438,
2566.4,103.915,103.9661,103.9355,,,2566.4,103.8864481,103.9375481,103.9069481,
2567.35,103.9155,103.9672,103.936,,,2567.35,103.8869526,103.9386526,103.9074526,
2568.2501,103.9144,103.9672,103.9347,,,2568.2501,103.8858569,103.9386569,103.9061569,
2569.15,103.9147,103.9664,103.934,,,2569.15,103.8861611,103.9378611,103.9054611,
2570.0499,103.9148,103.9648,103.9341,,,2570.0499,103.8862654,103.9362654,103.9055654,
2570.95,103.9163,103.9667,103.9351,,,2570.95,103.8877696,103.9381696,103.9065696,
2571.85,103.9162,103.9659,103.9346,,,2571.85,103.8876739,103.9373739,103.9060739,
2572.7501,103.917,103.9671,103.935,,,2572.7501,103.8884782,103.9385782,103.9064782,
2573.65,103.9178,103.9659,103.9355,,,2573.65,103.8892824,103.9373824,103.9069824,
2574.5499,103.9181,103.9664,103.9352,,,2574.5499,103.8895867,103.9378867,103.9066867,
2575.45,103.9189,103.9645,103.9353,,,2575.45,103.890391,103.935991,103.906791,
2576.35,103.9194,103.9665,103.9357,,,2576.35,103.8908952,103.9379952,103.9071952,
2577.2501,103.9202,103.9651,103.9356,,,2577.2501,103.8916995,103.9365995,103.9070995,
2578.15,103.9206,103.9648,103.9366,,,2578.15,103.8921038,103.9363038,103.9081038,
2579.0499,103.9225,103.9645,103.9375,,,2579.0499,103.894008,103.936008,103.909008,
2579.95,103.9232,103.9659,103.9375,,,2579.95,103.8947123,103.9374123,103.9090123,
2580.85,103.9248,103.9671,103.9392,,,2580.85,103.8963166,103.9386166,103.9107166,
2581.7501,103.9265,103.9663,103.9401,,,2581.7501,103.8980208,103.9378208,103.9116208,
2582.65,103.927,103.966,103.9402,,,2582.65,103.8985251,103.9375251,103.9117251,
2583.5499,103.9275,103.9651,103.9405,,,2583.5499,103.8990294,103.9366294,103.9120294,
2584.45,103.9307,103.9659,103.9424,,,2584.45,103.9022336,103.9374336,103.9139336,
2585.35,103.9323,103.9667,103.9439,,,2585.35,103.9038379,103.9382379,103.9154379,
2586.2501,103.9332,103.9674,103.9446,,,2586.2501,103.9047421,103.9389421,103.9161421,
2587.15,103.9351,103.9683,103.9461,,,2587.15,103.9066464,103.9398464,103.9176464,
2588.0499,103.9369,103.9698,103.9481,,,2588.0499,103.9084507,103.9413507,103.9196507,
2588.95,103.9393,103.9687,103.9497,,,2588.95,103.9108549,103.9402549,103.9212549,
2589.85,103.9417,103.9699,103.9508,,,2589.85,103.9132592,103.9414592,103.9223592,
2590.7501,103.9433,103.971,103.9525,,,2590.7501,103.9148635,103.9425635,103.9240635,
2591.65,103.9442,103.9707,103.953,,,2591.65,103.9157677,103.9422677,103.9245677,
2592.5499,103.9459,103.9719,103.955,,,2592.5499,103.917472,103.943472,103.926572,
2593.45,103.9479,103.9719,103.9556,,,2593.45,103.9194763,103.9434763,103.9271763,
2594.35,103.9502,103.9739,103.9578,,,2594.35,103.9217805,103.9454805,103.9293805,
2595.2501,103.9522,103.9755,103.96,,,2595.2501,103.9237848,103.9470848,103.9315848,
2596.15,103.9546,103.9757,103.9622,,,2596.15,103.9261891,103.9472891,103.9337891,
2597.0499,103.9569,103.9766,103.9639,,,2597.0499,103.9284933,103.9481933,103.9354933,
2597.95,103.9586,103.9774,103.9651,,,2597.95,103.9301976,103.9489976,103.9366976,
2598.85,103.9608,103.9778,103.9662,,,2598.85,103.9324019,103.9494019,103.9378019,
2599.7501,103.9629,103.9802,103.9683,,,2599.7501,103.9345061,103.9518061,103.9399061,
2600.65,103.9647,103.9812,103.9703,,,2600.65,103.9363104,103.9528104,103.9419104,
2601.5499,103.9663,103.9802,103.9713,,,2601.5499,103.9379146,103.9518146,103.9429146,
2602.45,103.9684,103.9824,103.9735,,,2602.45,103.9400189,103.9540189,103.9451189,
2603.35,103.9703,103.9836,103.9752,,,2603.35,103.9419232,103.9552232,103.9468232,
2604.2501,103.9723,103.9867,103.9783,,,2604.2501,103.9439274,103.9583274,103.9499274,
2605.15,103.9737,103.9871,103.9796,,,2605.15,103.9453317,103.9587317,103.9512317,
2606.0499,103.975,103.9884,103.9807,,,2606.0499,103.946636,103.960036,103.952336,
2606.95,103.9765,103.9897,103.9828,,,2606.95,103.9481402,103.9613402,103.9544402,
2607.85,103.9778,103.9917,103.9845,,,2607.85,103.9494445,103.9633445,103.9561445,
2608.7501,103.9778,103.9941,103.9859,,,2608.7501,103.9494488,103.9657488,103.9575488,
2609.65,103.9797,103.9952,103.9881,,,2609.65,103.951353,103.966853,103.959753,
2610.5499,103.9797,103.9973,103.9895,,,2610.5499,103.9513573,103.9689573,103.9611573,
2611.45,103.9824,103.9996,103.9922,,,2611.45,103.9540616,103.9712616,103.9638616,
2612.4,103.982,104.0028,103.9937,,,2612.4,103.9536661,103.9744661,103.9653661,
2613.35,103.9841,104.0059,103.997,,,2613.35,103.9557706,103.9775706,103.9686706,
2614.2501,103.9843,104.0067,103.9969,,,2614.2501,103.9559748,103.9783748,103.9685748,
2615.15,103.9828,104.0085,103.9966,,,2615.15,103.9544791,103.9801791,103.9682791,
2616.0499,103.984,104.0116,103.9987,,,2616.0499,103.9556834,103.9832834,103.9703834,
2616.95,103.9858,104.0146,104.0011,,,2616.95,103.9574876,103.9862876,103.9727876,
2617.85,103.985,104.0168,104.0016,,,2617.85,103.9566919,103.9884919,103.9732919,
2618.7501,103.9862,104.0192,104.0033,,,2618.7501,103.9578962,103.9908962,103.9749962,
2619.65,103.9871,104.0211,104.0044,,,2619.65,103.9588004,103.9928004,103.9761004,
2620.5499,103.9864,104.024,104.0055,,,2620.5499,103.9581047,103.9957047,103.9772047,
2621.45,103.9876,104.0259,104.0063,,,2621.45,103.9593089,103.9976089,103.9780089,
2622.35,103.986,104.0271,104.0058,,,2622.35,103.9577132,103.9988132,103.9775132,
2623.2501,103.9874,104.0296,104.0074,,,2623.2501,103.9591175,104.0013175,103.9791175,
2624.15,103.9872,104.0314,104.0076,,,2624.15,103.9589217,104.0031217,103.9793217,
2625.0499,103.9874,104.0328,104.008,,,2625.0499,103.959126,104.004526,103.979726,
2625.95,103.9871,104.0324,104.0079,,,2625.95,103.9588303,104.0041303,103.9796303,
2626.9,103.9864,104.033,104.0074,,,2626.9,103.9581348,104.0047348,103.9791348,
2627.85,103.9871,104.0351,104.0081,,,2627.85,103.9588393,104.0068393,103.9798393,
2628.7501,103.986,104.0336,104.0072,,,2628.7501,103.9577435,104.0053435,103.9789435,
2629.65,103.9863,104.0332,104.007,,,2629.65,103.9580478,104.0049478,103.9787478,
2630.5499,103.9854,104.0333,104.0064,,,2630.5499,103.9571521,104.0050521,103.9781521,
2631.45,103.9851,104.0329,104.0057,,,2631.45,103.9568563,104.0046563,103.9774563,
2632.35,103.9844,104.0329,104.0058,,,2632.35,103.9561606,104.0046606,103.9775606,
2633.2501,103.9836,104.0326,104.005,,,2633.2501,103.9553649,104.0043649,103.9767649,
2634.15,103.984,104.0313,104.0046,,,2634.15,103.9557691,104.0030691,103.9763691,
2635.0499,103.9819,104.0294,104.0029,,,2635.0499,103.9536734,104.0011734,103.9746734,
2635.95,103.9817,104.0287,104.0027,,,2635.95,103.9534777,104.0004777,103.9744777,
2636.85,103.9797,104.0259,104.0004,,,2636.85,103.9514819,103.9976819,103.9721819,
2637.7501,103.9794,104.0258,104,,,2637.7501,103.9511862,103.9975862,103.9717862,
2638.65,103.9792,104.025,103.9996,,,2638.65,103.9509904,103.9967904,103.9713904,
2639.5499,103.9778,104.0231,103.9977,,,2639.5499,103.9495947,103.9948947,103.9694947,
2640.45,103.9773,104.0215,103.9967,,,2640.45,103.949099,103.993299,103.968499,
2641.35,103.9773,104.0206,103.996,,,2641.35,103.9491032,103.9924032,103.9678032,
2642.2501,103.9757,104.0189,103.9945,,,2642.2501,103.9475075,103.9907075,103.9663075,
2643.15,103.9754,104.0187,103.9939,,,2643.15,103.9472118,103.9905118,103.9657118,
2644.0499,103.9731,104.015,103.9913,,,2644.0499,103.944916,103.986816,103.963116,
2645.0001,103.9723,104.015,103.9901,,,2645.0001,103.9441205,103.9868205,103.9619205,
2645.95,103.9704,104.0125,103.9885,,,2645.95,103.942225,103.984325,103.960325,
2646.85,103.9692,104.0111,103.9868,,,2646.85,103.9410293,103.9829293,103.9586293,
2647.6998,103.9687,104.0083,103.9857,,,2647.6998,103.9405333,103.9801333,103.9575333,
2648.6,103.9674,104.0075,103.984,,,2648.6,103.9392376,103.9793376,103.9558376,
2649.5001,103.9649,104.0067,103.982,,,2649.5001,103.9367419,103.9785419,103.9538419,
2650.4,103.9633,104.0206,103.9899,,,2650.4,103.9351461,103.9924461,103.9617461,
2651.35,103.9627,104.0101,103.9822,,,2651.35,103.9345506,103.9819506,103.9540506,
2652.2501,103.9593,104.0074,103.9815,,,2652.2501,103.9311549,103.9792549,103.9533549,
2653.15,103.9585,104.0114,103.978,,,2653.15,103.9303592,103.9832592,103.9498592,
2654.0499,103.9566,104.0101,103.9803,,,2654.0499,103.9284634,103.9819634,103.9521634,
2654.95,103.9563,104.0013,103.9762,,,2654.95,103.9281677,103.9731677,103.9480677,
2655.85,103.9547,103.9988,103.974,,,2655.85,103.9265719,103.9706719,103.9458719,
2656.7501,103.9535,103.9985,103.9713,,,2656.7501,103.9253762,103.9703762,103.9431762,
2657.65,103.95,104.0034,103.9717,,,2657.65,103.9218805,103.9752805,103.9435805,
2658.5499,103.9492,104.0064,103.9749,,,2658.5499,103.9210847,103.9782847,103.9467847,
2659.45,103.9475,103.9968,103.9685,,,2659.45,103.919389,103.968689,103.940389,
2660.35,103.9477,103.9981,103.9697,,,2660.35,103.9195933,103.9699933,103.9415933,
2661.2501,103.9449,103.9962,103.966,,,2661.2501,103.9167975,103.9680975,103.9378975,
2662.15,103.9442,104.0016,103.9699,,,2662.15,103.9161018,103.9735018,103.9418018,
2663.0499,103.9413,104.007,103.9693,,,2663.0499,103.9132061,103.9789061,103.9412061,
2663.95,103.9412,103.9956,103.9629,,,2663.95,103.9131103,103.9675103,103.9348103,
2664.85,103.9398,104.0008,103.9659,,,2664.85,103.9117146,103.9727146,103.9378146,
2665.7501,103.9399,104.0423,103.9863,,,2665.7501,103.9118189,104.0142189,103.9582189,
2666.65,103.9373,104.0032,103.9628,,,2666.65,103.9092231,103.9751231,103.9347231,
2667.5499,103.9362,104.009,103.9657,,,2667.5499,103.9081274,103.9809274,103.9376274,
2668.45,103.937,104.0684,103.9965,,,2668.45,103.9089317,104.0403317,103.9684317,
2669.4,103.9322,104.0047,103.9622,,,2669.4,103.9041362,103.9766362,103.9341362,
2670.2999,103.934,104.0729,103.9963,,,2670.2999,103.9059404,104.0448404,103.9682404,
2671.2,103.933,104.0583,103.9873,,,2671.2,103.9049447,104.0302447,103.9592447,
2672.1002,103.9327,104.0133,103.9607,,,2672.1002,103.904649,103.985249,103.932649,
2673.0001,103.9332,104.013,103.9641,,,2673.0001,103.9051532,103.9849532,103.9360532,
2673.9,103.9292,103.9961,103.9577,,,2673.9,103.9011575,103.9680575,103.9296575,
2674.7501,103.9301,104.0034,103.9588,,,2674.7501,103.9020615,103.9753615,103.9307615,
2675.7,103.9293,104.0034,103.9622,,,2675.7,103.901266,103.975366,103.934166,
2676.65,103.9285,103.9948,103.9546,,,2676.65,103.9004705,103.9667705,103.9265705,
2677.5499,103.9297,103.995,103.9558,,,2677.5499,103.9016748,103.9669748,103.9277748,
2678.45,103.9262,104.0154,103.9671,,,2678.45,103.898179,103.987379,103.939079,
2679.35,103.9279,104.0134,103.9657,,,2679.35,103.8998833,103.9853833,103.9376833,
2680.2501,103.9287,104.0025,103.9585,,,2680.2501,103.9006876,103.9744876,103.9304876,
2681.15,103.9296,104.0055,103.9582,,,2681.15,103.9015918,103.9774918,103.9301918,
2682.0499,103.9285,103.991,103.9528,,,2682.0499,103.9004961,103.9629961,103.9247961,
2682.95,103.9299,104.0032,103.9598,,,2682.95,103.9019004,103.9752004,103.9318004,
2683.85,103.9288,103.9931,103.9548,,,2683.85,103.9008046,103.9651046,103.9268046,
2684.7501,103.9289,103.9969,103.9563,,,2684.7501,103.9009089,103.9689089,103.9283089,
2685.65,103.9267,104.0015,103.9588,,,2685.65,103.8987132,103.9735132,103.9308132,
2686.5499,103.9288,103.9921,103.954,,,2686.5499,103.9008174,103.9641174,103.9260174,
2687.45,103.9297,104.0154,103.9702,,,2687.45,103.9017217,103.9874217,103.9422217,
2688.35,103.9285,103.9942,103.9547,,,2688.35,103.900526,103.966226,103.926726,
2689.2501,103.9285,104.0062,103.9637,,,2689.2501,103.9005302,103.9782302,103.9357302,
2690.15,103.9307,103.9976,103.9581,,,2690.15,103.9027345,103.9696345,103.9301345,
2691.0499,103.9308,103.9997,103.9589,,,2691.0499,103.9028387,103.9717387,103.9309387,
2691.95,103.9304,104.0094,103.9608,,,2691.95,103.902443,103.981443,103.932843,
2692.85,103.9299,103.996,103.956,,,2692.85,103.9019473,103.9680473,103.9280473,
2693.7501,103.9308,104.0122,103.9638,,,2693.7501,103.9028515,103.9842515,103.9358515,
2694.65,103.9327,104.0048,103.9615,,,2694.65,103.9047558,103.9768558,103.9335558,
2695.5499,103.9328,104.0001,103.9579,,,2695.5499,103.9048601,103.9721601,103.9299601,
2696.45,103.9342,104.0113,103.9659,,,2696.45,103.9062643,103.9833643,103.9379643,
2697.35,103.9351,103.9978,103.961,,,2697.35,103.9071686,103.9698686,103.9330686,
2698.2501,103.9342,104,103.9598,,,2698.2501,103.9062729,103.9720729,103.9318729,
2699.15,103.934,103.9996,103.9611,,,2699.15,103.9060771,103.9716771,103.9331771,
2700.0499,103.9358,104.0007,103.9617,,,2700.0499,103.9078814,103.9727814,103.9337814,
2700.95,103.9377,104.0116,103.9672,,,2700.95,103.9097857,103.9836857,103.9392857,
2701.85,103.9391,104.0282,103.9755,,,2701.85,103.9111899,104.0002899,103.9475899,
2702.7501,103.9409,104.0664,103.9958,,,2702.7501,103.9129942,104.0384942,103.9678942,
2703.65,103.9399,104.012,103.9692,,,2703.65,103.9119985,103.9840985,103.9412985,
2704.5499,103.9429,104.0073,103.9678,,,2704.5499,103.9150027,103.9794027,103.9399027,
2705.45,103.9438,104.0105,103.9719,,,2705.45,103.915907,103.982607,103.944007,
2706.35,103.9452,104.0082,103.97,,,2706.35,103.9173112,103.9803112,103.9421112,
2707.2501,103.9463,104.0081,103.9713,,,2707.2501,103.9184155,103.9802155,103.9434155,
2708.15,103.9483,104.0067,103.9719,,,2708.15,103.9204198,103.9788198,103.9440198,
2709.1,103.9473,104.0153,103.9758,,,2709.1,103.9194243,103.9874243,103.9479243,
2710.0001,103.9514,104.0126,103.9753,,,2710.0001,103.9235285,103.9847285,103.9474285,
2710.9,103.9539,104.0175,103.9798,,,2710.9,103.9260328,103.9896328,103.9519328,
2711.85,103.9555,104.0169,103.9809,,,2711.85,103.9276373,103.9890373,103.9530373,
2712.7501,103.9566,104.0169,103.9804,,,2712.7501,103.9287416,103.9890416,103.9525416,
2713.65,103.9588,104.0173,103.9824,,,2713.65,103.9309458,103.9894458,103.9545458,
2714.5499,103.96,104.0181,103.9836,,,2714.5499,103.9321501,103.9902501,103.9557501,
2715.45,103.9622,104.0214,103.9861,,,2715.45,103.9343544,103.9935544,103.9582544,
2716.35,103.9636,104.0214,103.9863,,,2716.35,103.9357586,103.9935586,103.9584586,
2717.2501,103.9632,104.0286,103.9912,,,2717.2501,103.9353629,104.0007629,103.9633629,
2718.15,103.9668,104.0234,103.9895,,,2718.15,103.9389672,103.9955672,103.9616672,
2719.0499,103.9698,104.0298,103.9958,,,2719.0499,103.9419714,104.0019714,103.9679714,
2719.95,103.9725,104.0292,103.9941,,,2719.95,103.9446757,104.0013757,103.9662757,
2720.85,103.9729,104.0317,103.9952,,,2720.85,103.94508,104.00388,103.96738,
2721.7501,103.975,104.043,103.9987,,,2721.7501,103.9471842,104.0151842,103.9708842,
2722.65,103.9772,104.0318,103.9984,,,2722.65,103.9493885,104.0039885,103.9705885,
2723.5499,103.9793,104.0328,103.9998,,,2723.5499,103.9514927,104.0049927,103.9719927,
2724.45,103.9807,104.0329,104.0014,,,2724.45,103.952897,104.005097,103.973597,
2725.35,103.9828,104.0361,104.0038,,,2725.35,103.9550013,104.0083013,103.9760013,
2726.2999,103.985,104.0371,104.0052,,,2726.2999,103.9572058,104.0093058,103.9774058,
2727.2501,103.9867,104.0402,104.0074,,,2727.2501,103.9589103,104.0124103,103.9796103,
2728.15,103.9883,104.041,104.0095,,,2728.15,103.9605145,104.0132145,103.9817145,
2729.0499,103.9913,104.0433,104.0121,,,2729.0499,103.9635188,104.0155188,103.9843188,
2729.95,103.993,104.0442,104.0122,,,2729.95,103.9652231,104.0164231,103.9844231,
2730.85,103.9954,104.0443,104.0146,,,2730.85,103.9676273,104.0165273,103.9868273,
2731.7501,103.9969,104.047,104.0175,,,2731.7501,103.9691316,104.0192316,103.9897316,
2732.65,103.9983,104.0471,104.0178,,,2732.65,103.9705359,104.0193359,103.9900359,
2733.5499,104.0003,104.0443,104.0186,,,2733.5499,103.9725401,104.0165401,103.9908401,
2734.45,104.0019,104.0486,104.0222,,,2734.45,103.9741444,104.0208444,103.9944444,
2735.35,104.004,104.0509,104.0241,,,2735.35,103.9762487,104.0231487,103.9963487,
2736.2501,104.0073,104.051,104.0249,,,2736.2501,103.9795529,104.0232529,103.9971529,
2737.15,104.0087,104.052,104.026,,,2737.15,103.9809572,104.0242572,103.9982572,
2738.0499,104.0107,104.0638,104.031,,,2738.0499,103.9829615,104.0360615,104.0032615,
2738.95,104.0133,104.0643,104.0331,,,2738.95,103.9855657,104.0365657,104.0053657,
2739.85,104.0156,104.0598,104.0338,,,2739.85,103.98787,104.03207,104.00607,
2740.7501,104.0187,104.0621,104.0361,,,2740.7501,103.9909742,104.0343742,104.0083742,
2741.65,104.0262,104.0951,104.0562,,,2741.65,103.9984785,104.0673785,104.0284785,
2742.5499,104.0224,104.0866,104.0498,,,2742.5499,103.9946828,104.0588828,104.0220828,
2743.45,104.0265,104.0869,104.0528,,,2743.45,103.998787,104.059187,104.025087,
2744.35,104.0271,104.0934,104.0602,,,2744.35,103.9993913,104.0656913,104.0324913,
2745.2999,104.0287,104.0883,104.053,,,2745.2999,104.0009958,104.0605958,104.0252958,
2746.2501,104.0304,104.0966,104.0614,,,2746.2501,104.0027003,104.0689003,104.0337003,
2747.15,104.0312,104.1443,104.0792,,,2747.15,104.0035046,104.1166046,104.0515046,
2748.0499,104.0336,104.0833,104.0539,,,2748.0499,104.0059088,104.0556088,104.0262088,
2748.95,104.0384,104.1171,104.0765,,,2748.95,104.0107131,104.0894131,104.0488131,
2749.85,104.0431,104.129,104.083,,,2749.85,104.0154174,104.1013174,104.0553174,
2750.7501,104.0399,104.0931,104.0625,,,2750.7501,104.0122216,104.0654216,104.0348216,
2751.65,104.0482,104.1593,104.113,,,2751.65,104.0205259,104.1316259,104.0853259,
2752.5499,104.0459,104.1311,104.0865,,,2752.5499,104.0182302,104.1034302,104.0588302,
2753.45,104.0453,104.1059,104.0728,,,2753.45,104.0176344,104.0782344,104.0451344,
2754.35,104.0484,104.1069,104.0762,,,2754.35,104.0207387,104.0792387,104.0485387,
2755.2501,104.0486,104.1572,104.0946,,,2755.2501,104.020943,104.129543,104.066943,
2756.15,104.0566,104.3232,104.1323,,,2756.15,104.0289472,104.2955472,104.1046472,
2757.0499,104.0524,104.118,104.0809,,,2757.0499,104.0247515,104.0903515,104.0532515,
2757.95,104.0543,104.1573,104.1139,,,2757.95,104.0266558,104.1296558,104.0862558,
2758.85,104.0568,104.1638,104.1022,,,2758.85,104.02916,104.13616,104.07456,
2759.7501,104.0631,104.1784,104.1154,,,2759.7501,104.0354643,104.1507643,104.0877643,
2760.65,104.0598,104.1724,104.1117,,,2760.65,104.0321685,104.1447685,104.0840685,
2761.5499,104.0611,104.0926,104.0743,,,2761.5499,104.0334728,104.0649728,104.0466728,
2762.45,104.0627,104.0938,104.0759,,,2762.45,104.0350771,104.0661771,104.0482771,
2763.35,104.0619,104.1166,104.0883,,,2763.35,104.0342813,104.0889813,104.0606813,
2764.2999,104.0646,104.0966,104.0789,,,2764.2999,104.0369858,104.0689858,104.0512858,
2765.2501,104.0669,104.1061,104.0834,,,2765.2501,104.0392903,104.0784903,104.0557903,
2766.15,104.0678,104.0973,104.0808,,,2766.15,104.0401946,104.0696946,104.0531946,
2767.0499,104.0707,104.1064,104.0861,,,2767.0499,104.0430989,104.0787989,104.0584989,
2767.95,104.0716,104.0995,104.0836,,,2767.95,104.0440031,104.0719031,104.0560031,
2768.85,104.0774,104.1357,104.1018,,,2768.85,104.0498074,104.1081074,104.0742074,
2769.7501,104.0772,104.1378,104.1059,,,2769.7501,104.0496117,104.1102117,104.0783117,
2770.65,104.085,104.1474,104.1198,,,2770.65,104.0574159,104.1198159,104.0922159,
2771.5499,104.0801,104.1227,104.097,,,2771.5499,104.0525202,104.0951202,104.0694202,
2772.45,104.0793,104.1124,104.0925,,,2772.45,104.0517245,104.0848245,104.0649245,
2773.35,104.0828,104.1334,104.1033,,,2773.35,104.0552287,104.1058287,104.0757287,
2774.2501,104.083,104.1135,104.0959,,,2774.2501,104.055433,104.085933,104.068333,
2775.15,104.0832,104.1237,104.0983,,,2775.15,104.0556373,104.0961373,104.0707373,
2776.0499,104.0857,104.1201,104.0995,,,2776.0499,104.0581415,104.0925415,104.0719415,
2776.95,104.0861,104.1412,104.112,,,2776.95,104.0585458,104.1136458,104.0844458,
2777.85,104.0873,104.1201,104.1017,,,2777.85,104.05975,104.09255,104.07415,
2778.7501,104.0881,104.1218,104.1021,,,2778.7501,104.0605543,104.0942543,104.0745543,
2779.65,104.0905,104.1185,104.1012,,,2779.65,104.0629586,104.0909586,104.0736586,
2780.5499,104.09,104.1372,104.1113,,,2780.5499,104.0624628,104.1096628,104.0837628,
2781.45,104.0919,104.1198,104.1024,,,2781.45,104.0643671,104.0922671,104.0748671,
2782.35,104.0995,104.162,104.1425,,,2782.35,104.0719714,104.1344714,104.1149714,
2783.2501,104.0947,104.1303,104.1084,,,2783.2501,104.0671756,104.1027756,104.0808756,
2784.15,104.1003,104.1592,104.1327,,,2784.15,104.0727799,104.1316799,104.1051799,
2785.0499,104.0965,104.1413,104.1146,,,2785.0499,104.0689842,104.1137842,104.0870842,
2785.95,104.0979,104.1339,104.1124,,,2785.95,104.0703884,104.1063884,104.0848884,
2786.85,104.0974,104.1209,104.1074,,,2786.85,104.0698927,104.0933927,104.0798927,
2787.7501,104.0971,104.1128,104.1038,,,2787.7501,104.069597,104.085297,104.076297,
2788.65,104.101,104.1237,104.1092,,,2788.65,104.0735012,104.0962012,104.0817012,
2789.5499,104.0995,104.1128,104.105,,,2789.5499,104.0720055,104.0853055,104.0775055,
2790.5001,104.1003,104.1167,104.1058,,,2790.5001,104.07281,104.08921,104.07831,
2791.45,104.0995,104.1304,104.1107,,,2791.45,104.0720145,104.1029145,104.0832145,
2792.35,104.1009,104.1218,104.1089,,,2792.35,104.0734188,104.0943188,104.0814188,
2793.2501,104.1006,104.126,104.11,,,2793.2501,104.073123,104.098523,104.082523,
2794.15,104.0999,104.1173,104.1058,,,2794.15,104.0724273,104.0898273,104.0783273,
2795.0499,104.0986,104.1161,104.1053,,,2795.0499,104.0711316,104.0886316,104.0778316,
2795.95,104.0981,104.1462,104.1158,,,2795.95,104.0706358,104.1187358,104.0883358,
2796.85,104.0961,104.1338,104.1112,,,2796.85,104.0686401,104.1063401,104.0837401,
2797.7501,104.0944,104.1515,104.1168,,,2797.7501,104.0669443,104.1240443,104.0893443,
2798.65,104.0951,104.1333,104.1124,,,2798.65,104.0676486,104.1058486,104.0849486,
2799.5499,104.0911,104.1793,104.1345,,,2799.5499,104.0636529,104.1518529,104.1070529,
2800.45,104.0895,104.1307,104.1091,,,2800.45,104.0620571,104.1032571,104.0816571,
2801.35,104.0908,104.164,104.1227,,,2801.35,104.0633614,104.1365614,104.0952614,
2802.2501,104.099,104.1655,104.1336,,,2802.2501,104.0715657,104.1380657,104.1061657,
2803.15,104.0834,104.144,104.1092,,,2803.15,104.0559699,104.1165699,104.0817699,
2804.0499,104.0856,104.1479,104.1184,,,2804.0499,104.0581742,104.1204742,104.0909742,
2804.95,104.0852,104.1471,104.1178,,,2804.95,104.0577785,104.1196785,104.0903785,
2805.85,104.0858,104.1608,104.1228,,,2805.85,104.0583827,104.1333827,104.0953827,
2806.7501,104.0856,104.1623,104.1271,,,2806.7501,104.058187,104.134887,104.099687,
2807.65,104.0919,104.1748,104.1364,,,2807.65,104.0644913,104.1473913,104.1089913,
2808.5499,104.0829,104.1439,104.1087,,,2808.5499,104.0554955,104.1164955,104.0812955,
2809.45,104.0824,104.1268,104.102,,,2809.45,104.0549998,104.0993998,104.0745998,
2810.35,104.0834,104.1651,104.1248,,,2810.35,104.056004,104.137704,104.097404,
2811.2501,104.0821,104.1235,104.0992,,,2811.2501,104.0547083,104.0961083,104.0718083,
2812.15,104.0815,104.1341,104.1016,,,2812.15,104.0541126,104.1067126,104.0742126,
2813.0499,104.084,104.1675,104.1236,,,2813.0499,104.0566168,104.1401168,104.0962168,
2813.95,104.0848,104.1448,104.108,,,2813.95,104.0574211,104.1174211,104.0806211,
2814.85,104.0853,104.1613,104.1187,,,2814.85,104.0579254,104.1339254,104.0913254,
2815.7501,104.0871,104.1607,104.1233,,,2815.7501,104.0597296,104.1333296,104.0959296,
2816.65,104.0879,104.1615,104.1227,,,2816.65,104.0605339,104.1341339,104.0953339,
2817.5499,104.0881,104.1858,104.1359,,,2817.5499,104.0607382,104.1584382,104.1085382,
2818.4,104.0881,104.1247,104.1015,,,2818.4,104.0607422,104.0973422,104.0741422,
2819.2501,104.0891,104.1741,104.1246,,,2819.2501,104.0617462,104.1467462,104.0972462,
2820.15,104.0907,104.1542,104.1175,,,2820.15,104.0633505,104.1268505,104.0901505,
2821.0499,104.0893,104.1468,104.1089,,,2821.0499,104.0619548,104.1194548,104.0815548,
2821.95,104.0916,104.1315,104.1062,,,2821.95,104.064259,104.104159,104.078859,
2822.85,104.0919,104.1299,104.1048,,,2822.85,104.0645633,104.1025633,104.0774633,
2823.7501,104.0975,104.182,104.1345,,,2823.7501,104.0701675,104.1546675,104.1071675,
2824.65,104.0955,104.1372,104.1124,,,2824.65,104.0681718,104.1098718,104.0850718,
2825.5499,104.0983,104.1862,104.1393,,,2825.5499,104.0709761,104.1588761,104.1119761,
2826.45,104.0978,104.1648,104.1246,,,2826.45,104.0704803,104.1374803,104.0972803,
2827.35,104.101,104.2049,104.1488,,,2827.35,104.0736846,104.1775846,104.1214846,
2828.2501,104.1063,104.2069,104.148,,,2828.2501,104.0789889,104.1795889,104.1206889,
2829.15,104.1032,104.2054,104.1472,,,2829.15,104.0758931,104.1780931,104.1198931,
2830.0499,104.1013,104.1518,104.1178,,,2830.0499,104.0739974,104.1244974,104.0904974,
2830.95,104.1025,104.1419,104.1185,,,2830.95,104.0752017,104.1146017,104.0912017,
2831.85,104.1047,104.2174,104.1544,,,2831.85,104.0774059,104.1901059,104.1271059,
2832.6998,104.1045,104.2051,104.1465,,,2832.6998,104.07721,104.17781,104.11921,
2833.5499,104.1048,104.1409,104.1182,,,2833.5499,104.077514,104.113614,104.090914,
2834.45,104.1091,104.1478,104.1257,,,2834.45,104.0818182,104.1205182,104.0984182,
2835.35,104.1085,104.1416,104.1213,,,2835.35,104.0812225,104.1143225,104.0940225,
2836.2501,104.1073,104.1295,104.118,,,2836.2501,104.0800268,104.1022268,104.0907268,
2837.15,104.1102,104.1364,104.1212,,,2837.15,104.082931,104.109131,104.093931,
2838.0499,104.1104,104.1292,104.12,,,2838.0499,104.0831353,104.1019353,104.0927353,
2838.95,104.113,104.1321,104.1225,,,2838.95,104.0857396,104.1048396,104.0952396,
2839.85,104.1143,104.1329,104.1234,,,2839.85,104.0870438,104.1056438,104.0961438,
2840.7501,104.1177,104.1501,104.1312,,,2840.7501,104.0904481,104.1228481,104.1039481,
2841.65,104.1217,104.1537,104.1351,,,2841.65,104.0944524,104.1264524,104.1078524,
2842.5499,104.1217,104.1658,104.1386,,,2842.5499,104.0944566,104.1385566,104.1113566,
2843.45,104.1295,104.2045,104.1578,,,2843.45,104.1022609,104.1772609,104.1305609,
2844.35,104.1239,104.1783,104.1425,,,2844.35,104.0966652,104.1510652,104.1152652,
2845.2501,104.1228,104.1534,104.1368,,,2845.2501,104.0955694,104.1261694,104.1095694,
2846.15,104.1343,104.185,104.1527,,,2846.15,104.1070737,104.1577737,104.1254737,
2847.0499,104.1231,104.1429,104.1336,,,2847.0499,104.095878,104.115678,104.106378,
2847.95,104.1279,104.1478,104.1389,,,2847.95,104.1006822,104.1205822,104.1116822,
2848.85,104.1287,104.1501,104.1391,,,2848.85,104.1014865,104.1228865,104.1118865,
2849.7501,104.1282,104.1511,104.1394,,,2849.7501,104.1009907,104.1238907,104.1121907,
2850.65,104.1308,104.1529,104.1413,,,2850.65,104.103595,104.125695,104.114095,
2851.5499,104.1343,104.1523,104.1423,,,2851.5499,104.1070993,104.1250993,104.1150993,
2852.45,104.133,104.1601,104.1459,,,2852.45,104.1058035,104.1329035,104.1187035,
2853.35,104.136,104.1636,104.1491,,,2853.35,104.1088078,104.1364078,104.1219078,
2854.2501,104.1346,104.1599,104.147,,,2854.2501,104.1074121,104.1327121,104.1198121,
2855.15,104.1351,104.1557,104.1444,,,2855.15,104.1079163,104.1285163,104.1172163,
2856.0499,104.1356,104.1548,104.1435,,,2856.0499,104.1084206,104.1276206,104.1163206,
2856.95,104.1366,104.1643,104.1487,,,2856.95,104.1094249,104.1371249,104.1215249,
2857.85,104.1364,104.1577,104.1452,,,2857.85,104.1092291,104.1305291,104.1180291,
2858.7501,104.1369,104.1566,104.1453,,,2858.7501,104.1097334,104.1294334,104.1181334,
2859.65,104.1378,104.1545,104.1457,,,2859.65,104.1106377,104.1273377,104.1185377,
2860.5499,104.1361,104.1537,104.1442,,,2860.5499,104.1089419,104.1265419,104.1170419,
2861.45,104.1356,104.1584,104.148,,,2861.45,104.1084462,104.1312462,104.1208462,
2862.35,104.1346,104.1572,104.1462,,,2862.35,104.1074505,104.1300505,104.1190505,
2863.2501,104.1337,104.1507,104.1432,,,2863.2501,104.1065547,104.1235547,104.1160547,
2864.15,104.1335,104.1513,104.1433,,,2864.15,104.106359,104.124159,104.116159,
2865.0499,104.1333,104.1501,104.1425,,,2865.0499,104.1061632,104.1229632,104.1153632,
2865.95,104.1325,104.1495,104.1423,,,2865.95,104.1053675,104.1223675,104.1151675,
2866.85,104.1302,104.1495,104.1415,,,2866.85,104.1030718,104.1223718,104.1143718,
2867.7501,104.1311,104.1511,104.1439,,,2867.7501,104.103976,104.123976,104.116776,
2868.65,104.1283,104.1464,104.1395,,,2868.65,104.1011803,104.1192803,104.1123803,
2869.5499,104.1256,104.1451,104.1375,,,2869.5499,104.0984846,104.1179846,104.1103846,
2870.45,104.1261,104.1455,104.1384,,,2870.45,104.0989888,104.1183888,104.1112888,
2871.35,104.1245,104.1429,104.1359,,,2871.35,104.0973931,104.1157931,104.1087931,
2872.2501,104.1241,104.148,104.1398,,,2872.2501,104.0969974,104.1208974,104.1126974,
2873.15,104.1208,104.1403,104.1321,,,2873.15,104.0937016,104.1132016,104.1050016,
2874.0499,104.1206,104.1415,104.1338,,,2874.0499,104.0935059,104.1144059,104.1067059,
2874.95,104.118,104.1529,104.1364,,,2874.95,104.0909102,104.1258102,104.1093102,
2875.85,104.1151,104.1376,104.1276,,,2875.85,104.0880144,104.1105144,104.1005144,
2876.7501,104.1138,104.1339,104.1244,,,2876.7501,104.0867187,104.1068187,104.0973187,
2877.65,104.112,104.1654,104.1337,,,2877.65,104.084923,104.138323,104.106623,
2878.5499,104.1111,104.1484,104.1299,,,2878.5499,104.0840272,104.1213272,104.1028272,
2879.45,104.1081,104.1325,104.1207,,,2879.45,104.0810315,104.1054315,104.0936315,
2880.4,104.1065,104.1861,104.137,,,2880.4,104.079436,104.159036,104.109936,
2881.2999,104.1053,104.1604,104.1273,,,2881.2999,104.0782402,104.1333402,104.1002402,
2882.2,104.1034,104.1579,104.1263,,,2882.2,104.0763445,104.1308445,104.0992445,
2883.1002,104.0997,104.1356,104.1155,,,2883.1002,104.0726488,104.1085488,104.0884488,
2884.0001,104.0981,104.1607,104.1227,,,2884.0001,104.071053,104.133653,104.095653,
2884.9,104.0961,104.1237,104.1085,,,2884.9,104.0690573,104.0966573,104.0814573,
2885.7999,104.0955,104.1616,104.1257,,,2885.7999,104.0684616,104.1345616,104.0986616,
2886.7501,104.0939,104.1702,104.1237,,,2886.7501,104.0668661,104.1431661,104.0966661,
2887.65,104.0896,104.1206,104.1027,,,2887.65,104.0625703,104.0935703,104.0756703,
2888.5499,104.0892,104.1362,104.1079,,,2888.5499,104.0621746,104.1091746,104.0808746,
2889.4,104.0869,104.1218,104.1016,,,2889.4,104.0598786,104.0947786,104.0745786,
2890.2999,104.0844,104.1198,104.0984,,,2890.2999,104.0573829,104.0927829,104.0713829,
2891.1998,104.0837,104.1189,104.0981,,,2891.1998,104.0566872,104.0918872,104.0710872,
2892.1,104.0811,104.1231,104.0971,,,2892.1,104.0540914,104.0960914,104.0700914,
2893.0499,104.0795,104.1163,104.0945,,,2893.0499,104.0524959,104.0892959,104.0674959,
2893.95,104.0779,104.1162,104.0934,,,2893.95,104.0509002,104.0892002,104.0664002,
2894.85,104.0772,104.1712,104.1153,,,2894.85,104.0502045,104.1442045,104.0883045,
2895.6998,104.0747,104.1159,104.0913,,,2895.6998,104.0477085,104.0889085,104.0643085,
2896.5499,104.0742,104.1905,104.1264,,,2896.5499,104.0472125,104.1635125,104.0994125,
2897.45,104.0735,104.1393,104.0993,,,2897.45,104.0465168,104.1123168,104.0723168,
2898.35,104.072,104.1278,104.0948,,,2898.35,104.045021,104.100821,104.067821,
2899.2501,104.0709,104.1283,104.091,,,2899.2501,104.0439253,104.1013253,104.0640253,
2900.15,104.0695,104.1162,104.0883,,,2900.15,104.0425296,104.0892296,104.0613296,
2901.1,104.0677,104.1202,104.0884,,,2901.1,104.0407341,104.0932341,104.0614341,
2902.0001,104.0673,104.1146,104.0859,,,2902.0001,104.0403383,104.0876383,104.0589383,
2902.85,104.0677,104.1157,104.086,,,2902.85,104.0407424,104.0887424,104.0590424,
2903.7501,104.0666,104.1157,104.0856,,,2903.7501,104.0396466,104.0887466,104.0586466,
2904.65,104.0668,104.1155,104.0855,,,2904.65,104.0398509,104.0885509,104.0585509,
2905.6,104.0649,104.1163,104.0844,,,2905.6,104.0379554,104.0893554,104.0574554,
2906.5001,104.0641,104.1149,104.084,,,2906.5001,104.0371597,104.0879597,104.0570597,
2907.4,104.0641,104.1151,104.0834,,,2907.4,104.0371639,104.0881639,104.0564639,
2908.2999,104.0627,104.1151,104.0828,,,2908.2999,104.0357682,104.0881682,104.0558682,
2909.15,104.0625,104.1131,104.0828,,,2909.15,104.0355722,104.0861722,104.0558722,
2910.0499,104.0625,104.1126,104.0821,,,2910.0499,104.0355765,104.0856765,104.0551765,
2910.95,104.0623,104.1151,104.0829,,,2910.95,104.0353807,104.0881807,104.0559807,
2911.85,104.0622,104.1161,104.0827,,,2911.85,104.035285,104.089185,104.055785,
2912.7501,104.0622,104.1165,104.0832,,,2912.7501,104.0352893,104.0895893,104.0562893,
2913.65,104.0615,104.1161,104.0824,,,2913.65,104.0345935,104.0891935,104.0554935,
2914.5499,104.0629,104.232,104.1336,,,2914.5499,104.0359978,104.2050978,104.1066978,
2915.45,104.0625,104.1204,104.0852,,,2915.45,104.0356021,104.0935021,104.0583021,
2916.35,104.0631,104.1194,104.0847,,,2916.35,104.0362063,104.0925063,104.0578063,
2917.2501,104.0674,104.2814,104.1761,,,2917.2501,104.0405106,104.2545106,104.1492106,
2918.15,104.0631,104.1202,104.0855,,,2918.15,104.0362149,104.0933149,104.0586149,
2919.0499,104.0633,104.2393,104.1467,,,2919.0499,104.0364191,104.2124191,104.1198191,
2919.95,104.066,104.225,104.1291,,,2919.95,104.0391234,104.1981234,104.1022234,
2920.85,104.0646,104.2057,104.1264,,,2920.85,104.0377277,104.1788277,104.0995277,
2921.7501,104.0634,104.1205,104.0855,,,2921.7501,104.0365319,104.0936319,104.0586319,
2922.65,104.0635,104.1883,104.118,,,2922.65,104.0366362,104.1614362,104.0911362,
2923.5499,104.0652,104.1693,104.1085,,,2923.5499,104.0383404,104.1424404,104.0816404,
2924.45,104.066,104.2648,104.1461,,,2924.45,104.0391447,104.2379447,104.1192447,
2925.35,104.0661,104.1928,104.1206,,,2925.35,104.039249,104.165949,104.093749,
2926.2501,104.0674,104.2448,104.1476,,,2926.2501,104.0405532,104.2179532,104.1207532,
2927.15,104.0672,104.2206,104.1377,,,2927.15,104.0403575,104.1937575,104.1108575,
2928.0499,104.0691,104.1945,104.124,,,2928.0499,104.0422618,104.1676618,104.0971618,
2928.95,104.0705,104.2612,104.1572,,,2928.95,104.043666,104.234366,104.130366,
2929.85,104.0724,104.2348,104.148,,,2929.85,104.0455703,104.2079703,104.1211703,
2930.7501,104.0717,104.2922,104.1644,,,2930.7501,104.0448746,104.2653746,104.1375746,
2931.65,104.0725,104.2941,104.1653,,,2931.65,104.0456788,104.2672788,104.1384788,
2932.5499,104.0743,104.2957,104.1771,,,2932.5499,104.0474831,104.2688831,104.1502831,
2933.45,104.0748,104.2566,104.1522,,,2933.45,104.0479874,104.2297874,104.1253874,
2934.35,104.0775,104.2996,104.1707,,,2934.35,104.0506916,104.2727916,104.1438916,
2935.2501,104.0754,104.1987,104.1312,,,2935.2501,104.0485959,104.1718959,104.1043959,
2936.15,104.0768,104.2413,104.1486,,,2936.15,104.0500002,104.2145002,104.1218002,
2937.0499,104.078,104.2124,104.1413,,,2937.0499,104.0512044,104.1856044,104.1145044,
2937.95,104.0795,104.2495,104.1559,,,2937.95,104.0527087,104.2227087,104.1291087,
2938.85,104.0826,104.2806,104.1598,,,2938.85,104.0558129,104.2538129,104.1330129,
2939.7501,104.0915,104.2778,104.1861,,,2939.7501,104.0647172,104.2510172,104.1593172,
2940.65,104.0872,104.2796,104.1694,,,2940.65,104.0604215,104.2528215,104.1426215,
2941.5499,104.0864,104.2573,104.1643,,,2941.5499,104.0596257,104.2305257,104.1375257,
2942.45,104.0854,104.1964,104.1322,,,2942.45,104.05863,104.16963,104.10543,
2943.35,104.0897,104.2557,104.1671,,,2943.35,104.0629343,104.2289343,104.1403343,
2944.2999,104.0852,104.1665,104.1178,,,2944.2999,104.0584388,104.1397388,104.0910388,
2945.2501,104.0924,104.2516,104.1619,,,2945.2501,104.0656433,104.2248433,104.1351433,
2946.15,104.0918,104.2589,104.1703,,,2946.15,104.0650475,104.2321475,104.1435475,
2947.0499,104.0923,104.252,104.163,,,2947.0499,104.0655518,104.2252518,104.1362518,
2947.95,104.0932,104.1521,104.1166,,,2947.95,104.0664561,104.1253561,104.0898561,
2948.85,104.0961,104.2563,104.1677,,,2948.85,104.0693603,104.2295603,104.1409603,
2949.7501,104.0974,104.244,104.1624,,,2949.7501,104.0706646,104.2172646,104.1356646,
2950.65,104.0982,104.2407,104.163,,,2950.65,104.0714689,104.2139689,104.1362689,
2951.5499,104.0979,104.2207,104.1594,,,2951.5499,104.0711731,104.1939731,104.1326731,
2952.45,104.1021,104.2657,104.1726,,,2952.45,104.0753774,104.2389774,104.1458774,
2953.35,104.1048,104.1869,104.1456,,,2953.35,104.0780817,104.1601817,104.1188817,
2954.2501,104.1022,104.1797,104.1306,,,2954.2501,104.0754859,104.1529859,104.1038859,
2955.15,104.1084,104.241,104.1671,,,2955.15,104.0816902,104.2142902,104.1403902,
2956.0499,104.1099,104.2097,104.1587,,,2956.0499,104.0831945,104.1829945,104.1319945,
2956.95,104.1098,104.2468,104.1768,,,2956.95,104.0830987,104.2200987,104.1500987,
2957.85,104.1112,104.2354,104.1711,,,2957.85,104.084503,104.208703,104.144403,
2958.7501,104.1116,104.1609,104.1329,,,2958.7501,104.0849072,104.1342072,104.1062072,
2959.65,104.1122,104.2133,104.1603,,,2959.65,104.0855115,104.1866115,104.1336115,
2960.5499,104.1143,104.1621,104.1335,,,2960.5499,104.0876158,104.1354158,104.1068158,
2961.45,104.1149,104.1663,104.1371,,,2961.45,104.08822,104.13962,104.11042,
2962.35,104.1182,104.1706,104.1408,,,2962.35,104.0915243,104.1439243,104.1141243,
2963.2999,104.1241,104.2515,104.1833,,,2963.2999,104.0974288,104.2248288,104.1566288,
2964.2501,104.1222,104.1878,104.1514,,,2964.2501,104.0955333,104.1611333,104.1247333,
2965.15,104.1237,104.2156,104.1622,,,2965.15,104.0970376,104.1889376,104.1355376,
2966.0499,104.1233,104.2016,104.158,,,2966.0499,104.0966418,104.1749418,104.1313418,
2966.95,104.1237,104.2407,104.176,,,2966.95,104.0970461,104.2140461,104.1493461,
2967.85,104.1243,104.1691,104.1423,,,2967.85,104.0976504,104.1424504,104.1156504,
2968.7501,104.1259,104.2038,104.1645,,,2968.7501,104.0992546,104.1771546,104.1378546,
2969.65,104.1326,104.2296,104.183,,,2969.65,104.1059589,104.2029589,104.1563589,
2970.5499,104.1268,104.1736,104.147,,,2970.5499,104.1001632,104.1469632,104.1203632,
2971.45,104.1314,104.2194,104.1712,,,2971.45,104.1047674,104.1927674,104.1445674,
2972.35,104.1314,104.2281,104.1785,,,2972.35,104.1047717,104.2014717,104.1518717,
2973.2501,104.1314,104.1986,104.1614,,,2973.2501,104.104776,104.171976,104.134776,
2974.15,104.1314,104.1694,104.1478,,,2974.15,104.1047802,104.1427802,104.1211802,
2975.0499,104.1318,104.1836,104.1522,,,2975.0499,104.1051845,104.1569845,104.1255845,
2975.95,104.133,104.1767,104.1519,,,2975.95,104.1063887,104.1500887,104.1252887,
2976.85,104.1347,104.1728,104.1511,,,2976.85,104.108093,104.146193,104.124493,
2977.7501,104.1351,104.1905,104.1586,,,2977.7501,104.1084973,104.1638973,104.1319973,
2978.65,104.1373,104.1736,104.1515,,,2978.65,104.1107015,104.1470015,104.1249015,
2979.5499,104.1401,104.2308,104.1849,,,2979.5499,104.1135058,104.2042058,104.1583058,
2980.45,104.1407,104.2273,104.1825,,,2980.45,104.1141101,104.2007101,104.1559101,
2981.35,104.1403,104.1758,104.1554,,,2981.35,104.1137143,104.1492143,104.1288143,
2982.2999,104.1415,104.1738,104.1547,,,2982.2999,104.1149188,104.1472188,104.1281188,
2983.2501,104.1484,104.2066,104.1751,,,2983.2501,104.1218233,104.1800233,104.1485233,
2984.15,104.1542,104.494,104.2332,,,2984.15,104.1276276,104.4674276,104.2066276,
2985.0499,104.146,104.1901,104.1662,,,2985.0499,104.1194319,104.1635319,104.1396319,
2985.95,104.1467,104.1789,104.1603,,,2985.95,104.1201361,104.1523361,104.1337361,
2986.85,104.1476,104.1936,104.1714,,,2986.85,104.1210404,104.1670404,104.1448404,
2987.7501,104.149,104.1847,104.1661,,,2987.7501,104.1224447,104.1581447,104.1395447,
2988.65,104.1502,104.183,104.1664,,,2988.65,104.1236489,104.1564489,104.1398489,
2989.5499,104.1521,104.2104,104.1814,,,2989.5499,104.1255532,104.1838532,104.1548532,
2990.45,104.1588,104.2135,104.1853,,,2990.45,104.1322575,104.1869575,104.1587575,
2991.35,104.1564,104.1835,104.1684,,,2991.35,104.1298617,104.1569617,104.1418617,
2992.2501,104.1579,104.2018,104.1798,,,2992.2501,104.131366,104.175266,104.153266,
2993.15,104.1583,104.1867,104.1717,,,2993.15,104.1317703,104.1601703,104.1451703,
2994.0499,104.1603,104.187,104.1723,,,2994.0499,104.1337745,104.1604745,104.1457745,
2995.0001,104.1613,104.1881,104.1733,,,2995.0001,104.134779,104.161579,104.146779,
2995.95,104.1643,104.2125,104.1876,,,2995.95,104.1377835,104.1859835,104.1610835,
2996.85,104.1656,104.2102,104.1839,,,2996.85,104.1390878,104.1836878,104.1573878,
2997.7501,104.1682,104.1982,104.1807,,,2997.7501,104.141692,104.171692,104.154192,
2998.65,104.1732,104.2219,104.1954,,,2998.65,104.1466963,104.1953963,104.1688963,
2999.5499,104.1706,104.1982,104.1836,,,2999.5499,104.1441006,104.1717006,104.1571006,
3000.45,104.1746,104.2274,104.2024,,,3000.45,104.1481048,104.2009048,104.1759048,
3001.35,104.1753,104.1967,104.1847,,,3001.35,104.1488091,104.1702091,104.1582091,
3002.2501,104.1771,104.198,104.186,,,3002.2501,104.1506134,104.1715134,104.1595134,
3003.15,104.1797,104.2338,104.2076,,,3003.15,104.1532176,104.2073176,104.1811176,
3004.0499,104.183,104.2293,104.2013,,,3004.0499,104.1565219,104.2028219,104.1748219,
3004.95,104.1826,104.2226,104.1979,,,3004.95,104.1561262,104.1961262,104.1714262,
3005.85,104.1874,104.2265,104.2028,,,3005.85,104.1609304,104.2000304,104.1763304,
3006.7501,104.1875,104.209,104.1965,,,3006.7501,104.1610347,104.1825347,104.1700347,
3007.65,104.1898,104.2101,104.1978,,,3007.65,104.163339,104.183639,104.171339,
3008.5499,104.1922,104.2106,104.1994,,,3008.5499,104.1657432,104.1841432,104.1729432,
3009.45,104.1936,104.214,104.2011,,,3009.45,104.1671475,104.1875475,104.1746475,
3010.35,104.1965,104.2152,104.204,,,3010.35,104.1700518,104.1887518,104.1775518,
3011.2501,104.196,104.2149,104.2026,,,3011.2501,104.169556,104.188456,104.176156,
3012.2,104.1994,104.2171,104.2058,,,3012.2,104.1729605,104.1906605,104.1793605,
3013.15,104.201,104.2183,104.2069,,,3013.15,104.174565,104.191865,104.180465,
3014.0499,104.2022,104.2178,104.2083,,,3014.0499,104.1757693,104.1913693,104.1818693,
3014.95,104.2039,104.219,104.2095,,,3014.95,104.1774735,104.1925735,104.1830735,
3015.85,104.2042,104.2205,104.2105,,,3015.85,104.1777778,104.1940778,104.1840778,
3016.7501,104.2062,104.2269,104.2137,,,3016.7501,104.1797821,104.2004821,104.1872821,
3017.65,104.2084,104.2245,104.2145,,,3017.65,104.1819863,104.1980863,104.1880863,
3018.5499,104.2092,104.2261,104.216,,,3018.5499,104.1827906,104.1996906,104.1895906,
3019.45,104.2088,104.2256,104.216,,,3019.45,104.1823949,104.1991949,104.1895949,
3020.35,104.21,104.2281,104.2175,,,3020.35,104.1835991,104.2016991,104.1910991,
3021.2501,104.2106,104.2293,104.2181,,,3021.2501,104.1842034,104.2029034,104.1917034,
3022.15,104.2109,104.2309,104.219,,,3022.15,104.1845077,104.2045077,104.1926077,
3023.0499,104.2106,104.2312,104.2193,,,3023.0499,104.1842119,104.2048119,104.1929119,
3023.95,104.2116,104.2344,104.2209,,,3023.95,104.1852162,104.2080162,104.1945162,
3024.85,104.2104,104.2339,104.2204,,,3024.85,104.1840205,104.2075205,104.1940205,
3025.7501,104.2121,104.2366,104.2224,,,3025.7501,104.1857247,104.2102247,104.1960247,
3026.65,104.2117,104.239,104.223,,,3026.65,104.185329,104.212629,104.196629,
3027.5499,104.2102,104.2418,104.2226,,,3027.5499,104.1838333,104.2154333,104.1962333,
3028.45,104.209,104.2397,104.222,,,3028.45,104.1826375,104.2133375,104.1956375,
3029.35,104.2081,104.2399,104.2215,,,3029.35,104.1817418,104.2135418,104.1951418,
3030.2501,104.2065,104.2393,104.2208,,,3030.2501,104.180146,104.212946,104.194446,
3031.15,104.2055,104.2429,104.221,,,3031.15,104.1791503,104.2165503,104.1946503,
3032.0499,104.2063,104.2462,104.2241,,,3032.0499,104.1799546,104.2198546,104.1977546,
3032.95,104.2047,104.2429,104.2208,,,3032.95,104.1783588,104.2165588,104.1944588,
3033.85,104.2037,104.2468,104.2223,,,3033.85,104.1773631,104.2204631,104.1959631,
3034.7501,104.203,104.2591,104.2283,,,3034.7501,104.1766674,104.2327674,104.2019674,
3035.65,104.2019,104.2479,104.2219,,,3035.65,104.1755716,104.2215716,104.1955716,
3036.5499,104.2002,104.248,104.2217,,,3036.5499,104.1738759,104.2216759,104.1953759,
3037.45,104.1982,104.2461,104.2178,,,3037.45,104.1718802,104.2197802,104.1914802,
3038.35,104.1973,104.2467,104.2177,,,3038.35,104.1709844,104.2203844,104.1913844,
3039.2501,104.1965,104.2729,104.2341,,,3039.2501,104.1701887,104.2465887,104.2077887,
3040.15,104.1964,104.2484,104.2197,,,3040.15,104.170093,104.222093,104.193393,
3041.0499,104.1941,104.2458,104.2153,,,3041.0499,104.1677972,104.2194972,104.1889972,
3041.9,104.193,104.245,104.2151,,,3041.9,104.1667013,104.2187013,104.1888013,
3042.7501,104.1928,104.2481,104.2161,,,3042.7501,104.1665053,104.2218053,104.1898053,
3043.65,104.1926,104.248,104.2159,,,3043.65,104.1663095,104.2217095,104.1896095,
3044.5499,104.1933,104.2518,104.2178,,,3044.5499,104.1670138,104.2255138,104.1915138,
3045.45,104.193,104.2485,104.2154,,,3045.45,104.1667181,104.2222181,104.1891181,
3046.35,104.1918,104.2453,104.2131,,,3046.35,104.1655223,104.2190223,104.1868223,
3047.2501,104.1921,104.2442,104.2128,,,3047.2501,104.1658266,104.2179266,104.1865266,
3048.15,104.1935,104.2458,104.2161,,,3048.15,104.1672309,104.2195309,104.1898309,
3049.0499,104.1926,104.2452,104.2133,,,3049.0499,104.1663351,104.2189351,104.1870351,
3049.95,104.1947,104.2464,104.2155,,,3049.95,104.1684394,104.2201394,104.1892394,
3050.85,104.1952,104.2467,104.2161,,,3050.85,104.1689437,104.2204437,104.1898437,
3051.7501,104.1945,104.2426,104.2134,,,3051.7501,104.1682479,104.2163479,104.1871479,
3052.65,104.1953,104.2448,104.215,,,3052.65,104.1690522,104.2185522,104.1887522,
3053.5499,104.1971,104.2423,104.2151,,,3053.5499,104.1708565,104.2160565,104.1888565,
3054.45,104.1969,104.2421,104.2149,,,3054.45,104.1706607,104.2158607,104.1886607,
3055.35,104.1983,104.2425,104.2156,,,3055.35,104.172065,104.216265,104.189365,
3056.2501,104.2016,104.2469,104.2199,,,3056.2501,104.1753693,104.2206693,104.1936693,
3057.15,104.2015,104.2771,104.2316,,,3057.15,104.1752735,104.2508735,104.2053735,
3058.0499,104.2097,104.3012,104.2511,,,3058.0499,104.1834778,104.2749778,104.2248778,
3058.95,104.2035,104.2484,104.2198,,,3058.95,104.177282,104.222182,104.193582,
3059.85,104.2041,104.2421,104.2184,,,3059.85,104.1778863,104.2158863,104.1921863,
3060.7501,104.2047,104.2398,104.2192,,,3060.7501,104.1784906,104.2135906,104.1929906,
3061.65,104.2072,104.2405,104.2211,,,3061.65,104.1809948,104.2142948,104.1948948,
3062.5001,104.2076,104.2403,104.2213,,,3062.5001,104.1813989,104.2140989,104.1950989,
3063.4,104.2097,104.2428,104.2232,,,3063.4,104.1835031,104.2166031,104.1970031,
3064.2999,104.2108,104.2414,104.2238,,,3064.2999,104.1846074,104.2152074,104.1976074,
3065.2,104.2129,104.2434,104.2257,,,3065.2,104.1867117,104.2172117,104.1995117,
3066.15,104.2148,104.243,104.2268,,,3066.15,104.1886162,104.2168162,104.2006162,
3067.0001,104.2152,104.2428,104.2273,,,3067.0001,104.1890202,104.2166202,104.2011202,
3067.85,104.2175,104.2444,104.2294,,,3067.85,104.1913242,104.2182242,104.2032242,
3068.7501,104.22,104.2449,104.2311,,,3068.7501,104.1938285,104.2187285,104.2049285,
3069.65,104.221,104.2481,104.2332,,,3069.65,104.1948327,104.2219327,104.2070327,
3070.5499,104.2227,104.2476,104.2336,,,3070.5499,104.196537,104.221437,104.207437,
3071.45,104.2256,104.2471,104.2355,,,3071.45,104.1994413,104.2209413,104.2093413,
3072.35,104.2293,104.2867,104.2512,,,3072.35,104.2031455,104.2605455,104.2250455,
3073.2501,104.2297,104.2514,104.2393,,,3073.2501,104.2035498,104.2252498,104.2131498,
3074.15,104.2323,104.2526,104.241,,,3074.15,104.2061541,104.2264541,104.2148541,
3075.0499,104.2323,104.2531,104.2418,,,3075.0499,104.2061583,104.2269583,104.2156583,
3075.95,104.2331,104.2524,104.2423,,,3075.95,104.2069626,104.2262626,104.2161626,
3076.85,104.2346,104.2539,104.244,,,3076.85,104.2084669,104.2277669,104.2178669,
3077.7501,104.2364,104.2555,104.246,,,3077.7501,104.2102711,104.2293711,104.2198711,
3078.65,104.2385,104.2738,104.2528,,,3078.65,104.2123754,104.2476754,104.2266754,
3079.5499,104.2457,104.3105,104.2707,,,3079.5499,104.2195797,104.2843797,104.2445797,
3080.45,104.2414,104.2597,104.251,,,3080.45,104.2152839,104.2335839,104.2248839,
3081.35,104.2417,104.2606,104.2517,,,3081.35,104.2155882,104.2344882,104.2255882,
3082.2501,104.2425,104.2609,104.2526,,,3082.2501,104.2163925,104.2347925,104.2264925,
3083.15,104.2456,104.2638,104.255,,,3083.15,104.2194967,104.2376967,104.2288967,
3084.0499,104.2456,104.2644,104.2558,,,3084.0499,104.219501,104.238301,104.229701,
3084.95,104.2479,104.2661,104.2579,,,3084.95,104.2218052,104.2400052,104.2318052,
3085.85,104.2481,104.2671,104.2588,,,3085.85,104.2220095,104.2410095,104.2327095,
3086.7501,104.2491,104.2673,104.2598,,,3086.7501,104.2230138,104.2412138,104.2337138,
3087.6002,104.2518,104.2687,104.2615,,,3087.6002,104.2257178,104.2426178,104.2354178,
3088.5001,104.2544,104.2719,104.264,,,3088.5001,104.2283221,104.2458221,104.2379221,
3089.45,104.2551,104.2715,104.2647,,,3089.45,104.2290266,104.2454266,104.2386266,
3090.35,104.2562,104.2734,104.2661,,,3090.35,104.2301308,104.2473308,104.2400308,
3091.2501,104.2571,104.2732,104.2664,,,3091.2501,104.2310351,104.2471351,104.2403351,
3092.15,104.2587,104.2745,104.2673,,,3092.15,104.2326394,104.2484394,104.2412394,
3093.0499,104.2614,104.2755,104.2685,,,3093.0499,104.2353436,104.2494436,104.2424436,
3093.95,104.261,104.2765,104.2682,,,3093.95,104.2349479,104.2504479,104.2421479,
3094.85,104.2638,104.2849,104.2737,,,3094.85,104.2377522,104.2588522,104.2476522,
3095.7501,104.2644,104.2882,104.2754,,,3095.7501,104.2383564,104.2621564,104.2493564,
3096.65,104.2644,104.2793,104.2711,,,3096.65,104.2383607,104.2532607,104.2450607,
3097.5499,104.2644,104.2818,104.2724,,,3097.5499,104.238365,104.255765,104.246365,
3098.45,104.2643,104.2777,104.27,,,3098.45,104.2382692,104.2516692,104.2439692,
3099.35,104.2651,104.2798,104.2718,,,3099.35,104.2390735,104.2537735,104.2457735,
3100.2501,104.2644,104.2847,104.274,,,3100.2501,104.2383777,104.2586777,104.2479777,
3101.15,104.2638,104.2839,104.2739,,,3101.15,104.237782,104.257882,104.247882,
3102.0499,104.2646,104.2849,104.275,,,3102.0499,104.2385863,104.2588863,104.2489863,
3102.95,104.2629,104.2814,104.2735,,,3102.95,104.2368905,104.2553905,104.2474905,
3103.85,104.2622,104.2841,104.2745,,,3103.85,104.2361948,104.2580948,104.2484948,
3104.7501,104.2613,104.2816,104.2741,,,3104.7501,104.2352991,104.2555991,104.2480991,
3105.65,104.2587,104.2767,104.2693,,,3105.65,104.2327033,104.2507033,104.2433033,
3106.5499,104.2579,104.2789,104.2715,,,3106.5499,104.2319076,104.2529076,104.2455076,
3107.45,104.2555,104.2723,104.265,,,3107.45,104.2295119,104.2463119,104.2390119,
3108.35,104.2557,104.2857,104.2698,,,3108.35,104.2297161,104.2597161,104.2438161,
3109.2501,104.2524,104.2711,104.2635,,,3109.2501,104.2264204,104.2451204,104.2375204,
3110.15,104.2524,104.275,104.2667,,,3110.15,104.2264247,104.2490247,104.2407247,
3111.0499,104.2508,104.2704,104.2641,,,3111.0499,104.2248289,104.2444289,104.2381289,
3111.95,104.248,104.2699,104.2609,,,3111.95,104.2220332,104.2439332,104.2349332,
3112.85,104.2475,104.3044,104.2691,,,3112.85,104.2215375,104.2784375,104.2431375,
3113.7501,104.2445,104.2789,104.2609,,,3113.7501,104.2185417,104.2529417,104.2349417,
3114.65,104.2437,104.2745,104.2581,,,3114.65,104.217746,104.248546,104.232146,
3115.5499,104.2406,104.2919,104.2609,,,3115.5499,104.2146502,104.2659502,104.2349502,
3116.45,104.241,104.2757,104.2561,,,3116.45,104.2150545,104.2497545,104.2301545,
3117.35,104.2376,104.257,104.2466,,,3117.35,104.2116588,104.2310588,104.2206588,
3118.2501,104.2346,104.2597,104.2449,,,3118.2501,104.208663,104.233763,104.218963,
3119.15,104.2346,104.311,104.2643,,,3119.15,104.2086673,104.2850673,104.2383673,
3120.0499,104.2319,104.3114,104.2624,,,3120.0499,104.2059716,104.2854716,104.2364716,
3120.95,104.2295,104.2859,104.2554,,,3120.95,104.2035758,104.2599758,104.2294758,
3121.9,104.2277,104.2883,104.2526,,,3121.9,104.2017803,104.2623803,104.2266803,
3122.7999,104.226,104.2824,104.2496,,,3122.7999,104.2000846,104.2564846,104.2236846,
3123.7,104.2233,104.2543,104.2351,,,3123.7,104.1973889,104.2283889,104.2091889,
3124.6002,104.2207,104.2527,104.2319,,,3124.6002,104.1947931,104.2267931,104.2059931,
3125.5001,104.2198,104.2664,104.2389,,,3125.5001,104.1938974,104.2404974,104.2129974,
3126.45,104.2167,104.2485,104.2284,,,3126.45,104.1908019,104.2226019,104.2025019,
3127.35,104.2166,104.2773,104.2398,,,3127.35,104.1907062,104.2514062,104.2139062,
3128.2501,104.2121,104.2503,104.2258,,,3128.2501,104.1862104,104.2244104,104.1999104,
3129.15,104.2127,104.3264,104.2617,,,3129.15,104.1868147,104.3005147,104.2358147,
3130.0499,104.2125,104.3442,104.2681,,,3130.0499,104.186619,104.318319,104.242219,
3130.95,104.2065,104.2638,104.2248,,,3130.95,104.1806232,104.2379232,104.1989232,
3131.85,104.2045,104.2484,104.2203,,,3131.85,104.1786275,104.2225275,104.1944275,
3132.7501,104.2038,104.3749,104.2698,,,3132.7501,104.1779317,104.3490317,104.2439317,
3133.65,104.2042,104.3274,104.2599,,,3133.65,104.178336,104.301536,104.234036,
3134.5499,104.2054,104.3303,104.2527,,,3134.5499,104.1795403,104.3044403,104.2268403,
3135.45,104.203,104.3504,104.2628,,,3135.45,104.1771445,104.3245445,104.2369445,
3136.35,104.1972,104.2523,104.2209,,,3136.35,104.1713488,104.2264488,104.1950488,
3137.2501,104.1961,104.335,104.2557,,,3137.2501,104.1702531,104.3091531,104.2298531,
3138.15,104.1947,104.2848,104.2307,,,3138.15,104.1688573,104.2589573,104.2048573,
3139.0499,104.1921,104.2536,104.2134,,,3139.0499,104.1662616,104.2277616,104.1875616,
3139.95,104.1892,104.2515,104.2144,,,3139.95,104.1633659,104.2256659,104.1885659,
3140.85,104.1886,104.2606,104.2136,,,3140.85,104.1627701,104.2347701,104.1877701,
3141.7501,104.1866,104.2411,104.2079,,,3141.7501,104.1607744,104.2152744,104.1820744,
3142.65,104.1878,104.2462,104.2107,,,3142.65,104.1619787,104.2203787,104.1848787,
3143.5499,104.1902,104.3465,104.2592,,,3143.5499,104.1643829,104.3206829,104.2333829,
3144.45,104.1849,104.2544,104.214,,,3144.45,104.1590872,104.2285872,104.1881872,
3145.35,104.1849,104.2454,104.2078,,,3145.35,104.1590915,104.2195915,104.1819915,
3146.2501,104.1859,104.3338,104.2514,,,3146.2501,104.1600957,104.3079957,104.2255957,
3147.15,104.1885,104.3279,104.2502,,,3147.15,104.1627,104.3021,104.2244,
3148.0499,104.1824,104.2526,104.2086,,,3148.0499,104.1566042,104.2268042,104.1828042,
3148.95,104.1906,104.3551,104.2728,,,3148.95,104.1648085,104.3293085,104.2470085,
3149.85,104.1866,104.3627,104.279,,,3149.85,104.1608128,104.3369128,104.2532128,
3150.7501,104.183,104.2507,104.2112,,,3150.7501,104.157217,104.224917,104.185417,
3151.6002,104.1792,104.2464,104.2049,,,3151.6002,104.1534211,104.2206211,104.1791211,
3152.5001,104.18,104.2433,104.2051,,,3152.5001,104.1542253,104.2175253,104.1793253,
3153.4,104.1802,104.2629,104.2177,,,3153.4,104.1544296,104.2371296,104.1919296,
3154.2501,104.1795,104.2479,104.209,,,3154.2501,104.1537336,104.2221336,104.1832336,
3155.15,104.182,104.3119,104.2464,,,3155.15,104.1562379,104.2861379,104.2206379,
3156.0499,104.1803,104.2879,104.2196,,,3156.0499,104.1545422,104.2621422,104.1938422,
3156.95,104.181,104.2868,104.2244,,,3156.95,104.1552464,104.2610464,104.1986464,
3157.85,104.1827,104.3368,104.2595,,,3157.85,104.1569507,104.3110507,104.2337507,
3158.7501,104.1815,104.2773,104.2262,,,3158.7501,104.1557549,104.2515549,104.2004549,
3159.65,104.1803,104.277,104.2191,,,3159.65,104.1545592,104.2512592,104.1933592,
3160.5499,104.18,104.2565,104.2123,,,3160.5499,104.1542635,104.2307635,104.1865635,
3161.45,104.1799,104.2458,104.2056,,,3161.45,104.1541677,104.2200677,104.1798677,
3162.35,104.1796,104.2532,104.2103,,,3162.35,104.153872,104.227472,104.184572,
3163.2501,104.1851,104.3037,104.2439,,,3163.2501,104.1593763,104.2779763,104.2181763,
3164.15,104.1838,104.2926,104.2332,,,3164.15,104.1580805,104.2668805,104.2074805,
3165.0499,104.1865,104.2797,104.2238,,,3165.0499,104.1607848,104.2539848,104.1980848,
3165.95,104.1861,104.3359,104.2585,,,3165.95,104.1603891,104.3101891,104.2327891,
3166.85,104.1835,104.2786,104.2249,,,3166.85,104.1577933,104.2528933,104.1991933,
3167.7501,104.1834,104.2559,104.2109,,,3167.7501,104.1576976,104.2301976,104.1851976,
3168.65,104.1831,104.2532,104.2104,,,3168.65,104.1574019,104.2275019,104.1847019,
3169.5499,104.1836,104.2507,104.2103,,,3169.5499,104.1579061,104.2250061,104.1846061,
3170.4,104.1846,104.2652,104.2142,,,3170.4,104.1589102,104.2395102,104.1885102,
3171.2999,104.1896,104.3318,104.2575,,,3171.2999,104.1639144,104.3061144,104.2318144,
3172.1998,104.1897,104.3142,104.2508,,,3172.1998,104.1640187,104.2885187,104.2251187,
3173.0499,104.1882,104.2554,104.2149,,,3173.0499,104.1625227,104.2297227,104.1892227,
3173.95,104.1897,104.2582,104.2169,,,3173.95,104.164027,104.232527,104.191227,
3174.85,104.1901,104.2546,104.2163,,,3174.85,104.1644312,104.2289312,104.1906312,
3175.7501,104.1896,104.2551,104.2157,,,3175.7501,104.1639355,104.2294355,104.1900355,
3176.65,104.1918,104.2571,104.2183,,,3176.65,104.1661398,104.2314398,104.1926398,
3177.5499,104.198,104.3295,104.2628,,,3177.5499,104.172344,104.303844,104.237144,
3178.45,104.1951,104.2581,104.2203,,,3178.45,104.1694483,104.2324483,104.1946483,
3179.35,104.1991,104.2913,104.2444,,,3179.35,104.1734526,104.2656526,104.2187526,
3180.2501,104.1988,104.2941,104.2386,,,3180.2501,104.1731568,104.2684568,104.2129568,
3181.15,104.1992,104.2737,104.2297,,,3181.15,104.1735611,104.2480611,104.2040611,
3182.0499,104.2006,104.2676,104.2274,,,3182.0499,104.1749654,104.2419654,104.2017654,
3182.95,104.2012,104.2695,104.2303,,,3182.95,104.1755696,104.2438696,104.2046696,
3183.85,104.2025,104.263,104.2268,,,3183.85,104.1768739,104.2373739,104.2011739,
3184.7501,104.208,104.3099,104.2601,,,3184.7501,104.1823781,104.2842781,104.2344781,
3185.65,104.2097,104.3281,104.2707,,,3185.65,104.1840824,104.3024824,104.2450824,
3186.5499,104.2085,104.2687,104.2347,,,3186.5499,104.1828867,104.2430867,104.2090867,
3187.45,104.2105,104.2707,104.2358,,,3187.45,104.1848909,104.2450909,104.2101909,
3188.35,104.2162,104.3044,104.2567,,,3188.35,104.1905952,104.2787952,104.2310952,
3189.2501,104.2153,104.3158,104.2635,,,3189.2501,104.1896995,104.2901995,104.2378995,
3190.15,104.2199,104.3094,104.2641,,,3190.15,104.1943037,104.2838037,104.2385037,
3191.0499,104.2175,104.2742,104.2408,,,3191.0499,104.191908,104.248608,104.215208,
3191.95,104.2215,104.3051,104.2593,,,3191.95,104.1959123,104.2795123,104.2337123,
3192.85,104.2205,104.2793,104.2445,,,3192.85,104.1949165,104.2537165,104.2189165,
3193.7501,104.2227,104.2999,104.2573,,,3193.7501,104.1971208,104.2743208,104.2317208,
3194.65,104.2265,104.3013,104.2607,,,3194.65,104.2009251,104.2757251,104.2351251,
3195.5001,104.2342,104.2972,104.2643,,,3195.5001,104.2086291,104.2716291,104.2387291,
3196.35,104.2321,104.3212,104.2725,,,3196.35,104.2065331,104.2956331,104.2469331,
3197.2501,104.2323,104.2891,104.2567,,,3197.2501,104.2067374,104.2635374,104.2311374,
3198.15,104.2307,104.2868,104.2547,,,3198.15,104.2051416,104.2612416,104.2291416,
3199.0499,104.2336,104.2993,104.2597,,,3199.0499,104.2080459,104.2737459,104.2341459,
3199.95,104.2375,104.3082,104.2719,,,3199.95,104.2119502,104.2826502,104.2463502,
3200.85,104.2379,104.2957,104.26,,,3200.85,104.2123544,104.2701544,104.2344544,
3201.7501,104.2395,104.2968,104.2622,,,3201.7501,104.2139587,104.2712587,104.2366587,
3202.65,104.2402,104.3114,104.272,,,3202.65,104.214663,104.285863,104.246463,
3203.5499,104.2462,104.2993,104.267,,,3203.5499,104.2206672,104.2737672,104.2414672,
3204.45,104.2483,104.3248,104.2862,,,3204.45,104.2227715,104.2992715,104.2606715,
3205.35,104.2488,104.3281,104.2831,,,3205.35,104.2232758,104.3025758,104.2575758,
3206.2501,104.2485,104.2955,104.2683,,,3206.2501,104.22298,104.26998,104.24278,
3207.15,104.2516,104.3184,104.2815,,,3207.15,104.2260843,104.2928843,104.2559843,
3208.0499,104.2534,104.2977,104.2718,,,3208.0499,104.2278886,104.2721886,104.2462886,
3208.95,104.2579,104.3071,104.2784,,,3208.95,104.2323928,104.2815928,104.2528928,
3209.85,104.2593,104.3036,104.2781,,,3209.85,104.2337971,104.2780971,104.2525971,
3210.7501,104.263,104.3333,104.3011,,,3210.7501,104.2375014,104.3078014,104.2756014,
3211.65,104.2646,104.3213,104.2878,,,3211.65,104.2391056,104.2958056,104.2623056,
3212.5499,104.2668,104.3086,104.2843,,,3212.5499,104.2413099,104.2831099,104.2588099,
3213.45,104.271,104.3126,104.2886,,,3213.45,104.2455141,104.2871141,104.2631141,
3214.35,104.2729,104.3259,104.2999,,,3214.35,104.2474184,104.3004184,104.2744184,
3215.2501,104.2793,104.34,104.3083,,,3215.2501,104.2538227,104.3145227,104.2828227,
3216.15,104.2765,104.3317,104.3032,,,3216.15,104.2510269,104.3062269,104.2777269,
3217.0499,104.2789,104.3172,104.2954,,,3217.0499,104.2534312,104.2917312,104.2699312,
3217.9,104.2813,104.3204,104.2991,,,3217.9,104.2558352,104.2949352,104.2736352,
3218.7999,104.2825,104.3195,104.2986,,,3218.7999,104.2570395,104.2940395,104.2731395,
3219.6998,104.2853,104.3203,104.3005,,,3219.6998,104.2598438,104.2948438,104.2750438,
3220.5499,104.288,104.3248,104.305,,,3220.5499,104.2625478,104.2993478,104.2795478,
3221.45,104.2892,104.329,104.3073,,,3221.45,104.2637521,104.3035521,104.2818521,
3222.35,104.2942,104.343,104.3192,,,3222.35,104.2687563,104.3175563,104.2937563,
3223.2501,104.3001,104.3373,104.3172,,,3223.2501,104.2746606,104.3118606,104.2917606,
3224.15,104.3007,104.3548,104.3259,,,3224.15,104.2752648,104.3293648,104.3004648,
3225.0499,104.3009,104.3492,104.3248,,,3225.0499,104.2754691,104.3237691,104.2993691,
3225.95,104.3017,104.3375,104.3178,,,3225.95,104.2762734,104.3120734,104.2923734,
3226.85,104.3055,104.3381,104.3209,,,3226.85,104.2800776,104.3126776,104.2954776,
3227.7501,104.3107,104.3685,104.3389,,,3227.7501,104.2852819,104.3430819,104.3134819,
3228.65,104.3087,104.3398,104.3236,,,3228.65,104.2832862,104.3143862,104.2981862,
3229.5499,104.3107,104.3442,104.3268,,,3229.5499,104.2852904,104.3187904,104.3013904,
3230.45,104.3137,104.3494,104.3314,,,3230.45,104.2882947,104.3239947,104.3059947,
3231.35,104.3165,104.3438,104.3298,,,3231.35,104.291099,104.318399,104.304399,
3232.2501,104.3192,104.3454,104.3317,,,3232.2501,104.2938032,104.3200032,104.3063032,
3233.15,104.3222,104.3475,104.3339,,,3233.15,104.2968075,104.3221075,104.3085075,
3234.0499,104.3243,104.3517,104.3371,,,3234.0499,104.2989118,104.3263118,104.3117118,
3234.95,104.3264,104.351,104.3379,,,3234.95,104.301016,104.325616,104.312516,
3235.85,104.3277,104.3518,104.339,,,3235.85,104.3023203,104.3264203,104.3136203,
3236.7501,104.3303,104.3552,104.3426,,,3236.7501,104.3049246,104.3298246,104.3172246,
3237.65,104.3322,104.3557,104.343,,,3237.65,104.3068288,104.3303288,104.3176288,
3238.5499,104.3344,104.3564,104.3442,,,3238.5499,104.3090331,104.3310331,104.3188331,
3239.45,104.3369,104.3565,104.346,,,3239.45,104.3115373,104.3311373,104.3206373,
3240.2999,104.3342,104.3561,104.3435,,,3240.2999,104.3088414,104.3307414,104.3181414,
3241.2,104.3328,104.3543,104.3428,,,3241.2,104.3074456,104.3289456,104.3174456,
3242.15,104.342,104.3611,104.351,,,3242.15,104.3166501,104.3357501,104.3256501,
3243.0499,104.343,104.3627,104.3522,,,3243.0499,104.3176544,104.3373544,104.3268544,
3243.95,104.3451,104.3635,104.3536,,,3243.95,104.3197587,104.3381587,104.3282587,
3244.7999,104.3471,104.3649,104.3553,,,3244.7999,104.3217627,104.3395627,104.3299627,
3245.7,104.3477,104.3659,104.3558,,,3245.7,104.322367,104.340567,104.330467,
3246.6002,104.3486,104.3641,104.3562,,,3246.6002,104.3232712,104.3387712,104.3308712,
3247.45,104.3512,104.3655,104.3582,,,3247.45,104.3258753,104.3401753,104.3328753,
3248.35,104.3526,104.3647,104.3585,,,3248.35,104.3272795,104.3393795,104.3331795,
3249.2999,104.3533,104.3662,104.359,,,3249.2999,104.327984,104.340884,104.333684,
3250.1998,104.3551,104.3653,104.36,,,3250.1998,104.3297883,104.3399883,104.3346883,
3251.0499,104.3549,104.3659,104.3609,,,3251.0499,104.3295923,104.3405923,104.3355923,
3251.95,104.3571,104.3662,104.3623,,,3251.95,104.3317966,104.3408966,104.3369966,
3252.85,104.3591,104.3678,104.3632,,,3252.85,104.3338008,104.3425008,104.3379008,
3253.7501,104.3592,104.3674,104.3628,,,3253.7501,104.3339051,104.3421051,104.3375051,
3254.65,104.3598,104.368,104.3632,,,3254.65,104.3345094,104.3427094,104.3379094,
3255.5499,104.3595,104.3676,104.3632,,,3255.5499,104.3342136,104.3423136,104.3379136,
3256.45,104.3595,104.3677,104.363,,,3256.45,104.3342179,104.3424179,104.3377179,
3257.35,104.3608,104.3692,104.3644,,,3257.35,104.3355222,104.3439222,104.3391222,
3258.2501,104.3603,104.3693,104.3643,,,3258.2501,104.3350264,104.3440264,104.3390264,
3259.15,104.3591,104.3693,104.3638,,,3259.15,104.3338307,104.3440307,104.3385307,
3260.0499,104.359,104.3707,104.364,,,3260.0499,104.333735,104.345435,104.338735,
3260.95,104.3586,104.3715,104.3642,,,3260.95,104.3333392,104.3462392,104.3389392,
3261.85,104.3564,104.3715,104.3628,,,3261.85,104.3311435,104.3462435,104.3375435,
3262.6998,104.3563,104.3725,104.3632,,,3262.6998,104.3310475,104.3472475,104.3379475,
3263.5499,104.3549,104.3723,104.3623,,,3263.5499,104.3296515,104.3470515,104.3370515,
3264.45,104.3535,104.3737,104.3622,,,3264.45,104.3282558,104.3484558,104.3369558,
3265.35,104.3537,104.3749,104.3631,,,3265.35,104.3284601,104.3496601,104.3378601,
3266.2501,104.3498,104.3731,104.3598,,,3266.2501,104.3245643,104.3478643,104.3345643,
3267.15,104.3485,104.3747,104.3593,,,3267.15,104.3232686,104.3494686,104.3340686,
3268.0499,104.347,104.3745,104.3589,,,3268.0499,104.3217729,104.3492729,104.3336729,
3268.95,104.3465,104.376,104.3589,,,3268.95,104.3212771,104.3507771,104.3336771,
3269.85,104.3434,104.3737,104.3571,,,3269.85,104.3181814,104.3484814,104.3318814,
3270.6998,104.3411,104.3752,104.3561,,,3270.6998,104.3158854,104.3499854,104.3308854,
3271.5499,104.3403,104.3754,104.3556,,,3271.5499,104.3150895,104.3501895,104.3303895,
3272.45,104.3383,104.3754,104.3545,,,3272.45,104.3130937,104.3501937,104.3292937,
3273.35,104.3363,104.3755,104.3533,,,3273.35,104.311098,104.350298,104.328098,
3274.2501,104.3354,104.3755,104.3528,,,3274.2501,104.3102022,104.3503022,104.3276022,
3275.15,104.3336,104.3764,104.3519,,,3275.15,104.3084065,104.3512065,104.3267065,
3276.0499,104.3336,104.379,104.3528,,,3276.0499,104.3084108,104.3538108,104.3276108,
3276.95,104.332,104.3772,104.3507,,,3276.95,104.306815,104.352015,104.325515,
3277.85,104.3306,104.3772,104.3496,,,3277.85,104.3054193,104.3520193,104.3244193,
3278.7501,104.331,104.3791,104.3505,,,3278.7501,104.3058236,104.3539236,104.3253236,
3279.65,104.3282,104.3771,104.348,,,3279.65,104.3030278,104.3519278,104.3228278,
3280.5001,104.3277,104.3782,104.3469,,,3280.5001,104.3025319,104.3530319,104.3217319,
3281.35,104.3282,104.3766,104.3467,,,3281.35,104.3030359,104.3514359,104.3215359,
3282.2501,104.3263,104.376,104.3452,,,3282.2501,104.3011402,104.3508402,104.3200402,
3283.15,104.3271,104.3755,104.3457,,,3283.15,104.3019444,104.3503444,104.3205444,
3284.0499,104.3263,104.3741,104.3446,,,3284.0499,104.3011487,104.3489487,104.3194487,
3284.95,104.3263,104.3745,104.3445,,,3284.95,104.3011529,104.3493529,104.3193529,
3285.85,104.3269,104.3744,104.3434,,,3285.85,104.3017572,104.3492572,104.3182572,
3286.7501,104.3264,104.3739,104.3432,,,3286.7501,104.3012615,104.3487615,104.3180615,
3287.6002,104.3259,104.3701,104.3414,,,3287.6002,104.3007655,104.3449655,104.3162655,
3288.45,104.3269,104.3705,104.3416,,,3288.45,104.3017695,104.3453695,104.3164695,
3289.35,104.3277,104.3694,104.3418,,,3289.35,104.3025738,104.3442738,104.3166738,
3290.2501,104.3277,104.3682,104.3412,,,3290.2501,104.3025781,104.3430781,104.3160781,
3291.15,104.3283,104.3676,104.3412,,,3291.15,104.3031823,104.3424823,104.3160823,
3292.0499,104.3287,104.3678,104.3414,,,3292.0499,104.3035866,104.3426866,104.3162866,
3292.95,104.331,104.367,104.3423,,,3292.95,104.3058909,104.3418909,104.3171909,
3293.85,104.3321,104.3661,104.3427,,,3293.85,104.3069951,104.3409951,104.3175951,
3294.7501,104.3328,104.3661,104.3433,,,3294.7501,104.3076994,104.3409994,104.3181994,
3295.6002,104.3326,104.3643,104.3424,,,3295.6002,104.3075034,104.3392034,104.3173034,
3296.45,104.3336,104.3629,104.3429,,,3296.45,104.3085074,104.3378074,104.3178074,
3297.35,104.3341,104.3637,104.3436,,,3297.35,104.3090117,104.3386117,104.3185117,
3298.2501,104.3342,104.3608,104.3422,,,3298.2501,104.309116,104.335716,104.317116,
3299.15,104.3357,104.3616,104.3433,,,3299.15,104.3106202,104.3365202,104.3182202,
3300.0499,104.3357,104.3588,104.3429,,,3300.0499,104.3106245,104.3337245,104.3178245,
3300.95,104.3371,104.3602,104.3439,,,3300.95,104.3120288,104.3351288,104.3188288,
3301.85,104.3384,104.3624,104.3455,,,3301.85,104.313333,104.337333,104.320433,
3302.7501,104.3404,104.3606,104.3469,,,3302.7501,104.3153373,104.3355373,104.3218373,
3303.65,104.3411,104.3606,104.3472,,,3303.65,104.3160416,104.3355416,104.3221416,
3304.5499,104.342,104.3615,104.3481,,,3304.5499,104.3169458,104.3364458,104.3230458,
3305.45,104.3423,104.3592,104.3475,,,3305.45,104.3172501,104.3341501,104.3224501,
3306.35,104.344,104.3584,104.3489,,,3306.35,104.3189544,104.3333544,104.3238544,
3307.2501,104.3445,104.3608,104.35,,,3307.2501,104.3194586,104.3357586,104.3249586,
3308.15,104.3459,104.3595,104.3502,,,3308.15,104.3208629,104.3344629,104.3251629,
3309.0001,104.3475,104.3604,104.352,,,3309.0001,104.3224669,104.3353669,104.3269669,
3309.85,104.3493,104.3623,104.3537,,,3309.85,104.3242709,104.3372709,104.3286709,
3310.7501,104.3493,104.3596,104.3524,,,3310.7501,104.3242752,104.3345752,104.3273752,
3311.65,104.3506,104.3607,104.3543,,,3311.65,104.3255795,104.3356795,104.3292795,
3312.5499,104.3516,104.3596,104.3548,,,3312.5499,104.3265837,104.3345837,104.3297837,
3313.45,104.3533,104.36,104.3566,,,3313.45,104.328288,104.334988,104.331588,
3314.35,104.3549,104.3616,104.3579,,,3314.35,104.3298923,104.3365923,104.3328923,
3315.2501,104.3557,104.3614,104.3584,,,3315.2501,104.3306965,104.3363965,104.3333965,
3316.15,104.3582,104.3654,104.3617,,,3316.15,104.3332008,104.3404008,104.3367008,
3317.0499,104.3591,104.3653,104.3621,,,3317.0499,104.3341051,104.3403051,104.3371051,
3317.95,104.3599,104.3655,104.3626,,,3317.95,104.3349093,104.3405093,104.3376093,
3318.85,104.3606,104.3668,104.3637,,,3318.85,104.3356136,104.3418136,104.3387136,
3319.7501,104.3614,104.368,104.3645,,,3319.7501,104.3364178,104.3430178,104.3395178,
3320.65,104.3623,104.3689,104.3653,,,3320.65,104.3373221,104.3439221,104.3403221,
3321.5499,104.3635,104.3712,104.3667,,,3321.5499,104.3385264,104.3462264,104.3417264,
3322.45,104.3643,104.3724,104.3678,,,3322.45,104.3393306,104.3474306,104.3428306,
3323.35,104.3662,104.376,104.3708,,,3323.35,104.3412349,104.3510349,104.3458349,
3324.2501,104.3662,104.3767,104.3712,,,3324.2501,104.3412392,104.3517392,104.3462392,
3325.15,104.3672,104.3768,104.3712,,,3325.15,104.3422434,104.3518434,104.3462434,
3326.0001,104.3676,104.3771,104.3719,,,3326.0001,104.3426475,104.3521475,104.3469475,
3326.9,104.3678,104.379,104.3729,,,3326.9,104.3428517,104.3540517,104.3479517,
3327.7999,104.3688,104.3807,104.3745,,,3327.7999,104.343856,104.355756,104.349556,
3328.65,104.3692,104.3822,104.3754,,,3328.65,104.34426,104.35726,104.35046,
3329.5499,104.3696,104.383,104.3765,,,3329.5499,104.3446643,104.3580643,104.3515643,
3330.45,104.3702,104.383,104.377,,,3330.45,104.3452686,104.3580686,104.3520686,
3331.35,104.3704,104.3853,104.3778,,,3331.35,104.3454728,104.3603728,104.3528728,
3332.2501,104.3702,104.387,104.3789,,,3332.2501,104.3452771,104.3620771,104.3539771,
3333.15,104.3701,104.3872,104.3789,,,3333.15,104.3451813,104.3622813,104.3539813,
3334.0499,104.3704,104.3856,104.3787,,,3334.0499,104.3454856,104.3606856,104.3537856,
3334.95,104.3698,104.3876,104.3794,,,3334.95,104.3448899,104.3626899,104.3544899,
3335.85,104.3698,104.3889,104.3803,,,3335.85,104.3448941,104.3639941,104.3553941,
3336.7501,104.3704,104.3911,104.3823,,,3336.7501,104.3454984,104.3661984,104.3573984,
3337.65,104.3702,104.3888,104.3808,,,3337.65,104.3453027,104.3639027,104.3559027,
3338.5499,104.3686,104.3909,104.3813,,,3338.5499,104.3437069,104.3660069,104.3564069,
3339.45,104.369,104.3893,104.3809,,,3339.45,104.3441112,104.3644112,104.3560112,
3340.35,104.3678,104.3944,104.3829,,,3340.35,104.3429155,104.3695155,104.3580155,
3341.2501,104.3684,104.3913,104.3811,,,3341.2501,104.3435197,104.3664197,104.3562197,
3342.15,104.3685,104.3908,104.3804,,,3342.15,104.343624,104.365924,104.355524,
3343.0499,104.368,104.3885,104.3796,,,3343.0499,104.3431283,104.3636283,104.3547283,
3343.95,104.3658,104.3886,104.3788,,,3343.95,104.3409325,104.3637325,104.3539325,
3344.85,104.3653,104.3858,104.3767,,,3344.85,104.3404368,104.3609368,104.3518368,
3345.7501,104.3631,104.3848,104.3748,,,3345.7501,104.3382411,104.3599411,104.3499411,
3346.6002,104.3624,104.3833,104.3738,,,3346.6002,104.3375451,104.3584451,104.3489451,
3347.5001,104.3611,104.3809,104.3717,,,3347.5001,104.3362493,104.3560493,104.3468493,
3348.4,104.3595,104.3805,104.372,,,3348.4,104.3346536,104.3556536,104.3471536,
3349.2999,104.358,104.377,104.3689,,,3349.2999,104.3331579,104.3521579,104.3440579,
3350.2501,104.3559,104.3754,104.3665,,,3350.2501,104.3310624,104.3505624,104.3416624,
3351.15,104.3544,104.3743,104.3655,,,3351.15,104.3295666,104.3494666,104.3406666,
3352.0499,104.3533,104.37,104.3619,,,3352.0499,104.3284709,104.3451709,104.3370709,
3352.9,104.3501,104.367,104.359,,,3352.9,104.3252749,104.3421749,104.3341749,
3353.7501,104.3486,104.3672,104.3577,,,3353.7501,104.323779,104.342379,104.332879,
3354.65,104.3471,104.3654,104.3555,,,3354.65,104.3222832,104.3405832,104.3306832,
3355.5499,104.3442,104.3631,104.353,,,3355.5499,104.3193875,104.3382875,104.3281875,
3356.45,104.3426,104.3615,104.3508,,,3356.45,104.3177918,104.3366918,104.3259918,
3357.35,104.34,104.3587,104.3482,,,3357.35,104.315196,104.333896,104.323396,
3358.2501,104.3365,104.3576,104.3451,,,3358.2501,104.3117003,104.3328003,104.3203003,
3359.15,104.3348,104.3561,104.3431,,,3359.15,104.3100045,104.3313045,104.3183045,
3360.0499,104.3326,104.3564,104.3415,,,3360.0499,104.3078088,104.3316088,104.3167088,
3360.95,104.3302,104.3559,104.3398,,,3360.95,104.3054131,104.3311131,104.3150131,
3361.85,104.3283,104.3568,104.3393,,,3361.85,104.3035173,104.3320173,104.3145173,
3362.7501,104.3258,104.3524,104.3354,,,3362.7501,104.3010216,104.3276216,104.3106216,
3363.65,104.3232,104.3513,104.3333,,,3363.65,104.2984259,104.3265259,104.3085259,
3364.5499,104.3207,104.3497,104.3313,,,3364.5499,104.2959301,104.3249301,104.3065301,
3365.45,104.3191,104.3498,104.33,,,3365.45,104.2943344,104.3250344,104.3052344,
3366.35,104.3162,104.3493,104.3281,,,3366.35,104.2914387,104.3245387,104.3033387,
3367.2501,104.3149,104.3569,104.3307,,,3367.2501,104.2901429,104.3321429,104.3059429,
3368.15,104.3131,104.3501,104.326,,,3368.15,104.2883472,104.3253472,104.3012472,
3369.0499,104.3109,104.3478,104.3239,,,3369.0499,104.2861515,104.3230515,104.2991515,
3369.95,104.3083,104.3467,104.3215,,,3369.95,104.2835557,104.3219557,104.2967557,
3370.85,104.3059,104.3457,104.3207,,,3370.85,104.28116,104.32096,104.29596,
3371.7501,104.3054,104.3461,104.3196,,,3371.7501,104.2806643,104.3213643,104.2948643,
3372.65,104.3013,104.3436,104.3166,,,3372.65,104.2765685,104.3188685,104.2918685,
3373.5499,104.3001,104.3439,104.3159,,,3373.5499,104.2753728,104.3191728,104.2911728,
3374.45,104.2997,104.345,104.316,,,3374.45,104.274977,104.320277,104.291277,
3375.35,104.298,104.3445,104.3163,,,3375.35,104.2732813,104.3197813,104.2915813,
3376.2501,104.2958,104.3475,104.3131,,,3376.2501,104.2710856,104.3227856,104.2883856,
3377.1002,104.2958,104.3438,104.3128,,,3377.1002,104.2710896,104.3190896,104.2880896,
3378.0001,104.2929,104.3414,104.3102,,,3378.0001,104.2681939,104.3166939,104.2854939,
3378.9,104.2906,104.3401,104.3087,,,3378.9,104.2658981,104.3153981,104.2839981,
3379.7501,104.2892,104.3399,104.3083,,,3379.7501,104.2645022,104.3152022,104.2836022,
3380.65,104.2883,104.342,104.3083,,,3380.65,104.2636064,104.3173064,104.2836064,
3381.5499,104.2878,104.3462,104.3093,,,3381.5499,104.2631107,104.3215107,104.2846107,
3382.45,104.2872,104.3514,104.3117,,,3382.45,104.262515,104.326715,104.287015,
3383.35,104.2856,104.3584,104.3145,,,3383.35,104.2609192,104.3337192,104.2898192,
3384.2501,104.2866,104.4054,104.3325,,,3384.2501,104.2619235,104.3807235,104.3078235,
3385.15,104.2847,104.3427,104.3081,,,3385.15,104.2600277,104.3180277,104.2834277,
3386.0499,104.2839,104.3474,104.3084,,,3386.0499,104.259232,104.322732,104.283732,
3386.95,104.2833,104.3461,104.3076,,,3386.95,104.2586363,104.3214363,104.2829363,
3387.85,104.2837,104.3424,104.3062,,,3387.85,104.2590405,104.3177405,104.2815405,
3388.7501,104.284,104.3592,104.3117,,,3388.7501,104.2593448,104.3345448,104.2870448,
3389.65,104.2829,104.3431,104.3062,,,3389.65,104.2582491,104.3184491,104.2815491,
3390.5499,104.2827,104.3686,104.3197,,,3390.5499,104.2580533,104.3439533,104.2950533,
3391.45,104.2808,104.3533,104.3049,,,3391.45,104.2561576,104.3286576,104.2802576,
3392.35,104.282,104.3487,104.3087,,,3392.35,104.2573619,104.3240619,104.2840619,
3393.2501,104.2814,104.3555,104.3106,,,3393.2501,104.2567661,104.3308661,104.2859661,
3394.15,104.2808,104.3518,104.3102,,,3394.15,104.2561704,104.3271704,104.2855704,
3395.0499,104.2812,104.3449,104.3065,,,3395.0499,104.2565747,104.3202747,104.2818747,
3395.95,104.2856,104.3665,104.3273,,,3395.95,104.2609789,104.3418789,104.3026789,
3396.85,104.2806,104.3497,104.3085,,,3396.85,104.2559832,104.3250832,104.2838832,
3397.7501,104.2822,104.3481,104.3091,,,3397.7501,104.2575875,104.3234875,104.2844875,
3398.65,104.2825,104.3462,104.309,,,3398.65,104.2578917,104.3215917,104.2843917,
3399.5499,104.282,104.347,104.3077,,,3399.5499,104.257396,104.322396,104.283096,
3400.45,104.2809,104.3462,104.3065,,,3400.45,104.2563002,104.3216002,104.2819002,
3401.35,104.284,104.3532,104.3132,,,3401.35,104.2594045,104.3286045,104.2886045,
3402.2501,104.2818,104.3612,104.3172,,,3402.2501,104.2572088,104.3366088,104.2926088,
3403.15,104.2822,104.3447,104.3083,,,3403.15,104.257613,104.320113,104.283713,
3404.0499,104.2831,104.3447,104.3068,,,3404.0499,104.2585173,104.3201173,104.2822173,
3404.95,104.2837,104.3426,104.3063,,,3404.95,104.2591216,104.3180216,104.2817216,
3405.85,104.2852,104.3645,104.3201,,,3405.85,104.2606258,104.3399258,104.2955258,
3406.6998,104.2839,104.3551,104.314,,,3406.6998,104.2593299,104.3305299,104.2894299,
3407.6,104.2859,104.3481,104.3097,,,3407.6,104.2613341,104.3235341,104.2851341,
3408.5001,104.2874,104.349,104.3126,,,3408.5001,104.2628384,104.3244384,104.2880384,
3409.35,104.2878,104.3596,104.3157,,,3409.35,104.2632424,104.3350424,104.2911424,
3410.2501,104.2895,104.3748,104.3268,,,3410.2501,104.2649467,104.3502467,104.3022467,
3411.15,104.291,104.3493,104.3133,,,3411.15,104.2664509,104.3247509,104.2887509,
3412.0499,104.2918,104.3512,104.3164,,,3412.0499,104.2672552,104.3266552,104.2918552,
3412.95,104.293,104.3506,104.3153,,,3412.95,104.2684595,104.3260595,104.2907595,
3413.85,104.2933,104.3529,104.3183,,,3413.85,104.2687637,104.3283637,104.2937637,
3414.7501,104.2947,104.3547,104.3181,,,3414.7501,104.270168,104.330168,104.293568,
3415.65,104.2977,104.3694,104.3271,,,3415.65,104.2731723,104.3448723,104.3025723,
3416.5499,104.2984,104.3552,104.3217,,,3416.5499,104.2738765,104.3306765,104.2971765,
3417.45,104.3001,104.3569,104.3235,,,3417.45,104.2755808,104.3323808,104.2989808,
3418.35,104.3035,104.3621,104.3279,,,3418.35,104.2789851,104.3375851,104.3033851,
3419.2501,104.302,104.356,104.3243,,,3419.2501,104.2774893,104.3314893,104.2997893,
3420.15,104.3039,104.3583,104.3284,,,3420.15,104.2793936,104.3337936,104.3038936,
3421.0499,104.308,104.3615,104.3301,,,3421.0499,104.2834979,104.3369979,104.3055979,
3421.95,104.3082,104.3596,104.3282,,,3421.95,104.2837021,104.3351021,104.3037021,
3422.85,104.3095,104.3579,104.3284,,,3422.85,104.2850064,104.3334064,104.3039064,
3423.7501,104.3118,104.3595,104.331,,,3423.7501,104.2873107,104.3350107,104.3065107,
3424.65,104.3137,104.3615,104.3324,,,3424.65,104.2892149,104.3370149,104.3079149,
3425.5499,104.3148,104.3623,104.3334,,,3425.5499,104.2903192,104.3378192,104.3089192,
3426.45,104.3168,104.3651,104.3368,,,3426.45,104.2923234,104.3406234,104.3123234,
3427.35,104.3193,104.3627,104.3361,,,3427.35,104.2948277,104.3382277,104.3116277,
3428.2501,104.3208,104.3745,104.3437,,,3428.2501,104.296332,104.350032,104.319232,
3429.15,104.3232,104.3686,104.3412,,,3429.15,104.2987362,104.3441362,104.3167362,
3430.0499,104.3251,104.368,104.342,,,3430.0499,104.3006405,104.3435405,104.3175405,
3430.95,104.3269,104.3728,104.3463,,,3430.95,104.3024448,104.3483448,104.3218448,
3431.85,104.3286,104.3763,104.3475,,,3431.85,104.304149,104.351849,104.323049,
3432.7501,104.3293,104.3826,104.3505,,,3432.7501,104.3048533,104.3581533,104.3260533,
3433.65,104.334,104.3888,104.3574,,,3433.65,104.3095576,104.3643576,104.3329576,
3434.5499,104.3356,104.3798,104.3532,,,3434.5499,104.3111618,104.3553618,104.3287618,
3435.45,104.3376,104.3835,104.357,,,3435.45,104.3131661,104.3590661,104.3325661,
3436.35,104.3399,104.3798,104.3563,,,3436.35,104.3154704,104.3553704,104.3318704,
3437.1998,104.3435,104.3802,104.3583,,,3437.1998,104.3190744,104.3557744,104.3338744,
3438.1,104.343,104.3827,104.3593,,,3438.1,104.3185787,104.3582787,104.3348787,
3439.0001,104.3466,104.4132,104.3747,,,3439.0001,104.3221829,104.3887829,104.3502829,
3439.9,104.3471,104.3844,104.3635,,,3439.9,104.3226872,104.3599872,104.3390872,
3440.7999,104.3486,104.3794,104.3609,,,3440.7999,104.3241914,104.3549914,104.3364914,
3441.65,104.3504,104.386,104.3657,,,3441.65,104.3259955,104.3615955,104.3412955,
3442.5499,104.3526,104.4026,104.3712,,,3442.5499,104.3281997,104.3781997,104.3467997,
3443.45,104.3536,104.3826,104.3655,,,3443.45,104.329204,104.358204,104.341104,
3444.35,104.3567,104.386,104.3684,,,3444.35,104.3323083,104.3616083,104.3440083,
3445.2501,104.3571,104.3932,104.372,,,3445.2501,104.3327125,104.3688125,104.3476125,
3446.15,104.3591,104.3942,104.3736,,,3446.15,104.3347168,104.3698168,104.3492168,
3447.0499,104.3607,104.4201,104.3877,,,3447.0499,104.3363211,104.3957211,104.3633211,
3447.95,104.3624,104.3858,104.372,,,3447.95,104.3380253,104.3614253,104.3476253,
3448.85,104.3626,104.3909,104.3757,,,3448.85,104.3382296,104.3665296,104.3513296,
3449.7501,104.3635,104.4087,104.3821,,,3449.7501,104.3391339,104.3843339,104.3577339,
3450.65,104.3646,104.3896,104.3756,,,3450.65,104.3402381,104.3652381,104.3512381,
3451.5499,104.3665,104.3912,104.3771,,,3451.5499,104.3421424,104.3668424,104.3527424,
3452.45,104.368,104.3915,104.3777,,,3452.45,104.3436466,104.3671466,104.3533466,
3453.35,104.3686,104.394,104.3799,,,3453.35,104.3442509,104.3696509,104.3555509,
3454.2501,104.3685,104.3913,104.3785,,,3454.2501,104.3441552,104.3669552,104.3541552,
3455.15,104.3701,104.395,104.3814,,,3455.15,104.3457594,104.3706594,104.3570594,
3456.0499,104.3704,104.3951,104.3814,,,3456.0499,104.3460637,104.3707637,104.3570637,
3456.95,104.3716,104.4038,104.3858,,,3456.95,104.347268,104.379468,104.361468,
3457.85,104.372,104.4038,104.3856,,,3457.85,104.3476722,104.3794722,104.3612722,
3458.7501,104.3743,104.3959,104.384,,,3458.7501,104.3499765,104.3715765,104.3596765,
3459.65,104.3747,104.3964,104.384,,,3459.65,104.3503808,104.3720808,104.3596808,
3460.5499,104.3758,104.3986,104.3858,,,3460.5499,104.351485,104.374285,104.361485,
3461.45,104.3764,104.4058,104.3895,,,3461.45,104.3520893,104.3814893,104.3651893,
3462.35,104.3771,104.3983,104.3866,,,3462.35,104.3527936,104.3739936,104.3622936,
3463.2501,104.3774,104.4037,104.3888,,,3463.2501,104.3530978,104.3793978,104.3644978,
3464.15,104.3776,104.3972,104.3874,,,3464.15,104.3533021,104.3729021,104.3631021,
3465.0499,104.3778,104.3968,104.3875,,,3465.0499,104.3535064,104.3725064,104.3632064,
3465.95,104.3788,104.3994,104.3891,,,3465.95,104.3545106,104.3751106,104.3648106,
3466.85,104.3791,104.4024,104.3908,,,3466.85,104.3548149,104.3781149,104.3665149,
3467.7501,104.3792,104.3986,104.3891,,,3467.7501,104.3549191,104.3743191,104.3648191,
3468.65,104.3798,104.4018,104.391,,,3468.65,104.3555234,104.3775234,104.3667234,
3469.5499,104.381,104.4001,104.3903,,,3469.5499,104.3567277,104.3758277,104.3660277,
3470.45,104.3799,104.3974,104.389,,,3470.45,104.3556319,104.3731319,104.3647319,
3471.35,104.3807,104.4036,104.3936,,,3471.35,104.3564362,104.3793362,104.3693362,
3472.2501,104.3807,104.4022,104.3927,,,3472.2501,104.3564405,104.3779405,104.3684405,
3473.15,104.381,104.3991,104.3903,,,3473.15,104.3567447,104.3748447,104.3660447,
3474.0499,104.3815,104.3977,104.3901,,,3474.0499,104.357249,104.373449,104.365849,
3474.95,104.3811,104.3977,104.3899,,,3474.95,104.3568533,104.3734533,104.3656533,
3475.85,104.3821,104.3964,104.3895,,,3475.85,104.3578575,104.3721575,104.3652575,
3476.7501,104.383,104.4003,104.3919,,,3476.7501,104.3587618,104.3760618,104.3676618,
3477.65,104.3826,104.4001,104.3911,,,3477.65,104.3583661,104.3758661,104.3668661,
3478.5499,104.3833,104.3975,104.3899,,,3478.5499,104.3590703,104.3732703,104.3656703,
3479.45,104.3838,104.3955,104.3895,,,3479.45,104.3595746,104.3712746,104.3652746,
3480.35,104.385,104.3967,104.391,,,3480.35,104.3607789,104.3724789,104.3667789,
3481.2501,104.3846,104.4003,104.3923,,,3481.2501,104.3603831,104.3760831,104.3680831,
3482.15,104.3848,104.4014,104.3932,,,3482.15,104.3605874,104.3771874,104.3689874,
3483.0499,104.3853,104.4033,104.3948,,,3483.0499,104.3610916,104.3790916,104.3705916,
3483.95,104.386,104.3986,104.3921,,,3483.95,104.3617959,104.3743959,104.3678959,
3484.85,104.3884,104.4033,104.3954,,,3484.85,104.3642002,104.3791002,104.3712002,
3485.7501,104.3874,104.4041,104.3949,,,3485.7501,104.3632044,104.3799044,104.3707044,
3486.65,104.3895,104.4005,104.3944,,,3486.65,104.3653087,104.3763087,104.3702087,
3487.5499,104.3889,104.399,104.3934,,,3487.5499,104.364713,104.374813,104.369213,
3488.45,104.3912,104.3989,104.3947,,,3488.45,104.3670172,104.3747172,104.3705172,
3489.2999,104.3913,104.3994,104.395,,,3489.2999,104.3671213,104.3752213,104.3708213,
3490.2,104.3919,104.4022,104.3964,,,3490.2,104.3677255,104.3780255,104.3722255,
3491.1002,104.3931,104.4019,104.397,,,3491.1002,104.3689298,104.3777298,104.3728298,
3491.95,104.3948,104.4054,104.4001,,,3491.95,104.3706338,104.3812338,104.3759338,
3492.85,104.3955,104.4034,104.3994,,,3492.85,104.3713381,104.3792381,104.3752381,
3493.7501,104.3974,104.4095,104.4027,,,3493.7501,104.3732424,104.3853424,104.3785424,
3494.65,104.3977,104.4083,104.4016,,,3494.65,104.3735466,104.3841466,104.3774466,
3495.5499,104.3987,104.4127,104.4039,,,3495.5499,104.3745509,104.3885509,104.3797509,
3496.45,104.3994,104.4122,104.4047,,,3496.45,104.3752551,104.3880551,104.3805551,
3497.35,104.4007,104.4116,104.4048,,,3497.35,104.3765594,104.3874594,104.3806594,
3498.2501,104.4013,104.4144,104.4064,,,3498.2501,104.3771637,104.3902637,104.3822637,
3499.15,104.4042,104.4163,104.4089,,,3499.15,104.3800679,104.3921679,104.3847679,
3500.0499,104.4048,104.4182,104.4102,,,3500.0499,104.3806722,104.3940722,104.3860722,
3500.95,104.405,104.4206,104.4115,,,3500.95,104.3808765,104.3964765,104.3873765,
3501.85,104.4064,104.4294,104.4158,,,3501.85,104.3822807,104.4052807,104.3916807,
3502.7501,104.4069,104.429,104.4175,,,3502.7501,104.382785,104.404885,104.393385,
3503.65,104.4071,104.4252,104.4152,,,3503.65,104.3829893,104.4010893,104.3910893,
3504.5499,104.4071,104.4275,104.4159,,,3504.5499,104.3829935,104.4033935,104.3917935,
3505.45,104.408,104.4416,104.4231,,,3505.45,104.3838978,104.4174978,104.3989978,
3506.35,104.4093,104.4491,104.4288,,,3506.35,104.3852021,104.4250021,104.4047021,
3507.1998,104.4103,104.4365,104.4212,,,3507.1998,104.3862061,104.4124061,104.3971061,
3508.0499,104.4109,104.4521,104.4298,,,3508.0499,104.3868101,104.4280101,104.4057101,
3508.95,104.4097,104.4417,104.4236,,,3508.95,104.3856144,104.4176144,104.3995144,
3509.85,104.4096,104.441,104.4222,,,3509.85,104.3855186,104.4169186,104.3981186,
3510.7501,104.4104,104.4648,104.4389,,,3510.7501,104.3863229,104.4407229,104.4148229,
3511.65,104.4127,104.4698,104.4408,,,3511.65,104.3886272,104.4457272,104.4167272,
3512.5499,104.4108,104.4631,104.4366,,,3512.5499,104.3867314,104.4390314,104.4125314,
3513.45,104.4115,104.449,104.4276,,,3513.45,104.3874357,104.4249357,104.4035357,
3514.35,104.4096,104.4519,104.4281,,,3514.35,104.38554,104.42784,104.40404,
3515.2501,104.4095,104.4502,104.4274,,,3515.2501,104.3854442,104.4261442,104.4033442,
3516.15,104.41,104.4758,104.4439,,,3516.15,104.3859485,104.4517485,104.4198485,
3517.0499,104.4088,104.4527,104.4273,,,3517.0499,104.3847528,104.4286528,104.4032528,
3517.95,104.41,104.4541,104.4279,,,3517.95,104.385957,104.430057,104.403857,
3518.85,104.4087,104.4601,104.4277,,,3518.85,104.3846613,104.4360613,104.4036613,
3519.7501,104.4101,104.4804,104.4433,,,3519.7501,104.3860656,104.4563656,104.4192656,
3520.65,104.4128,104.5083,104.4586,,,3520.65,104.3887698,104.4842698,104.4345698,
3521.5499,104.4112,104.484,104.4442,,,3521.5499,104.3871741,104.4599741,104.4201741,
3522.45,104.412,104.4901,104.4457,,,3522.45,104.3879783,104.4660783,104.4216783,
3523.35,104.4127,104.4907,104.4453,,,3523.35,104.3886826,104.4666826,104.4212826,
3524.2501,104.4136,104.4836,104.444,,,3524.2501,104.3895869,104.4595869,104.4199869,
3525.15,104.414,104.4863,104.445,,,3525.15,104.3899911,104.4622911,104.4209911,
3526.0001,104.4134,104.486,104.4462,,,3526.0001,104.3893952,104.4619952,104.4221952,
3526.9,104.4217,104.4936,104.4538,,,3526.9,104.3976994,104.4695994,104.4297994,
3527.85,104.4161,104.4875,104.4475,,,3527.85,104.3921039,104.4635039,104.4235039,
3528.7501,104.4162,104.5034,104.4529,,,3528.7501,104.3922082,104.4794082,104.4289082,
3529.65,104.4169,104.4945,104.4501,,,3529.65,104.3929125,104.4705125,104.4261125,
3530.5499,104.4189,104.4971,104.4481,,,3530.5499,104.3949167,104.4731167,104.4241167,
3531.4,104.4194,104.4863,104.4461,,,3531.4,104.3954208,104.4623208,104.4221208,
3532.2501,104.4204,104.4838,104.4416,,,3532.2501,104.3964248,104.4598248,104.4176248,
3533.2,104.422,104.4554,104.433,,,3533.2,104.3980293,104.4314293,104.4090293,
3534.1002,104.4234,104.5024,104.4532,,,3534.1002,104.3994335,104.4784335,104.4292335,
3534.95,104.4245,104.4597,104.4363,,,3534.95,104.4005376,104.4357376,104.4123376,
3535.85,104.4261,104.486,104.4469,,,3535.85,104.4021418,104.4620418,104.4229418,
3536.7501,104.4269,104.4628,104.4376,,,3536.7501,104.4029461,104.4388461,104.4136461,
3537.65,104.4302,104.4627,104.4413,,,3537.65,104.4062504,104.4387504,104.4173504,
3538.5499,104.4307,104.4748,104.4467,,,3538.5499,104.4067546,104.4508546,104.4227546,
3539.45,104.4315,104.4668,104.4421,,,3539.45,104.4075589,104.4428589,104.4181589,
3540.35,104.438,104.5112,104.4645,,,3540.35,104.4140632,104.4872632,104.4405632,
3541.2501,104.4323,104.4527,104.4394,,,3541.2501,104.4083674,104.4287674,104.4154674,
3542.15,104.4346,104.4959,104.4561,,,3542.15,104.4106717,104.4719717,104.4321717,
3543.0499,104.4355,104.4592,104.4431,,,3543.0499,104.411576,104.435276,104.419176,
3543.95,104.4362,104.4553,104.4432,,,3543.95,104.4122802,104.4313802,104.4192802,
3544.85,104.4371,104.4899,104.4553,,,3544.85,104.4131845,104.4659845,104.4313845,
3545.7501,104.437,104.4964,104.4605,,,3545.7501,104.4130888,104.4724888,104.4365888,
3546.65,104.4381,104.4572,104.4468,,,3546.65,104.414193,104.433293,104.422893,
3547.5499,104.4396,104.4662,104.4519,,,3547.5499,104.4156973,104.4422973,104.4279973,
3548.45,104.4406,104.4561,104.4482,,,3548.45,104.4167015,104.4322015,104.4243015,
3549.35,104.4417,104.4568,104.449,,,3549.35,104.4178058,104.4329058,104.4251058,
3550.2501,104.4425,104.4752,104.4557,,,3550.2501,104.4186101,104.4513101,104.4318101,
3551.15,104.4435,104.4906,104.461,,,3551.15,104.4196143,104.4667143,104.4371143,
3552.0499,104.4441,104.4805,104.4602,,,3552.0499,104.4202186,104.4566186,104.4363186,
3552.95,104.4448,104.4672,104.4557,,,3552.95,104.4209229,104.4433229,104.4318229,
3553.85,104.4453,104.4873,104.4626,,,3553.85,104.4214271,104.4634271,104.4387271,
3554.6998,104.4464,104.4719,104.4601,,,3554.6998,104.4225312,104.4480312,104.4362312,
3555.6,104.4478,104.4776,104.4632,,,3555.6,104.4239354,104.4537354,104.4393354,
3556.5499,104.4482,104.4682,104.4615,,,3556.5499,104.4243399,104.4443399,104.4376399,
3557.4,104.4495,104.4844,104.4664,,,3557.4,104.425644,104.460544,104.442544,
3558.2501,104.4509,104.4799,104.467,,,3558.2501,104.427048,104.456048,104.443148,
3559.15,104.4514,104.4785,104.4675,,,3559.15,104.4275522,104.4546522,104.4436522,
3560.0499,104.4534,104.4839,104.4695,,,3560.0499,104.4295565,104.4600565,104.4456565,
3560.95,104.4534,104.4791,104.4697,,,3560.95,104.4295608,104.4552608,104.4458608,
3561.85,104.4546,104.477,104.4704,,,3561.85,104.430765,104.453165,104.446565,
3562.7501,104.4545,104.4803,104.4711,,,3562.7501,104.4306693,104.4564693,104.4472693,
3563.65,104.4549,104.4805,104.4727,,,3563.65,104.4310736,104.4566736,104.4488736,
3564.5499,104.4549,104.4832,104.4743,,,3564.5499,104.4310778,104.4593778,104.4504778,
3565.45,104.4558,104.4881,104.4755,,,3565.45,104.4319821,104.4642821,104.4516821,
3566.35,104.4568,104.4871,104.4769,,,3566.35,104.4329864,104.4632864,104.4530864,
3567.2501,104.4566,104.4875,104.4777,,,3567.2501,104.4327906,104.4636906,104.4538906,
3568.15,104.4565,104.4879,104.4771,,,3568.15,104.4326949,104.4640949,104.4532949,
3569.0499,104.4565,104.4827,104.4696,,,3569.0499,104.4326992,104.4588992,104.4457992,
3569.95,104.4578,104.484,104.4721,,,3569.95,104.4340034,104.4602034,104.4483034,
3570.85,104.4568,104.4839,104.4698,,,3570.85,104.4330077,104.4601077,104.4460077,
3571.7501,104.4558,104.4851,104.4707,,,3571.7501,104.432012,104.461312,104.446912,
3572.65,104.4562,104.4862,104.4721,,,3572.65,104.4324162,104.4624162,104.4483162,
3573.5499,104.4549,104.486,104.4692,,,3573.5499,104.4311205,104.4622205,104.4454205,
3574.45,104.4551,104.4863,104.4693,,,3574.45,104.4313247,104.4625247,104.4455247,
3575.35,104.4551,104.4867,104.4691,,,3575.35,104.431329,104.462929,104.445329,
3576.2501,104.4551,104.4869,104.4689,,,3576.2501,104.4313333,104.4631333,104.4451333,
3577.15,104.4547,104.487,104.4682,,,3577.15,104.4309375,104.4632375,104.4444375,
3578.0499,104.4549,104.492,104.4778,,,3578.0499,104.4311418,104.4682418,104.4540418,
3578.95,104.4539,104.4933,104.4772,,,3578.95,104.4301461,104.4695461,104.4534461,
3579.85,104.4541,104.4866,104.4674,,,3579.85,104.4303503,104.4628503,104.4436503,
3580.7501,104.4538,104.495,104.4798,,,3580.7501,104.4300546,104.4712546,104.4560546,
3581.65,104.4534,104.4936,104.4794,,,3581.65,104.4296589,104.4698589,104.4556589,
3582.5499,104.4523,104.4925,104.4776,,,3582.5499,104.4285631,104.4687631,104.4538631,
3583.45,104.4519,104.4925,104.477,,,3583.45,104.4281674,104.4687674,104.4532674,
3584.35,104.4506,104.4874,104.4701,,,3584.35,104.4268717,104.4636717,104.4463717,
3585.2501,104.4491,104.4863,104.4723,,,3585.2501,104.4253759,104.4625759,104.4485759,
3586.15,104.4483,104.4854,104.4705,,,3586.15,104.4245802,104.4616802,104.4467802,
3587.0499,104.4471,104.4714,104.4578,,,3587.0499,104.4233845,104.4476845,104.4340845,
3587.95,104.4471,104.4811,104.4661,,,3587.95,104.4233887,104.4573887,104.4423887,
3588.85,104.444,104.4779,104.4627,,,3588.85,104.420293,104.454193,104.438993,
3589.7501,104.4435,104.4812,104.4637,,,3589.7501,104.4197972,104.4574972,104.4399972,
3590.65,104.4425,104.4984,104.4671,,,3590.65,104.4188015,104.4747015,104.4434015,
3591.6,104.4406,104.4975,104.4647,,,3591.6,104.416906,104.473806,104.441006,
3592.5499,104.4378,104.4816,104.4571,,,3592.5499,104.4141105,104.4579105,104.4334105,
3593.45,104.4355,104.4672,104.4501,,,3593.45,104.4118148,104.4435148,104.4264148,
3594.35,104.4337,104.4691,104.4507,,,3594.35,104.410019,104.445419,104.427019,
3595.2501,104.4324,104.5032,104.4608,,,3595.2501,104.4087233,104.4795233,104.4371233,
3596.15,104.4299,104.4959,104.4568,,,3596.15,104.4062276,104.4722276,104.4331276,
3597.0499,104.4273,104.4671,104.445,,,3597.0499,104.4036318,104.4434318,104.4213318,
3597.95,104.4259,104.4805,104.4498,,,3597.95,104.4022361,104.4568361,104.4261361,
3598.85,104.4232,104.465,104.4414,,,3598.85,104.3995404,104.4413404,104.4177404,
3599.7501,104.421,104.451,104.4331,,,3599.7501,104.3973446,104.4273446,104.4094446,
3600.65,104.4187,104.4624,104.4353,,,3600.65,104.3950489,104.4387489,104.4116489,
3601.5499,104.4169,104.4449,104.4277,,,3601.5499,104.3932532,104.4212532,104.4040532,
3602.45,104.4146,104.4633,104.4344,,,3602.45,104.3909574,104.4396574,104.4107574,
3603.35,104.4124,104.458,104.4295,,,3603.35,104.3887617,104.4343617,104.4058617,
3604.2501,104.4115,104.5093,104.4528,,,3604.2501,104.387866,104.485666,104.429166,
3605.15,104.4083,104.4691,104.4338,,,3605.15,104.3846702,104.4454702,104.4101702,
3606.0499,104.4046,104.455,104.426,,,3606.0499,104.3809745,104.4313745,104.4023745,
3606.95,104.4048,104.5059,104.4498,,,3606.95,104.3811787,104.4822787,104.4261787,
3607.85,104.4022,104.4671,104.4296,,,3607.85,104.378583,104.443483,104.405983,
3608.7501,104.4003,104.4427,104.4177,,,3608.7501,104.3766873,104.4190873,104.3940873,
3609.65,104.3972,104.4554,104.42,,,3609.65,104.3735915,104.4317915,104.3963915,
3610.5499,104.3995,104.4871,104.4358,,,3610.5499,104.3758958,104.4634958,104.4121958,
3611.45,104.395,104.4504,104.4173,,,3611.45,104.3714001,104.4268001,104.3937001,
3612.35,104.3955,104.4758,104.429,,,3612.35,104.3719043,104.4522043,104.4054043,
3613.2501,104.3939,104.4824,104.4312,,,3613.2501,104.3703086,104.4588086,104.4076086,
3614.15,104.3925,104.511,104.4462,,,3614.15,104.3689129,104.4874129,104.4226129,
3615.0499,104.3873,104.4346,104.4061,,,3615.0499,104.3637171,104.4110171,104.3825171,
3616.0001,104.3853,104.4353,104.4049,,,3616.0001,104.3617216,104.4117216,104.3813216,
3616.95,104.3844,104.4328,104.4038,,,3616.95,104.3608261,104.4092261,104.3802261,
3617.85,104.3827,104.4637,104.4115,,,3617.85,104.3591304,104.4401304,104.3879304,
3618.7501,104.3841,104.4874,104.4231,,,3618.7501,104.3605347,104.4638347,104.3995347,
3619.65,104.3798,104.4424,104.4036,,,3619.65,104.3562389,104.4188389,104.3800389,
3620.5499,104.3784,104.4561,104.4065,,,3620.5499,104.3548432,104.4325432,104.3829432,
3621.45,104.3776,104.4569,104.4058,,,3621.45,104.3540475,104.4333475,104.3822475,
3622.35,104.3756,104.4358,104.4009,,,3622.35,104.3520517,104.4122517,104.3773517,
3623.2501,104.3764,104.4545,104.4061,,,3623.2501,104.352856,104.430956,104.382556,
3624.15,104.3733,104.441,104.3988,,,3624.15,104.3497603,104.4174603,104.3752603,
3625.0499,104.3732,104.432,104.3963,,,3625.0499,104.3496645,104.4084645,104.3727645,
3625.95,104.3716,104.442,104.3984,,,3625.95,104.3480688,104.4184688,104.3748688,
3626.85,104.3705,104.433,104.395,,,3626.85,104.346973,104.409473,104.371473,
3627.7501,104.3698,104.4324,104.3955,,,3627.7501,104.3462773,104.4088773,104.3719773,
3628.65,104.3694,104.4385,104.3978,,,3628.65,104.3458816,104.4149816,104.3742816,
3629.5499,104.3712,104.474,104.4146,,,3629.5499,104.3476858,104.4504858,104.3910858,
3630.45,104.3676,104.4264,104.3912,,,3630.45,104.3440901,104.4028901,104.3676901,
3631.35,104.3682,104.4631,104.4035,,,3631.35,104.3446944,104.4395944,104.3799944,
3632.2501,104.3655,104.4298,104.3933,,,3632.2501,104.3419986,104.4062986,104.3697986,
3633.15,104.3677,104.4346,104.3936,,,3633.15,104.3442029,104.4111029,104.3701029,
3634.0499,104.3663,104.4327,104.3918,,,3634.0499,104.3428072,104.4092072,104.3683072,
3634.95,104.371,104.5191,104.4423,,,3634.95,104.3475114,104.4956114,104.4188114,
3635.85,104.3685,104.4793,104.4142,,,3635.85,104.3450157,104.4558157,104.3907157,
3636.7501,104.3668,104.4349,104.3932,,,3636.7501,104.34332,104.41142,104.36972,
3637.65,104.3681,104.5007,104.4349,,,3637.65,104.3446242,104.4772242,104.4114242,
3638.5499,104.368,104.485,104.4161,,,3638.5499,104.3445285,104.4615285,104.3926285,
3639.45,104.3666,104.4346,104.3933,,,3639.45,104.3431328,104.4111328,104.3698328,
3640.35,104.3672,104.46,104.4071,,,3640.35,104.343737,104.436537,104.383637,
3641.2501,104.3666,104.4409,104.3949,,,3641.2501,104.3431413,104.4174413,104.3714413,
3642.15,104.3677,104.4402,104.397,,,3642.15,104.3442455,104.4167455,104.3735455,
3643.0499,104.367,104.4357,104.3949,,,3643.0499,104.3435498,104.4122498,104.3714498,
3643.95,104.3693,104.4396,104.3983,,,3643.95,104.3458541,104.4161541,104.3748541,
3644.85,104.3682,104.4369,104.3974,,,3644.85,104.3447583,104.4134583,104.3739583,
3645.7501,104.3689,104.4589,104.404,,,3645.7501,104.3454626,104.4354626,104.3805626,
3646.65,104.37,104.4503,104.3985,,,3646.65,104.3465669,104.4268669,104.3750669,
3647.5499,104.3701,104.4502,104.4041,,,3647.5499,104.3466711,104.4267711,104.3806711,
3648.45,104.3719,104.4656,104.4111,,,3648.45,104.3484754,104.4421754,104.3876754,
3649.35,104.3698,104.4386,104.3989,,,3649.35,104.3463797,104.4151797,104.3754797,
3650.2501,104.3733,104.4503,104.4028,,,3650.2501,104.3498839,104.4268839,104.3793839,
3651.15,104.3716,104.4394,104.4001,,,3651.15,104.3481882,104.4159882,104.3766882,
3652.0499,104.3721,104.448,104.4011,,,3652.0499,104.3486925,104.4245925,104.3776925,
3652.95,104.3731,104.449,104.4027,,,3652.95,104.3496967,104.4255967,104.3792967,
3653.85,104.3735,104.4432,104.4038,,,3653.85,104.350101,104.419801,104.380401,
3654.7501,104.3737,104.4385,104.4002,,,3654.7501,104.3503053,104.4151053,104.3768053,
3655.65,104.3767,104.4854,104.4234,,,3655.65,104.3533095,104.4620095,104.4000095,
3656.5499,104.3737,104.4451,104.403,,,3656.5499,104.3503138,104.4217138,104.3796138,
3657.45,104.3805,104.5304,104.453,,,3657.45,104.357118,104.507018,104.429618,
3658.35,104.383,104.548,104.4565,,,3658.35,104.3596223,104.5246223,104.4331223,
3659.2501,104.3831,104.5262,104.4542,,,3659.2501,104.3597266,104.5028266,104.4308266,
3660.15,104.3845,104.5328,104.4573,,,3660.15,104.3611308,104.5094308,104.4339308,
3661.0499,104.3848,104.5265,104.4556,,,3661.0499,104.3614351,104.5031351,104.4322351,
3661.95,104.385,104.5277,104.4557,,,3661.95,104.3616394,104.5043394,104.4323394,
3662.85,104.3868,104.5419,104.4579,,,3662.85,104.3634436,104.5185436,104.4345436,
3663.7501,104.3869,104.5304,104.457,,,3663.7501,104.3635479,104.5070479,104.4336479,
3664.65,104.3889,104.5261,104.4571,,,3664.65,104.3655522,104.5027522,104.4337522,
3665.5499,104.39,104.5383,104.4597,,,3665.5499,104.3666564,104.5149564,104.4363564,
3666.45,104.3896,104.5504,104.4641,,,3666.45,104.3662607,104.5270607,104.4407607,
3667.35,104.3901,104.5366,104.4605,,,3667.35,104.366765,104.513265,104.437165,
3668.2501,104.3903,104.5289,104.4588,,,3668.2501,104.3669692,104.5055692,104.4354692,
3669.15,104.3909,104.5336,104.4603,,,3669.15,104.3675735,104.5102735,104.4369735,
3670.0499,104.3927,104.5399,104.4619,,,3670.0499,104.3693777,104.5165777,104.4385777,
3670.95,104.394,104.521,104.4607,,,3670.95,104.370682,104.497682,104.437382,
3671.85,104.3975,104.5372,104.4634,,,3671.85,104.3741863,104.5138863,104.4400863,
3672.7501,104.3971,104.536,104.4644,,,3672.7501,104.3737905,104.5126905,104.4410905,
3673.65,104.3993,104.5258,104.462,,,3673.65,104.3759948,104.5024948,104.4386948,
3674.5499,104.4052,104.5288,104.4689,,,3674.5499,104.3818991,104.5054991,104.4455991,
3675.45,104.4026,104.5345,104.4667,,,3675.45,104.3793033,104.5112033,104.4434033,
3676.35,104.4044,104.5264,104.4661,,,3676.35,104.3811076,104.5031076,104.4428076,
3677.2501,104.4052,104.5104,104.4603,,,3677.2501,104.3819119,104.4871119,104.4370119,
3678.15,104.4076,104.5161,104.4631,,,3678.15,104.3843161,104.4928161,104.4398161,
3679.0499,104.4099,104.5229,104.4676,,,3679.0499,104.3866204,104.4996204,104.4443204,
3679.95,104.4128,104.5207,104.4682,,,3679.95,104.3895247,104.4974247,104.4449247,
3680.85,104.4119,104.5329,104.4711,,,3680.85,104.3886289,104.5096289,104.4478289,
3681.7501,104.4144,104.5141,104.4648,,,3681.7501,104.3911332,104.4908332,104.4415332,
3682.65,104.4159,104.5207,104.4701,,,3682.65,104.3926375,104.4974375,104.4468375,
3683.5499,104.4175,104.5186,104.4694,,,3683.5499,104.3942417,104.4953417,104.4461417,
3684.45,104.4194,104.525,104.4735,,,3684.45,104.396146,104.501746,104.450246,
3685.35,104.4209,104.518,104.469,,,3685.35,104.3976502,104.4947502,104.4457502,
3686.2501,104.4229,104.5106,104.4668,,,3686.2501,104.3996545,104.4873545,104.4435545,
3687.15,104.4252,104.5071,104.4636,,,3687.15,104.4019588,104.4838588,104.4403588,
3688.0001,104.4273,104.5472,104.4819,,,3688.0001,104.4040628,104.5239628,104.4586628,
3688.9,104.4605,104.5699,104.5301,,,3688.9,104.4372671,104.5466671,104.5068671,
3689.7999,104.4302,104.5008,104.4616,,,3689.7999,104.4069713,104.4775713,104.4383713,
3690.65,104.4314,104.4773,104.4506,,,3690.65,104.4081754,104.4540754,104.4273754,
3691.5499,104.4323,104.4773,104.4518,,,3691.5499,104.4090796,104.4540796,104.4285796,
3692.45,104.4353,104.4791,104.4534,,,3692.45,104.4120839,104.4558839,104.4301839,
3693.35,104.438,104.5159,104.4762,,,3693.35,104.4147882,104.4926882,104.4529882,
3694.2501,104.4414,104.5328,104.4847,,,3694.2501,104.4181924,104.5095924,104.4614924,
3695.15,104.4425,104.528,104.4863,,,3695.15,104.4192967,104.5047967,104.4630967,
3696.0499,104.4443,104.5194,104.4828,,,3696.0499,104.421101,104.496201,104.459601,
3696.95,104.4459,104.5234,104.4841,,,3696.95,104.4227052,104.5002052,104.4609052,
3697.85,104.447,104.5229,104.4866,,,3697.85,104.4238095,104.4997095,104.4634095,
3698.7501,104.4487,104.5218,104.4861,,,3698.7501,104.4255137,104.4986137,104.4629137,
3699.65,104.4513,104.5007,104.4714,,,3699.65,104.428118,104.477518,104.448218,
3700.5499,104.4542,104.5363,104.494,,,3700.5499,104.4310223,104.5131223,104.4708223,
3701.45,104.4549,104.4964,104.4732,,,3701.45,104.4317265,104.4732265,104.4500265,
3702.35,104.4572,104.528,104.4933,,,3702.35,104.4340308,104.5048308,104.4701308,
3703.2501,104.4584,104.5247,104.4911,,,3703.2501,104.4352351,104.5015351,104.4679351,
3704.15,104.4615,104.5308,104.4971,,,3704.15,104.4383393,104.5076393,104.4739393,
3705.0499,104.4637,104.5335,104.4976,,,3705.0499,104.4405436,104.5103436,104.4744436,
3705.95,104.4639,104.5258,104.4946,,,3705.95,104.4407479,104.5026479,104.4714479,
3706.85,104.4659,104.5085,104.4829,,,3706.85,104.4427521,104.4853521,104.4597521,
3707.7501,104.4684,104.5054,104.4854,,,3707.7501,104.4452564,104.4822564,104.4622564,
3708.65,104.4683,104.5046,104.4839,,,3708.65,104.4451607,104.4814607,104.4607607,
3709.5499,104.4709,104.5046,104.4862,,,3709.5499,104.4477649,104.4814649,104.4630649,
3710.45,104.4727,104.5073,104.4874,,,3710.45,104.4495692,104.4841692,104.4642692,
3711.35,104.4736,104.5077,104.4881,,,3711.35,104.4504735,104.4845735,104.4649735,
3712.2501,104.4766,104.5179,104.4941,,,3712.2501,104.4534777,104.4947777,104.4709777,
3713.15,104.4789,104.5152,104.4959,,,3713.15,104.455782,104.492082,104.472782,
3714.0499,104.4812,104.5139,104.4954,,,3714.0499,104.4580862,104.4907862,104.4722862,
3714.95,104.4828,104.5148,104.4962,,,3714.95,104.4596905,104.4916905,104.4730905,
3715.85,104.486,104.5163,104.4993,,,3715.85,104.4628948,104.4931948,104.4761948,
3716.6998,104.4887,104.5229,104.5037,,,3716.6998,104.4655988,104.4997988,104.4805988,
3717.6,104.4891,104.5219,104.5022,,,3717.6,104.4660031,104.4988031,104.4791031,
3718.5001,104.491,104.5199,104.5041,,,3718.5001,104.4679073,104.4968073,104.4810073,
3719.4,104.4936,104.5241,104.5072,,,3719.4,104.4705116,104.5010116,104.4841116,
3720.2999,104.495,104.5254,104.5082,,,3720.2999,104.4719159,104.5023159,104.4851159,
3721.15,104.4969,104.5254,104.5098,,,3721.15,104.4738199,104.5023199,104.4867199,
3722.0499,104.5002,104.5328,104.5128,,,3722.0499,104.4771242,104.5097242,104.4897242,
3722.95,104.5016,104.5294,104.5137,,,3722.95,104.4785284,104.5063284,104.4906284,
3723.85,104.5043,104.5327,104.5168,,,3723.85,104.4812327,104.5096327,104.4937327,
3724.7501,104.5071,104.534,104.5184,,,3724.7501,104.4840369,104.5109369,104.4953369,
3725.65,104.5085,104.5351,104.5198,,,3725.65,104.4854412,104.5120412,104.4967412,
3726.5499,104.5101,104.5356,104.5214,,,3726.5499,104.4870455,104.5125455,104.4983455,
3727.45,104.5114,104.5387,104.5234,,,3727.45,104.4883497,104.5156497,104.5003497,
3728.35,104.5149,104.5417,104.5256,,,3728.35,104.491854,104.518654,104.502554,
3729.2501,104.516,104.5409,104.5267,,,3729.2501,104.4929583,104.5178583,104.5036583,
3730.15,104.5171,104.5425,104.5288,,,3730.15,104.4940625,104.5194625,104.5057625,
3731.0499,104.5187,104.5439,104.5301,,,3731.0499,104.4956668,104.5208668,104.5070668,
3731.95,104.5225,104.5458,104.5328,,,3731.95,104.4994711,104.5227711,104.5097711,
3732.85,104.5247,104.5609,104.5452,,,3732.85,104.5016753,104.5378753,104.5221753,
3733.7501,104.5289,104.5634,104.5469,,,3733.7501,104.5058796,104.5403796,104.5238796,
3734.65,104.5262,104.557,104.54,,,3734.65,104.5031839,104.5339839,104.5169839,
3735.5499,104.5337,104.556,104.5428,,,3735.5499,104.5106881,104.5329881,104.5197881,
3736.45,104.534,104.5613,104.547,,,3736.45,104.5109924,104.5382924,104.5239924,
3737.35,104.538,104.5703,104.5561,,,3737.35,104.5149967,104.5472967,104.5330967,
3738.2501,104.5351,104.5653,104.5488,,,3738.2501,104.5121009,104.5423009,104.5258009,
3739.15,104.5388,104.5732,104.5578,,,3739.15,104.5158052,104.5502052,104.5348052,
3740.0499,104.5387,104.5718,104.5579,,,3740.0499,104.5157094,104.5488094,104.5349094,
3740.95,104.5423,104.5613,104.5506,,,3740.95,104.5193137,104.5383137,104.5276137,
3741.85,104.543,104.5625,104.5523,,,3741.85,104.520018,104.539518,104.529318,
3742.7501,104.5458,104.5649,104.5546,,,3742.7501,104.5228222,104.5419222,104.5316222,
3743.65,104.5454,104.5697,104.5584,,,3743.65,104.5224265,104.5467265,104.5354265,
3744.5499,104.5489,104.5731,104.5627,,,3744.5499,104.5259308,104.5501308,104.5397308,
3745.45,104.5509,104.5727,104.5636,,,3745.45,104.527935,104.549735,104.540635,
3746.35,104.5529,104.5727,104.5654,,,3746.35,104.5299393,104.5497393,104.5424393,
3747.2501,104.5552,104.573,104.5665,,,3747.2501,104.5322436,104.5500436,104.5435436,
3748.15,104.557,104.5744,104.5669,,,3748.15,104.5340478,104.5514478,104.5439478,
3749.0499,104.5617,104.575,104.5697,,,3749.0499,104.5387521,104.5520521,104.5467521,
3749.95,104.5614,104.5707,104.5662,,,3749.95,104.5384564,104.5477564,104.5432564,
3750.85,104.5632,104.5738,104.5693,,,3750.85,104.5402606,104.5508606,104.5463606,
3751.7501,104.5661,104.5757,104.5711,,,3751.7501,104.5431649,104.5527649,104.5481649,
3752.65,104.5641,104.574,104.5696,,,3752.65,104.5411692,104.5510692,104.5466692,
3753.5499,104.5645,104.5747,104.5705,,,3753.5499,104.5415734,104.5517734,104.5475734,
3754.45,104.5628,104.5754,104.5706,,,3754.45,104.5398777,104.5524777,104.5476777,
3755.35,104.5613,104.5735,104.5679,,,3755.35,104.5383819,104.5505819,104.5449819,
3756.2501,104.5598,104.5738,104.5671,,,3756.2501,104.5368862,104.5508862,104.5441862,
3757.15,104.5581,104.5765,104.5682,,,3757.15,104.5351905,104.5535905,104.5452905,
3758.0499,104.5578,104.5774,104.5669,,,3758.0499,104.5348947,104.5544947,104.5439947,
3758.95,104.5563,104.5864,104.5759,,,3758.95,104.533399,104.563499,104.552999,
3759.85,104.5567,104.5822,104.5695,,,3759.85,104.5338033,104.5593033,104.5466033,
3760.7501,104.5534,104.5782,104.5643,,,3760.7501,104.5305075,104.5553075,104.5414075,
3761.65,104.5517,104.5804,104.5641,,,3761.65,104.5288118,104.5575118,104.5412118,
3762.5499,104.5515,104.5787,104.5639,,,3762.5499,104.5286161,104.5558161,104.5410161,
3763.45,104.5493,104.577,104.5609,,,3763.45,104.5264203,104.5541203,104.5380203,
3764.35,104.5482,104.5805,104.5619,,,3764.35,104.5253246,104.5576246,104.5390246,
3765.2501,104.547,104.5783,104.5609,,,3765.2501,104.5241289,104.5554289,104.5380289,
3766.15,104.5482,104.5775,104.5592,,,3766.15,104.5253331,104.5546331,104.5363331,
3767.0499,104.5505,104.597,104.5793,,,3767.0499,104.5276374,104.5741374,104.5564374,
3767.95,104.5496,104.5974,104.5771,,,3767.95,104.5267416,104.5745416,104.5542416,
3768.85,104.55,104.5975,104.5764,,,3768.85,104.5271459,104.5746459,104.5535459,
3769.7501,104.5474,104.597,104.5718,,,3769.7501,104.5245502,104.5741502,104.5489502,
3770.65,104.5443,104.5974,104.5726,,,3770.65,104.5214544,104.5745544,104.5497544,
3771.5499,104.545,104.6006,104.5764,,,3771.5499,104.5221587,104.5777587,104.5535587,
3772.45,104.5433,104.5773,104.5592,,,3772.45,104.520463,104.554463,104.536363,
3773.35,104.5452,104.5894,104.5674,,,3773.35,104.5223672,104.5665672,104.5445672,
3774.2501,104.5465,104.6063,104.5892,,,3774.2501,104.5236715,104.5834715,104.5663715,
3775.15,104.5452,104.6031,104.575,,,3775.15,104.5223758,104.5802758,104.5521758,
3776.0499,104.5445,104.6017,104.5719,,,3776.0499,104.52168,104.57888,104.54908,
3776.95,104.5431,104.6014,104.5712,,,3776.95,104.5202843,104.5785843,104.5483843,
3777.85,104.5406,104.589,104.5659,,,3777.85,104.5177886,104.5661886,104.5430886,
3778.7501,104.5398,104.598,104.5693,,,3778.7501,104.5169928,104.5751928,104.5464928,
3779.65,104.5391,104.5985,104.5692,,,3779.65,104.5162971,104.5756971,104.5463971,
3780.5499,104.5391,104.6023,104.5711,,,3780.5499,104.5163014,104.5795014,104.5483014,
3781.45,104.538,104.5978,104.5678,,,3781.45,104.5152056,104.5750056,104.5450056,
3782.35,104.5366,104.5662,104.5523,,,3782.35,104.5138099,104.5434099,104.5295099,
3783.2501,104.535,104.5697,104.553,,,3783.2501,104.5122141,104.5469141,104.5302141,
3784.15,104.5363,104.5699,104.5556,,,3784.15,104.5135184,104.5471184,104.5328184,
3785.0499,104.5352,104.5658,104.551,,,3785.0499,104.5124227,104.5430227,104.5282227,
3785.95,104.5351,104.5665,104.5511,,,3785.95,104.5123269,104.5437269,104.5283269,
3786.85,104.5358,104.5692,104.5518,,,3786.85,104.5130312,104.5464312,104.5290312,
3787.7501,104.5468,104.5924,104.5719,,,3787.7501,104.5240355,104.5696355,104.5491355,
3788.65,104.5379,104.584,104.5656,,,3788.65,104.5151397,104.5612397,104.5428397,
3789.5499,104.5386,104.5879,104.5661,,,3789.5499,104.515844,104.565144,104.543344,
3790.45,104.5358,104.5848,104.5658,,,3790.45,104.5130483,104.5620483,104.5430483,
3791.35,104.534,104.5773,104.5635,,,3791.35,104.5112525,104.5545525,104.5407525,
3792.2501,104.5344,104.5926,104.5685,,,3792.2501,104.5116568,104.5698568,104.5457568,
3793.15,104.5335,104.5912,104.566,,,3793.15,104.5107611,104.5684611,104.5432611,
3794.0499,104.5317,104.5939,104.5672,,,3794.0499,104.5089653,104.5711653,104.5444653,
3794.95,104.5331,104.5786,104.5638,,,3794.95,104.5103696,104.5558696,104.5410696,
3795.85,104.5325,104.5791,104.5636,,,3795.85,104.5097739,104.5563739,104.5408739,
3796.7501,104.5335,104.5818,104.5644,,,3796.7501,104.5107781,104.5590781,104.5416781,
3797.65,104.5331,104.5864,104.566,,,3797.65,104.5103824,104.5636824,104.5432824,
3798.5499,104.5328,104.5986,104.5678,,,3798.5499,104.5100866,104.5758866,104.5450866,
3799.45,104.5328,104.5843,104.5651,,,3799.45,104.5100909,104.5615909,104.5423909,
3800.35,104.5323,104.5778,104.5627,,,3800.35,104.5095952,104.5550952,104.5399952,
3801.2501,104.5321,104.5797,104.564,,,3801.2501,104.5093994,104.5569994,104.5412994,
3802.15,104.532,104.581,104.5632,,,3802.15,104.5093037,104.5583037,104.5405037,
3803.0499,104.5315,104.5805,104.562,,,3803.0499,104.508808,104.557808,104.539308,
3803.95,104.5325,104.586,104.5663,,,3803.95,104.5098122,104.5633122,104.5436122,
3804.85,104.5301,104.5845,104.5638,,,3804.85,104.5074165,104.5618165,104.5411165,
3805.7501,104.529,104.5806,104.5629,,,3805.7501,104.5063208,104.5579208,104.5402208,
3806.65,104.5297,104.5853,104.5629,,,3806.65,104.507025,104.562625,104.540225,
3807.5499,104.53,104.5836,104.5629,,,3807.5499,104.5073293,104.5609293,104.5402293,
3808.45,104.5293,104.5789,104.5602,,,3808.45,104.5066336,104.5562336,104.5375336,
3809.35,104.5284,104.5824,104.5609,,,3809.35,104.5057378,104.5597378,104.5382378,
3810.2501,104.5278,104.5826,104.561,,,3810.2501,104.5051421,104.5599421,104.5383421,
3811.15,104.529,104.582,104.5611,,,3811.15,104.5063464,104.5593464,104.5384464,
3812.0499,104.5272,104.5817,104.5608,,,3812.0499,104.5045506,104.5590506,104.5381506,
3812.95,104.5258,104.5777,104.5571,,,3812.95,104.5031549,104.5550549,104.5344549,
3813.85,104.5274,104.5771,104.5577,,,3813.85,104.5047591,104.5544591,104.5350591,
3814.7501,104.5258,104.5757,104.5568,,,3814.7501,104.5031634,104.5530634,104.5341634,
3815.65,104.5276,104.5727,104.5557,,,3815.65,104.5049677,104.5500677,104.5330677,
3816.5499,104.5242,104.5708,104.5519,,,3816.5499,104.5015719,104.5481719,104.5292719,
3817.45,104.5238,104.5722,104.5539,,,3817.45,104.5011762,104.5495762,104.5312762,
3818.35,104.521,104.5703,104.5512,,,3818.35,104.4983805,104.5476805,104.5285805,
3819.2501,104.5206,104.5705,104.5503,,,3819.2501,104.4979847,104.5478847,104.5276847,
3820.15,104.5172,104.5672,104.5458,,,3820.15,104.494589,104.544589,104.523189,
3821.0499,104.5161,104.5614,104.5404,,,3821.0499,104.4934933,104.5387933,104.5177933,
3821.95,104.5143,104.5703,104.5455,,,3821.95,104.4916975,104.5476975,104.5228975,
3822.85,104.5167,104.5724,104.5492,,,3822.85,104.4941018,104.5498018,104.5266018,
3823.7501,104.5148,104.5715,104.5461,,,3823.7501,104.4922061,104.5489061,104.5235061,
3824.65,104.5121,104.5825,104.546,,,3824.65,104.4895103,104.5599103,104.5234103,
3825.5499,104.5114,104.5722,104.5413,,,3825.5499,104.4888146,104.5496146,104.5187146,
3826.45,104.5121,104.5722,104.5414,,,3826.45,104.4895189,104.5496189,104.5188189,
3827.35,104.5078,104.5685,104.5375,,,3827.35,104.4852231,104.5459231,104.5149231,
3828.2501,104.5065,104.5703,104.5373,,,3828.2501,104.4839274,104.5477274,104.5147274,
3829.15,104.5039,104.5352,104.5205,,,3829.15,104.4813316,104.5126316,104.4979316,
3830.0499,104.503,104.5744,104.5348,,,3830.0499,104.4804359,104.5518359,104.5122359,
3830.95,104.5015,104.5748,104.5334,,,3830.95,104.4789402,104.5522402,104.5108402,
3831.85,104.4991,104.5935,104.535,,,3831.85,104.4765444,104.5709444,104.5124444,
3832.7501,104.4984,104.5826,104.5337,,,3832.7501,104.4758487,104.5600487,104.5111487,
3833.65,104.496,104.5766,104.5304,,,3833.65,104.473453,104.554053,104.507853,
3834.5499,104.4926,104.5231,104.5053,,,3834.5499,104.4700572,104.5005572,104.4827572,
3835.45,104.4902,104.5215,104.5036,,,3835.45,104.4676615,104.4989615,104.4810615,
3836.35,104.4893,104.5679,104.5249,,,3836.35,104.4667658,104.5453658,104.5023658,
3837.2501,104.4878,104.5797,104.5263,,,3837.2501,104.46527,104.55717,104.50377,
3838.15,104.4867,104.5284,104.5038,,,3838.15,104.4641743,104.5058743,104.4812743,
3839.0499,104.4823,104.5204,104.4978,,,3839.0499,104.4597786,104.4978786,104.4752786,
3839.95,104.4838,104.5532,104.5146,,,3839.95,104.4612828,104.5306828,104.4920828,
3840.85,104.4801,104.5562,104.5139,,,3840.85,104.4575871,104.5336871,104.4913871,
3841.7501,104.476,104.5452,104.5052,,,3841.7501,104.4534914,104.5226914,104.4826914,
3842.65,104.4754,104.5379,104.5038,,,3842.65,104.4528956,104.5153956,104.4812956,
3843.5499,104.4709,104.5066,104.4854,,,3843.5499,104.4483999,104.4840999,104.4628999,
3844.5001,104.4705,104.5147,104.4882,,,3844.5001,104.4480044,104.4922044,104.4657044,
3845.4,104.4703,104.5722,104.5159,,,3845.4,104.4478086,104.5497086,104.4934086,
3846.2999,104.4684,104.5719,104.516,,,3846.2999,104.4459129,104.5494129,104.4935129,
3847.2501,104.466,104.5242,104.4892,,,3847.2501,104.4435174,104.5017174,104.4667174,
3848.1002,104.4627,104.5317,104.4906,,,3848.1002,104.4402214,104.5092214,104.4681214,
3849.0001,104.4627,104.5696,104.5094,,,3849.0001,104.4402257,104.5471257,104.4869257,
3849.9,104.4605,104.5061,104.4783,,,3849.9,104.43803,104.48363,104.45583,
3850.7999,104.4586,104.5034,104.4773,,,3850.7999,104.4361342,104.4809342,104.4548342,
3851.7501,104.4557,104.51,104.4765,,,3851.7501,104.4332387,104.4875387,104.4540387,
3852.65,104.456,104.5288,104.4905,,,3852.65,104.433543,104.506343,104.468043,
3853.5499,104.4572,104.5509,104.5015,,,3853.5499,104.4347473,104.5284473,104.4790473,
3854.45,104.4556,104.5712,104.5092,,,3854.45,104.4331515,104.5487515,104.4867515,
3855.35,104.4538,104.5781,104.51,,,3855.35,104.4313558,104.5556558,104.4875558,
3856.2501,104.4471,104.5108,104.4747,,,3856.2501,104.4246601,104.4883601,104.4522601,
3857.15,104.4463,104.4968,104.4673,,,3857.15,104.4238643,104.4743643,104.4448643,
3858.0499,104.4492,104.5443,104.4935,,,3858.0499,104.4267686,104.5218686,104.4710686,
3858.95,104.4514,104.5532,104.4986,,,3858.95,104.4289729,104.5307729,104.4761729,
3859.85,104.449,104.5857,104.5089,,,3859.85,104.4265771,104.5632771,104.4864771,
3860.7501,104.4495,104.5865,104.5094,,,3860.7501,104.4270814,104.5640814,104.4869814,
3861.65,104.4405,104.5176,104.4722,,,3861.65,104.4180856,104.4951856,104.4497856,
3862.5499,104.4425,104.512,104.4715,,,3862.5499,104.4200899,104.4895899,104.4490899,
3863.45,104.4418,104.5039,104.4666,,,3863.45,104.4193942,104.4814942,104.4441942,
3864.35,104.441,104.5019,104.4672,,,3864.35,104.4185984,104.4794984,104.4447984,
3865.2501,104.4394,104.5028,104.4637,,,3865.2501,104.4170027,104.4804027,104.4413027,
3866.15,104.44,104.5063,104.4656,,,3866.15,104.417607,104.483907,104.443207,
3867.0499,104.4409,104.5141,104.473,,,3867.0499,104.4185112,104.4917112,104.4506112,
3867.95,104.4405,104.5152,104.4711,,,3867.95,104.4181155,104.4928155,104.4487155,
3868.85,104.4412,104.5409,104.488,,,3868.85,104.4188198,104.5185198,104.4656198,
3869.7501,104.4398,104.5042,104.4661,,,3869.7501,104.417424,104.481824,104.443724,
3870.65,104.444,104.5691,104.5007,,,3870.65,104.4216283,104.5467283,104.4783283,
3871.5499,104.439,104.4914,104.4614,,,3871.5499,104.4166326,104.4690326,104.4390326,
3872.45,104.4433,104.5354,104.4862,,,3872.45,104.4209368,104.5130368,104.4638368,
3873.35,104.4435,104.516,104.4735,,,3873.35,104.4211411,104.4936411,104.4511411,
3874.2501,104.4449,104.5509,104.4979,,,3874.2501,104.4225454,104.5285454,104.4755454,
3875.15,104.4405,104.5265,104.477,,,3875.15,104.4181496,104.5041496,104.4546496,
3876.0499,104.44,104.5004,104.4631,,,3876.0499,104.4176539,104.4780539,104.4407539,
3876.95,104.4441,104.5435,104.4908,,,3876.95,104.4217581,104.5211581,104.4684581,
3877.85,104.44,104.5003,104.4651,,,3877.85,104.4176624,104.4779624,104.4427624,
3878.7501,104.441,104.5356,104.4783,,,3878.7501,104.4186667,104.5132667,104.4559667,
3879.65,104.4431,104.5298,104.4816,,,3879.65,104.4207709,104.5074709,104.4592709,
3880.5499,104.4417,104.5395,104.4832,,,3880.5499,104.4193752,104.5171752,104.4608752,
3881.45,104.4436,104.5638,104.4949,,,3881.45,104.4212795,104.5414795,104.4725795,
3882.35,104.4427,104.5423,104.4807,,,3882.35,104.4203837,104.5199837,104.4583837,
3883.2501,104.446,104.5495,104.491,,,3883.2501,104.423688,104.527188,104.468688,
3884.15,104.4441,104.554,104.4973,,,3884.15,104.4217923,104.5316923,104.4749923,
3885.0499,104.4463,104.5696,104.504,,,3885.0499,104.4239965,104.5472965,104.4816965,
3885.95,104.4467,104.5691,104.5044,,,3885.95,104.4244008,104.5468008,104.4821008,
3886.85,104.4483,104.5676,104.5047,,,3886.85,104.4260051,104.5453051,104.4824051,
3887.7501,104.4475,104.5646,104.504,,,3887.7501,104.4252093,104.5423093,104.4817093,
3888.65,104.4476,104.5094,104.4716,,,3888.65,104.4253136,104.4871136,104.4493136,
3889.5499,104.4496,104.521,104.4762,,,3889.5499,104.4273179,104.4987179,104.4539179,
3890.45,104.4518,104.5309,104.4862,,,3890.45,104.4295221,104.5086221,104.4639221,
3891.35,104.4529,104.5551,104.5048,,,3891.35,104.4306264,104.5328264,104.4825264,
3892.2501,104.4523,104.5688,104.5068,,,3892.2501,104.4300306,104.5465306,104.4845306,
3893.15,104.455,104.5531,104.4966,,,3893.15,104.4327349,104.5308349,104.4743349,
3894.0499,104.4557,104.5699,104.5085,,,3894.0499,104.4334392,104.5476392,104.4862392,
3894.95,104.4557,104.5423,104.4976,,,3894.95,104.4334434,104.5200434,104.4753434,
3895.85,104.4562,104.4977,104.472,,,3895.85,104.4339477,104.4754477,104.4497477,
3896.7501,104.4569,104.5007,104.4737,,,3896.7501,104.434652,104.478452,104.451452,
3897.65,104.4586,104.5057,104.4776,,,3897.65,104.4363562,104.4834562,104.4553562,
3898.5499,104.4596,104.5203,104.4837,,,3898.5499,104.4373605,104.4980605,104.4614605,
3899.45,104.4637,104.563,104.5108,,,3899.45,104.4414648,104.5407648,104.4885648,
3900.35,104.4651,104.5669,104.5117,,,3900.35,104.442869,104.544669,104.489469,
3901.2501,104.4671,104.5551,104.5094,,,3901.2501,104.4448733,104.5328733,104.4871733,
3902.15,104.4687,104.5531,104.5109,,,3902.15,104.4464776,104.5308776,104.4886776,
3903.0499,104.4684,104.5523,104.5092,,,3903.0499,104.4461818,104.5300818,104.4869818,
3903.95,104.4688,104.5538,104.5095,,,3903.95,104.4465861,104.5315861,104.4872861,
3904.85,104.4717,104.5609,104.514,,,3904.85,104.4494904,104.5386904,104.4917904,
3905.7501,104.4737,104.5652,104.5157,,,3905.7501,104.4514946,104.5429946,104.4934946,
3906.65,104.4727,104.5668,104.5153,,,3906.65,104.4504989,104.5445989,104.4930989,
3907.5499,104.4764,104.5648,104.5168,,,3907.5499,104.4542031,104.5426031,104.4946031,
3908.45,104.4774,104.548,104.5109,,,3908.45,104.4552074,104.5258074,104.4887074,
3909.35,104.4796,104.5516,104.5146,,,3909.35,104.4574117,104.5294117,104.4924117,
3910.2501,104.4807,104.5211,104.4962,,,3910.2501,104.4585159,104.4989159,104.4740159,
3911.15,104.4824,104.5515,104.5166,,,3911.15,104.4602202,104.5293202,104.4944202,
3912.0499,104.4836,104.5637,104.5212,,,3912.0499,104.4614245,104.5415245,104.4990245,
3912.95,104.4867,104.5692,104.5231,,,3912.95,104.4645287,104.5470287,104.5009287,
3913.85,104.4881,104.5652,104.5228,,,3913.85,104.465933,104.543033,104.500633,
3914.7501,104.489,104.557,104.5215,,,3914.7501,104.4668373,104.5348373,104.4993373,
3915.65,104.494,104.5602,104.5251,,,3915.65,104.4718415,104.5380415,104.5029415,
3916.5499,104.4946,104.5564,104.5232,,,3916.5499,104.4724458,104.5342458,104.5010458,
3917.45,104.495,104.5582,104.5245,,,3917.45,104.4728501,104.5360501,104.5023501,
3918.35,104.4975,104.5563,104.5257,,,3918.35,104.4753543,104.5341543,104.5035543,
3919.2501,104.4983,104.5617,104.5274,,,3919.2501,104.4761586,104.5395586,104.5052586,
3920.15,104.5012,104.5528,104.5243,,,3920.15,104.4790629,104.5306629,104.5021629,
3921.0499,104.5047,104.5568,104.5299,,,3921.0499,104.4825671,104.5346671,104.5077671,
3921.95,104.5057,104.561,104.5308,,,3921.95,104.4835714,104.5388714,104.5086714,
3922.85,104.5071,104.5391,104.5217,,,3922.85,104.4849756,104.5169756,104.4995756,
3923.7501,104.5088,104.5407,104.5242,,,3923.7501,104.4866799,104.5185799,104.5020799,
3924.65,104.5117,104.5513,104.5309,,,3924.65,104.4895842,104.5291842,104.5087842,
3925.5499,104.5133,104.5363,104.5218,,,3925.5499,104.4911884,104.5141884,104.4996884,
3926.45,104.5151,104.5573,104.5351,,,3926.45,104.4929927,104.5351927,104.5129927,
3927.35,104.5172,104.5418,104.5278,,,3927.35,104.495097,104.519697,104.505697,
3928.2501,104.5184,104.5347,104.5249,,,3928.2501,104.4963012,104.5126012,104.5028012,
3929.15,104.5215,104.5384,104.528,,,3929.15,104.4994055,104.5163055,104.5059055,
3930.0499,104.5235,104.5366,104.5288,,,3930.0499,104.5014098,104.5145098,104.5067098,
3930.95,104.5258,104.5367,104.5306,,,3930.95,104.503714,104.514614,104.508514,
3931.85,104.5272,104.5406,104.5327,,,3931.85,104.5051183,104.5185183,104.5106183,
3932.7501,104.5285,104.547,104.536,,,3932.7501,104.5064226,104.5249226,104.5139226,
3933.65,104.5309,104.541,104.5355,,,3933.65,104.5088268,104.5189268,104.5134268,
3934.5499,104.5331,104.5559,104.5428,,,3934.5499,104.5110311,104.5338311,104.5207311,
3935.45,104.5324,104.5464,104.5391,,,3935.45,104.5103354,104.5243354,104.5170354,
3936.35,104.5354,104.5529,104.5428,,,3936.35,104.5133396,104.5308396,104.5207396,
3937.1998,104.5363,104.5446,104.5403,,,3937.1998,104.5142436,104.5225436,104.5182436,
3938.0499,104.5382,104.5492,104.5425,,,3938.0499,104.5161477,104.5271477,104.5204477,
3938.95,104.5395,104.548,104.5434,,,3938.95,104.5174519,104.5259519,104.5213519,
3939.85,104.5405,104.5552,104.5463,,,3939.85,104.5184562,104.5331562,104.5242562,
3940.7501,104.5419,104.5568,104.5479,,,3940.7501,104.5198605,104.5347605,104.5258605,
3941.65,104.5421,104.5547,104.5468,,,3941.65,104.5200647,104.5326647,104.5247647,
3942.5499,104.5419,104.5505,104.5462,,,3942.5499,104.519869,104.528469,104.524169,
3943.45,104.543,104.5496,104.5461,,,3943.45,104.5209733,104.5275733,104.5240733,
3944.35,104.5443,104.5517,104.5479,,,3944.35,104.5222775,104.5296775,104.5258775,
3945.2501,104.5438,104.5511,104.5474,,,3945.2501,104.5217818,104.5290818,104.5253818,
3946.15,104.5446,104.5515,104.548,,,3946.15,104.5225861,104.5294861,104.5259861,
3947.0499,104.5449,104.5525,104.5487,,,3947.0499,104.5228903,104.5304903,104.5266903,
3947.95,104.5442,104.5505,104.5477,,,3947.95,104.5221946,104.5284946,104.5256946,
3948.85,104.5441,104.5517,104.5481,,,3948.85,104.5220988,104.5296988,104.5260988,
3949.7501,104.5441,104.5515,104.5481,,,3949.7501,104.5221031,104.5295031,104.5261031,
3950.65,104.5446,104.5509,104.548,,,3950.65,104.5226074,104.5289074,104.5260074,
3951.5499,104.5456,104.5521,104.5488,,,3951.5499,104.5236116,104.5301116,104.5268116,
3952.45,104.5457,104.5517,104.5487,,,3952.45,104.5237159,104.5297159,104.5267159,
3953.35,104.5438,104.5524,104.5483,,,3953.35,104.5218202,104.5304202,104.5263202,
3954.2501,104.5427,104.5511,104.5469,,,3954.2501,104.5207244,104.5291244,104.5249244,
3955.15,104.5431,104.552,104.5474,,,3955.15,104.5211287,104.5300287,104.5254287,
3956.0499,104.5427,104.5508,104.5465,,,3956.0499,104.520733,104.528833,104.524533,
3956.95,104.543,104.5515,104.5472,,,3956.95,104.5210372,104.5295372,104.5252372,
3957.7999,104.5425,104.5519,104.5472,,,3957.7999,104.5205413,104.5299413,104.5252413,
3958.7,104.5426,104.5558,104.55,,,3958.7,104.5206455,104.5338455,104.5280455,
3959.6002,104.5417,104.5532,104.5487,,,3959.6002,104.5197498,104.5312498,104.5267498,
3960.5001,104.5413,104.5551,104.549,,,3960.5001,104.5193541,104.5331541,104.5270541,
3961.4,104.5402,104.5544,104.5486,,,3961.4,104.5182583,104.5324583,104.5266583,
3962.2501,104.5383,104.5481,104.5428,,,3962.2501,104.5163623,104.5261623,104.5208623,
3963.15,104.5384,104.5531,104.5472,,,3963.15,104.5164666,104.5311666,104.5252666,
3964.0499,104.5388,104.5529,104.5472,,,3964.0499,104.5168709,104.5309709,104.5252709,
3964.95,104.5372,104.5511,104.546,,,3964.95,104.5152751,104.5291751,104.5240751,
3965.85,104.5366,104.5507,104.5449,,,3965.85,104.5146794,104.5287794,104.5229794,
3966.7501,104.5351,104.5507,104.5443,,,3966.7501,104.5131837,104.5287837,104.5223837,
3967.65,104.5337,104.5449,104.5384,,,3967.65,104.5117879,104.5229879,104.5164879,
3968.5499,104.5327,104.5427,104.5367,,,3968.5499,104.5107922,104.5207922,104.5147922,
3969.45,104.5328,104.5466,104.5392,,,3969.45,104.5108965,104.5246965,104.5172965,
3970.35,104.5317,104.5443,104.5374,,,3970.35,104.5098007,104.5224007,104.5155007,
3971.2501,104.5305,104.5433,104.5364,,,3971.2501,104.508605,104.521405,104.514505,
3972.15,104.5296,104.5406,104.5346,,,3972.15,104.5077093,104.5187093,104.5127093,
3973.0499,104.5285,104.5387,104.5333,,,3973.0499,104.5066135,104.5168135,104.5114135,
3973.95,104.5286,104.5405,104.5342,,,3973.95,104.5067178,104.5186178,104.5123178,
3974.85,104.5273,104.5384,104.5318,,,3974.85,104.505422,104.516522,104.509922,
3975.7501,104.527,104.5371,104.5317,,,3975.7501,104.5051263,104.5152263,104.5098263,
3976.65,104.5259,104.5383,104.5314,,,3976.65,104.5040306,104.5164306,104.5095306,
3977.5499,104.5274,104.5395,104.5336,,,3977.5499,104.5055348,104.5176348,104.5117348,
3978.45,104.5266,104.5379,104.5324,,,3978.45,104.5047391,104.5160391,104.5105391,
3979.35,104.5294,104.5485,104.5395,,,3979.35,104.5075434,104.5266434,104.5176434,
3980.2501,104.5276,104.5487,104.5387,,,3980.2501,104.5057476,104.5268476,104.5168476,
3981.15,104.5273,104.5431,104.5346,,,3981.15,104.5054519,104.5212519,104.5127519,
3982.0499,104.5265,104.5458,104.5367,,,3982.0499,104.5046562,104.5239562,104.5148562,
3982.95,104.5278,104.5466,104.5371,,,3982.95,104.5059604,104.5247604,104.5152604,
3983.85,104.5272,104.5427,104.5336,,,3983.85,104.5053647,104.5208647,104.5117647,
3984.7501,104.529,104.5509,104.5401,,,3984.7501,104.507169,104.529069,104.518269,
3985.65,104.5304,104.5538,104.5421,,,3985.65,104.5085732,104.5319732,104.5202732,
3986.5499,104.53,104.5418,104.5351,,,3986.5499,104.5081775,104.5199775,104.5132775,
3987.45,104.5294,104.5423,104.5353,,,3987.45,104.5075818,104.5204818,104.5134818,
3988.35,104.5311,104.5468,104.5377,,,3988.35,104.509286,104.524986,104.515886,
3989.2501,104.5313,104.5466,104.5383,,,3989.2501,104.5094903,104.5247903,104.5164903,
3990.15,104.5325,104.5492,104.5403,,,3990.15,104.5106945,104.5273945,104.5184945,
3991.0499,104.5348,104.5496,104.541,,,3991.0499,104.5129988,104.5277988,104.5191988,
3991.95,104.5348,104.5525,104.5426,,,3991.95,104.5130031,104.5307031,104.5208031,
3992.85,104.5366,104.5529,104.5438,,,3992.85,104.5148073,104.5311073,104.5220073,
3993.7501,104.5382,104.5563,104.5458,,,3993.7501,104.5164116,104.5345116,104.5240116,
3994.65,104.5394,104.5585,104.5473,,,3994.65,104.5176159,104.5367159,104.5255159,
3995.5499,104.5401,104.5594,104.5486,,,3995.5499,104.5183201,104.5376201,104.5268201,
3996.45,104.5422,104.5628,104.5506,,,3996.45,104.5204244,104.5410244,104.5288244,
3997.35,104.5439,104.5648,104.5527,,,3997.35,104.5221287,104.5430287,104.5309287,
3998.2501,104.5448,104.5679,104.5543,,,3998.2501,104.5230329,104.5461329,104.5325329,
3999.15,104.546,104.5691,104.5553,,,3999.15,104.5242372,104.5473372,104.5335372,
4000.0499,104.5464,104.5724,104.5573,,,4000.0499,104.5246415,104.5506415,104.5355415,
4000.95,104.5474,104.5789,104.5596,,,4000.95,104.5256457,104.5571457,104.5378457,
4001.85,104.5477,104.5742,104.5588,,,4001.85,104.52595,104.55245,104.53705,
4002.7501,104.5489,104.5759,104.5595,,,4002.7501,104.5271543,104.5541543,104.5377543,
4003.65,104.5488,104.5787,104.5619,,,4003.65,104.5270585,104.5569585,104.5401585,
4004.5499,104.5508,104.579,104.5621,,,4004.5499,104.5290628,104.5572628,104.5403628,
4005.45,104.5516,104.5828,104.5644,,,4005.45,104.529867,104.561067,104.542667,
4006.35,104.5528,104.5843,104.5659,,,4006.35,104.5310713,104.5625713,104.5441713,
4007.2501,104.5536,104.5849,104.5657,,,4007.2501,104.5318756,104.5631756,104.5439756,
4008.15,104.5546,104.5875,104.5672,,,4008.15,104.5328798,104.5657798,104.5454798,
4009.0499,104.556,104.59,104.5704,,,4009.0499,104.5342841,104.5682841,104.5486841,
4009.95,104.5571,104.586,104.5685,,,4009.95,104.5353884,104.5642884,104.5467884,
4010.85,104.559,104.5879,104.5699,,,4010.85,104.5372926,104.5661926,104.5481926,
4011.7501,104.5593,104.5903,104.5713,,,4011.7501,104.5375969,104.5685969,104.5495969,
4012.65,104.5613,104.5911,104.5723,,,4012.65,104.5396012,104.5694012,104.5506012,
4013.5499,104.5618,104.5924,104.5738,,,4013.5499,104.5401054,104.5707054,104.5521054,
4014.45,104.5641,104.5959,104.5763,,,4014.45,104.5424097,104.5742097,104.5546097,
4015.35,104.5656,104.5947,104.576,,,4015.35,104.543914,104.573014,104.554314,
4016.2501,104.5673,104.593,104.5774,,,4016.2501,104.5456182,104.5713182,104.5557182,
4017.15,104.5675,104.5954,104.5789,,,4017.15,104.5458225,104.5737225,104.5572225,
4018.0499,104.5687,104.5957,104.5795,,,4018.0499,104.5470268,104.5740268,104.5578268,
4018.95,104.5701,104.5962,104.5805,,,4018.95,104.548431,104.574531,104.558831,
4019.85,104.5712,104.597,104.5818,,,4019.85,104.5495353,104.5753353,104.5601353,
4020.7501,104.5732,104.599,104.5837,,,4020.7501,104.5515395,104.5773395,104.5620395,
4021.65,104.5732,104.5993,104.584,,,4021.65,104.5515438,104.5776438,104.5623438,
4022.5499,104.5752,104.5996,104.5854,,,4022.5499,104.5535481,104.5779481,104.5637481,
4023.45,104.5761,104.6014,104.5866,,,4023.45,104.5544523,104.5797523,104.5649523,
4024.35,104.5786,104.6027,104.5886,,,4024.35,104.5569566,104.5810566,104.5669566,
4025.2501,104.5786,104.6029,104.5889,,,4025.2501,104.5569609,104.5812609,104.5672609,
4026.15,104.5793,104.6045,104.5896,,,4026.15,104.5576651,104.5828651,104.5679651,
4027.0499,104.58,104.607,104.5915,,,4027.0499,104.5583694,104.5853694,104.5698694,
4027.95,104.5812,104.6064,104.5919,,,4027.95,104.5595737,104.5847737,104.5702737,
4028.85,104.5832,104.6228,104.6026,,,4028.85,104.5615779,104.6011779,104.5809779,
4029.7501,104.5825,104.6229,104.6039,,,4029.7501,104.5608822,104.6012822,104.5822822,
4030.65,104.5832,104.6071,104.5938,,,4030.65,104.5615865,104.5854865,104.5721865,
4031.5499,104.5838,104.6071,104.5945,,,4031.5499,104.5621907,104.5854907,104.5728907,
4032.45,104.5844,104.615,104.5967,,,4032.45,104.562795,104.593395,104.575095,
4033.35,104.5855,104.6147,104.5972,,,4033.35,104.5638993,104.5930993,104.5755993,
4034.2501,104.5855,104.6204,104.5998,,,4034.2501,104.5639035,104.5988035,104.5782035,
4035.15,104.5857,104.6178,104.5988,,,4035.15,104.5641078,104.5962078,104.5772078,
4036.0499,104.5882,104.6188,104.6029,,,4036.0499,104.566612,104.597212,104.581312,
4036.95,104.5877,104.6135,104.5999,,,4036.95,104.5661163,104.5919163,104.5783163,
4037.85,104.588,104.6137,104.5984,,,4037.85,104.5664206,104.5921206,104.5768206,
4038.7501,104.5875,104.6107,104.5985,,,4038.7501,104.5659248,104.5891248,104.5769248,
4039.65,104.5879,104.6099,104.5973,,,4039.65,104.5663291,104.5883291,104.5757291,
4040.5499,104.5884,104.6106,104.598,,,4040.5499,104.5668334,104.5890334,104.5764334,
4041.45,104.5885,104.6111,104.5988,,,4041.45,104.5669376,104.5895376,104.5772376,
4042.35,104.5892,104.611,104.5989,,,4042.35,104.5676419,104.5894419,104.5773419,
4043.2501,104.5887,104.6117,104.5994,,,4043.2501,104.5671462,104.5901462,104.5778462,
4044.15,104.5898,104.6177,104.6015,,,4044.15,104.5682504,104.5961504,104.5799504,
4045.0499,104.5899,104.6131,104.6,,,4045.0499,104.5683547,104.5915547,104.5784547,
4045.95,104.5898,104.6158,104.6011,,,4045.95,104.568259,104.594259,104.579559,
4046.85,104.5903,104.6156,104.6013,,,4046.85,104.5687632,104.5940632,104.5797632,
4047.7501,104.5904,104.6154,104.6013,,,4047.7501,104.5688675,104.5938675,104.5797675,
4048.65,104.5906,104.6158,104.6014,,,4048.65,104.5690718,104.5942718,104.5798718,
4049.5499,104.5907,104.6161,104.6011,,,4049.5499,104.569176,104.594576,104.579576,
4050.45,104.591,104.6158,104.601,,,4050.45,104.5694803,104.5942803,104.5794803,
4051.35,104.5922,104.6161,104.6022,,,4051.35,104.5706845,104.5945845,104.5806845,
4052.2501,104.5923,104.6154,104.6025,,,4052.2501,104.5707888,104.5938888,104.5809888,
4053.15,104.5922,104.617,104.6018,,,4053.15,104.5706931,104.5954931,104.5802931,
4054.0499,104.5922,104.617,104.6024,,,4054.0499,104.5706973,104.5954973,104.5808973,
4054.95,104.5927,104.6186,104.6031,,,4054.95,104.5712016,104.5971016,104.5816016,
4055.85,104.5928,104.618,104.603,,,4055.85,104.5713059,104.5965059,104.5815059,
4056.7501,104.5927,104.6147,104.6017,,,4056.7501,104.5712101,104.5932101,104.5802101,
4057.65,104.5931,104.6161,104.6022,,,4057.65,104.5716144,104.5946144,104.5807144,
4058.5499,104.5938,104.6172,104.6028,,,4058.5499,104.5723187,104.5957187,104.5813187,
4059.45,104.5931,104.616,104.6023,,,4059.45,104.5716229,104.5945229,104.5808229,
4060.35,104.5934,104.6166,104.6027,,,4060.35,104.5719272,104.5951272,104.5812272,
4061.2501,104.5927,104.6154,104.6024,,,4061.2501,104.5712315,104.5939315,104.5809315,
4062.15,104.5935,104.6162,104.6025,,,4062.15,104.5720357,104.5947357,104.5810357,
4063.0001,104.5935,104.6142,104.6023,,,4063.0001,104.5720397,104.5927397,104.5808397,
4063.85,104.5939,104.6147,104.6026,,,4063.85,104.5724438,104.5932438,104.5811438,
4064.7501,104.5934,104.6137,104.602,,,4064.7501,104.571948,104.592248,104.580548,
4065.65,104.5935,104.6134,104.6023,,,4065.65,104.5720523,104.5919523,104.5808523,
4066.5499,104.5934,104.6113,104.6018,,,4066.5499,104.5719566,104.5898566,104.5803566,
4067.45,104.5938,104.6103,104.6015,,,4067.45,104.5723608,104.5888608,104.5800608,
4068.35,104.5934,104.6102,104.6012,,,4068.35,104.5719651,104.5887651,104.5797651,
4069.2501,104.5938,104.6076,104.6003,,,4069.2501,104.5723694,104.5861694,104.5788694,
4070.15,104.5939,104.6064,104.6,,,4070.15,104.5724736,104.5849736,104.5785736,
4071.0499,104.5938,104.6045,104.5992,,,4071.0499,104.5723779,104.5830779,104.5777779,
4071.95,104.5935,104.6031,104.5985,,,4071.95,104.5720822,104.5816822,104.5770822,
4072.85,104.5941,104.6014,104.5981,,,4072.85,104.5726864,104.5799864,104.5766864,
4073.7501,104.5933,104.6,104.5968,,,4073.7501,104.5718907,104.5785907,104.5753907,
4074.65,104.5931,104.5998,104.5963,,,4074.65,104.571695,104.578395,104.574895,
4075.5499,104.5918,104.5975,104.5948,,,4075.5499,104.5703992,104.5760992,104.5733992,
4076.45,104.5908,104.597,104.5937,,,4076.45,104.5694035,104.5756035,104.5723035,
4077.35,104.5882,104.5935,104.5911,,,4077.35,104.5668077,104.5721077,104.5697077,
4078.2501,104.5857,104.5955,104.5909,,,4078.2501,104.564312,104.574112,104.569512,
4079.15,104.5852,104.5924,104.589,,,4079.15,104.5638163,104.5710163,104.5676163,
4080.0499,104.5825,104.5914,104.5871,,,4080.0499,104.5611205,104.5700205,104.5657205,
4080.95,104.5794,104.5907,104.5854,,,4080.95,104.5580248,104.5693248,104.5640248,
4081.85,104.5769,104.5898,104.5833,,,4081.85,104.5555291,104.5684291,104.5619291,
4082.7501,104.5759,104.5915,104.5835,,,4082.7501,104.5545333,104.5701333,104.5621333,
4083.65,104.5731,104.5899,104.5812,,,4083.65,104.5517376,104.5685376,104.5598376,
4084.5499,104.5714,104.5872,104.5788,,,4084.5499,104.5500419,104.5658419,104.5574419,
4085.45,104.5695,104.5859,104.5773,,,4085.45,104.5481461,104.5645461,104.5559461,
4086.35,104.5665,104.5849,104.5748,,,4086.35,104.5451504,104.5635504,104.5534504,
4087.2501,104.565,104.5849,104.5736,,,4087.2501,104.5436547,104.5635547,104.5522547,
4088.15,104.562,104.5845,104.5722,,,4088.15,104.5406589,104.5631589,104.5508589,
4089.0499,104.561,104.5845,104.5716,,,4089.0499,104.5396632,104.5631632,104.5502632,
4089.95,104.5594,104.586,104.5713,,,4089.95,104.5380675,104.5646675,104.5499675,
4090.85,104.5571,104.59,104.5714,,,4090.85,104.5357717,104.5686717,104.5500717,
4091.7501,104.5563,104.5841,104.569,,,4091.7501,104.534976,104.562776,104.547676,
4092.65,104.5551,104.5894,104.5697,,,4092.65,104.5337802,104.5680802,104.5483802,
4093.5499,104.5536,104.5967,104.5737,,,4093.5499,104.5322845,104.5753845,104.5523845,
4094.45,104.5523,104.5851,104.5668,,,4094.45,104.5309888,104.5637888,104.5454888,
4095.35,104.5501,104.5781,104.5626,,,4095.35,104.528793,104.556793,104.541293,
4096.2501,104.55,104.5771,104.562,,,4096.2501,104.5286973,104.5557973,104.5406973,
4097.15,104.5485,104.5832,104.5625,,,4097.15,104.5272016,104.5619016,104.5412016,
4098.0499,104.5464,104.5822,104.5627,,,4098.0499,104.5251058,104.5609058,104.5414058,
4098.95,104.5453,104.5887,104.5622,,,4098.95,104.5240101,104.5674101,104.5409101,
4099.85,104.5446,104.5785,104.5601,,,4099.85,104.5233144,104.5572144,104.5388144,
4100.7501,104.5434,104.5838,104.5608,,,4100.7501,104.5221186,104.5625186,104.5395186,
4101.65,104.5427,104.5789,104.5574,,,4101.65,104.5214229,104.5576229,104.5361229,
4102.5499,104.5426,104.5775,104.5567,,,4102.5499,104.5213272,104.5562272,104.5354272,
4103.45,104.5422,104.58,104.5569,,,4103.45,104.5209314,104.5587314,104.5356314,
4104.35,104.5399,104.5903,104.5635,,,4104.35,104.5186357,104.5690357,104.5422357,
4105.2501,104.5395,104.5794,104.5573,,,4105.2501,104.51824,104.55814,104.53604,
4106.15,104.5379,104.5765,104.5535,,,4106.15,104.5166442,104.5552442,104.5322442,
4107.0499,104.5368,104.5769,104.5537,,,4107.0499,104.5155485,104.5556485,104.5324485,
4107.95,104.5366,104.5742,104.5523,,,4107.95,104.5153527,104.5529527,104.5310527,
4108.85,104.5356,104.5828,104.5552,,,4108.85,104.514357,104.561557,104.533957,
4109.7501,104.5364,104.5765,104.5538,,,4109.7501,104.5151613,104.5552613,104.5325613,
4110.65,104.5362,104.5751,104.5517,,,4110.65,104.5149655,104.5538655,104.5304655,
4111.5499,104.534,104.5816,104.5541,,,4111.5499,104.5127698,104.5603698,104.5328698,
4112.45,104.5348,104.5761,104.5521,,,4112.45,104.5135741,104.5548741,104.5308741,
4113.35,104.5343,104.5812,104.553,,,4113.35,104.5130783,104.5599783,104.5317783,
4114.2501,104.5345,104.5767,104.5516,,,4114.2501,104.5132826,104.5554826,104.5303826,
4115.15,104.5331,104.5766,104.5494,,,4115.15,104.5118869,104.5553869,104.5281869,
4116.0499,104.5339,104.5781,104.5512,,,4116.0499,104.5126911,104.5568911,104.5299911,
4116.9498,104.5327,104.5718,104.5495,,,4116.9498,104.5114954,104.5505954,104.5282954,
4117.8502,104.5343,104.5801,104.5537,,,4117.8502,104.5130997,104.5588997,104.5324997,
4118.7496,104.5335,104.581,104.5523,,,4118.7496,104.5123039,104.5598039,104.5311039,
4119.65,104.5313,104.5714,104.5485,,,4119.65,104.5101082,104.5502082,104.5273082,
4120.5504,104.5321,104.5707,104.5489,,,4120.5504,104.5109125,104.5495125,104.5277125,
4121.4498,104.5321,104.5734,104.5508,,,4121.4498,104.5109167,104.5522167,104.5296167,
4122.3502,104.5321,104.5765,104.5512,,,4122.3502,104.510921,104.555321,104.530021,
4123.2496,104.5324,104.5782,104.551,,,4123.2496,104.5112252,104.5570252,104.5298252,
4124.15,104.5317,104.5715,104.5486,,,4124.15,104.5105295,104.5503295,104.5274295,
4125.0504,104.5339,104.5723,104.5501,,,4125.0504,104.5127338,104.5511338,104.5289338,
4125.9498,104.5359,104.5926,104.5626,,,4125.9498,104.514738,104.571438,104.541438,
4126.8502,104.5337,104.5786,104.5518,,,4126.8502,104.5125423,104.5574423,104.5306423,
4127.7496,104.5344,104.5732,104.5503,,,4127.7496,104.5132466,104.5520466,104.5291466,
4128.65,104.5345,104.5739,104.5503,,,4128.65,104.5133508,104.5527508,104.5291508,
4129.5504,104.535,104.5778,104.5521,,,4129.5504,104.5138551,104.5566551,104.5309551,
4130.4498,104.5356,104.583,104.5549,,,4130.4498,104.5144594,104.5618594,104.5337594,
4131.3502,104.5366,104.589,104.5589,,,4131.3502,104.5154636,104.5678636,104.5377636,
4132.2496,104.5363,104.5805,104.5559,,,4132.2496,104.5151679,104.5593679,104.5347679,
4133.15,104.537,104.5766,104.5531,,,4133.15,104.5158722,104.5554722,104.5319722,
4134.0504,104.5367,104.5798,104.5544,,,4134.0504,104.5155764,104.5586764,104.5332764,
4134.9498,104.5374,104.579,104.5541,,,4134.9498,104.5162807,104.5578807,104.5329807,
4135.8502,104.5398,104.584,104.5591,,,4135.8502,104.5186849,104.5628849,104.5379849,
4136.7496,104.5398,104.5781,104.5556,,,4136.7496,104.5186892,104.5569892,104.5344892,
4137.65,104.5406,104.5808,104.5566,,,4137.65,104.5194935,104.5596935,104.5354935,
4138.5504,104.541,104.5898,104.5619,,,4138.5504,104.5198977,104.5686977,104.5407977,
4139.4498,104.5407,104.5912,104.5616,,,4139.4498,104.519602,104.570102,104.540502,
4140.3502,104.5415,104.5876,104.5604,,,4140.3502,104.5204063,104.5665063,104.5393063,
4141.2496,104.5458,104.5967,104.5684,,,4141.2496,104.5247105,104.5756105,104.5473105,
4142.1002,104.5439,104.5857,104.5603,,,4142.1002,104.5228146,104.5646146,104.5392146,
4143.0001,104.5465,104.5869,104.5617,,,4143.0001,104.5254188,104.5658188,104.5406188,
4143.9,104.5466,104.5915,104.5635,,,4143.9,104.5255231,104.5704231,104.5424231,
4144.7999,104.5476,104.5996,104.5714,,,4144.7999,104.5265274,104.5785274,104.5503274,
4145.7496,104.547,104.5895,104.5647,,,4145.7496,104.5259319,104.5684319,104.5436319,
4146.6002,104.5484,104.5861,104.5628,,,4146.6002,104.5273359,104.5650359,104.5417359,
4147.4498,104.5497,104.5888,104.5655,,,4147.4498,104.5286399,104.5677399,104.5444399,
4148.3502,104.5509,104.6017,104.5717,,,4148.3502,104.5298442,104.5806442,104.5506442,
4149.2496,104.5503,104.6127,104.5787,,,4149.2496,104.5292484,104.5916484,104.5576484,
4150.15,104.5538,104.6204,104.5843,,,4150.15,104.5327527,104.5993527,104.5632527,
4151.0504,104.5544,104.5887,104.5692,,,4151.0504,104.533357,104.567657,104.548157,
4151.9498,104.5556,104.5884,104.5691,,,4151.9498,104.5345612,104.5673612,104.5480612,
4152.8502,104.5555,104.6114,104.5785,,,4152.8502,104.5344655,104.5903655,104.5574655,
4153.7496,104.5577,104.607,104.5789,,,4153.7496,104.5366698,104.5859698,104.5578698,
4154.65,104.5598,104.5924,104.5727,,,4154.65,104.538774,104.571374,104.551674,
4155.5504,104.5614,104.595,104.5739,,,4155.5504,104.5403783,104.5739783,104.5528783,
4156.4498,104.5624,104.5945,104.5748,,,4156.4498,104.5413826,104.5734826,104.5537826,
4157.3502,104.5642,104.597,104.5766,,,4157.3502,104.5431868,104.5759868,104.5555868,
4158.2496,104.5644,104.5962,104.5769,,,4158.2496,104.5433911,104.5751911,104.5558911,
4159.15,104.5664,104.5955,104.5787,,,4159.15,104.5453954,104.5744954,104.5576954,
4160.0504,104.5677,104.598,104.5796,,,4160.0504,104.5466996,104.5769996,104.5585996,
4160.9498,104.5692,104.597,104.5802,,,4160.9498,104.5482039,104.5760039,104.5592039,
4161.8502,104.5695,104.6002,104.5812,,,4161.8502,104.5485082,104.5792082,104.5602082,
4162.7496,104.5693,104.6287,104.596,,,4162.7496,104.5483124,104.6077124,104.5750124,
4163.65,104.5732,104.6417,104.6049,,,4163.65,104.5522167,104.6207167,104.5839167,
4164.5504,104.5746,104.6456,104.6067,,,4164.5504,104.5536209,104.6246209,104.5857209,
4165.4498,104.5755,104.6424,104.6075,,,4165.4498,104.5545252,104.6214252,104.5865252,
4166.3502,104.5771,104.6455,104.6088,,,4166.3502,104.5561295,104.6245295,104.5878295,
4167.2496,104.5775,104.6377,104.6026,,,4167.2496,104.5565337,104.6167337,104.5816337,
4168.15,104.5793,104.6186,104.592,,,4168.15,104.558338,104.597638,104.571038,
4169.0504,104.5805,104.609,104.5911,,,4169.0504,104.5595423,104.5880423,104.5701423,
4169.9498,104.5838,104.6513,104.6138,,,4169.9498,104.5628465,104.6303465,104.5928465,
4170.8502,104.5845,104.6524,104.6147,,,4170.8502,104.5635508,104.6314508,104.5937508,
4171.7496,104.5855,104.6462,104.6115,,,4171.7496,104.5645551,104.6252551,104.5905551,
4172.65,104.5869,104.6532,104.6158,,,4172.65,104.5659593,104.6322593,104.5948593,
4173.5504,104.5872,104.627,104.6044,,,4173.5504,104.5662636,104.6060636,104.5834636,
4174.4498,104.5896,104.6302,104.6058,,,4174.4498,104.5686679,104.6092679,104.5848679,
4175.3502,104.5898,104.6182,104.6007,,,4175.3502,104.5688721,104.5972721,104.5797721,
4176.2496,104.5923,104.6546,104.6199,,,4176.2496,104.5713764,104.6336764,104.5989764,
4177.15,104.5933,104.6546,104.621,,,4177.15,104.5723806,104.6336806,104.6000806,
4178.0504,104.5966,104.6541,104.6227,,,4178.0504,104.5756849,104.6331849,104.6017849,
4178.9498,104.5977,104.6559,104.6229,,,4178.9498,104.5767892,104.6349892,104.6019892,
4179.8502,104.5993,104.6567,104.625,,,4179.8502,104.5783934,104.6357934,104.6040934,
4180.7496,104.6004,104.6561,104.6256,,,4180.7496,104.5794977,104.6351977,104.6046977,
4181.65,104.6016,104.656,104.6261,,,4181.65,104.580702,104.635102,104.605202,
4182.5504,104.6039,104.6474,104.6256,,,4182.5504,104.5830062,104.6265062,104.6047062,
4183.4498,104.6048,104.6599,104.629,,,4183.4498,104.5839105,104.6390105,104.6081105,
4184.3502,104.6063,104.6522,104.6279,,,4184.3502,104.5854148,104.6313148,104.6070148,
4185.2496,104.6087,104.66,104.6313,,,4185.2496,104.587819,104.639119,104.610419,
4186.15,104.6098,104.6618,104.6324,,,4186.15,104.5889233,104.6409233,104.6115233,
4187.0504,104.611,104.6612,104.6332,,,4187.0504,104.5901276,104.6403276,104.6123276,
4188.0001,104.6133,104.6618,104.635,,,4188.0001,104.5924321,104.6409321,104.6141321,
4188.9498,104.6146,104.6619,104.6352,,,4188.9498,104.5937366,104.6410366,104.6143366,
4189.8502,104.6154,104.653,104.6297,,,4189.8502,104.5945408,104.6321408,104.6088408,
4190.7496,104.6177,104.663,104.6372,,,4190.7496,104.5968451,104.6421451,104.6163451,
4191.65,104.6192,104.663,104.6381,,,4191.65,104.5983494,104.6421494,104.6172494,
4192.5504,104.6207,104.664,104.6394,,,4192.5504,104.5998536,104.6431536,104.6185536,
4193.4498,104.6217,104.6647,104.6402,,,4193.4498,104.6008579,104.6438579,104.6193579,
4194.3502,104.624,104.6661,104.642,,,4194.3502,104.6031622,104.6452622,104.6211622,
4195.2496,104.625,104.6673,104.6431,,,4195.2496,104.6041664,104.6464664,104.6222664,
4196.15,104.627,104.6442,104.6334,,,4196.15,104.6061707,104.6233707,104.6125707,
4197.0504,104.6284,104.6459,104.6352,,,4197.0504,104.6075749,104.6250749,104.6143749,
4197.9498,104.6299,104.6694,104.6468,,,4197.9498,104.6090792,104.6485792,104.6259792,
4198.8502,104.6317,104.6493,104.6382,,,4198.8502,104.6108835,104.6284835,104.6173835,
4199.7496,104.6329,104.6704,104.6492,,,4199.7496,104.6120877,104.6495877,104.6283877,
4200.65,104.6344,104.6536,104.6417,,,4200.65,104.613592,104.632792,104.620892,
4201.5504,104.6353,104.6513,104.6419,,,4201.5504,104.6144963,104.6304963,104.6210963,
4202.4498,104.637,104.6736,104.6525,,,4202.4498,104.6162005,104.6528005,104.6317005,
4203.3502,104.6387,104.6744,104.6537,,,4203.3502,104.6179048,104.6536048,104.6329048,
4204.2496,104.6413,104.6767,104.6556,,,4204.2496,104.6205091,104.6559091,104.6348091,
4205.15,104.6422,104.6768,104.6567,,,4205.15,104.6214133,104.6560133,104.6359133,
4206.0504,104.6436,104.6583,104.6501,,,4206.0504,104.6228176,104.6375176,104.6293176,
4206.9498,104.6455,104.6666,104.6546,,,4206.9498,104.6247219,104.6458219,104.6338219,
4207.8502,104.6467,104.661,104.6525,,,4207.8502,104.6259261,104.6402261,104.6317261,
4208.7496,104.649,104.6653,104.6561,,,4208.7496,104.6282304,104.6445304,104.6353304,
4209.65,104.6497,104.6663,104.6575,,,4209.65,104.6289347,104.6455347,104.6367347,
4210.5504,104.6532,104.6735,104.6628,,,4210.5504,104.6324389,104.6527389,104.6420389,
4211.4498,104.6554,104.6671,104.6607,,,4211.4498,104.6346432,104.6463432,104.6399432,
4212.3502,104.6568,104.6726,104.6643,,,4212.3502,104.6360474,104.6518474,104.6435474,
4213.2496,104.6581,104.6735,104.665,,,4213.2496,104.6373517,104.6527517,104.6442517,
4214.15,104.6604,104.6783,104.669,,,4214.15,104.639656,104.657556,104.648256,
4215.0504,104.662,104.6795,104.67,,,4215.0504,104.6412602,104.6587602,104.6492602,
4215.9498,104.6631,104.6768,104.6698,,,4215.9498,104.6423645,104.6560645,104.6490645,
4216.8502,104.6654,104.6803,104.6728,,,4216.8502,104.6446688,104.6595688,104.6520688,
4217.7496,104.6678,104.688,104.6768,,,4217.7496,104.647073,104.667273,104.656073,
4218.65,104.6702,104.6915,104.6785,,,4218.65,104.6494773,104.6707773,104.6577773,
4219.5504,104.6712,104.6919,104.6793,,,4219.5504,104.6504816,104.6711816,104.6585816,
4220.4498,104.6728,104.6853,104.6794,,,4220.4498,104.6520858,104.6645858,104.6586858,
4221.3502,104.6741,104.6862,104.6798,,,4221.3502,104.6533901,104.6654901,104.6590901,
4222.2999,104.6735,104.6851,104.6789,,,4222.2999,104.6527946,104.6643946,104.6581946,
4223.2496,104.6779,104.6941,104.6847,,,4223.2496,104.6571991,104.6733991,104.6639991,
4224.15,104.679,104.6868,104.683,,,4224.15,104.6583034,104.6661034,104.6623034,
4225.0504,104.6804,104.6873,104.6843,,,4225.0504,104.6597076,104.6666076,104.6636076,
4225.9498,104.6812,104.6878,104.6851,,,4225.9498,104.6605119,104.6671119,104.6644119,
4226.8502,104.6833,104.6893,104.6866,,,4226.8502,104.6626162,104.6686162,104.6659162,
4227.7496,104.6842,104.6915,104.6878,,,4227.7496,104.6635204,104.6708204,104.6671204,
4228.65,104.6854,104.6928,104.6892,,,4228.65,104.6647247,104.6721247,104.6685247,
4229.5504,104.6811,104.6909,104.6867,,,4229.5504,104.6604289,104.6702289,104.6660289,
4230.4498,104.6868,104.6964,104.691,,,4230.4498,104.6661332,104.6757332,104.6703332,
4231.3502,104.6886,104.6941,104.6918,,,4231.3502,104.6679375,104.6734375,104.6711375,
4232.2496,104.69,104.6952,104.6929,,,4232.2496,104.6693417,104.6745417,104.6722417,
4233.1998,104.6877,104.6949,104.6916,,,4233.1998,104.6670462,104.6742462,104.6709462,
4234.15,104.6909,104.7039,104.6962,,,4234.15,104.6702507,104.6832507,104.6755507,
4235.0504,104.69,104.6988,104.6949,,,4235.0504,104.669355,104.678155,104.674255,
4235.9498,104.6898,104.6987,104.6949,,,4235.9498,104.6691593,104.6780593,104.6742593,
4236.8502,104.6911,104.6992,104.6952,,,4236.8502,104.6704635,104.6785635,104.6745635,
4237.7496,104.6913,104.6997,104.6958,,,4237.7496,104.6706678,104.6790678,104.6751678,
4238.65,104.6911,104.7003,104.6962,,,4238.65,104.6704721,104.6796721,104.6755721,
4239.5504,104.6908,104.7009,104.6957,,,4239.5504,104.6701763,104.6802763,104.6750763,
4240.4498,104.6902,104.7019,104.6959,,,4240.4498,104.6695806,104.6812806,104.6752806,
4241.3502,104.6889,104.7021,104.6956,,,4241.3502,104.6682849,104.6814849,104.6749849,
4242.2496,104.6896,104.7076,104.7003,,,4242.2496,104.6689891,104.6869891,104.6796891,
4243.15,104.6877,104.7027,104.6946,,,4243.15,104.6670934,104.6820934,104.6739934,
4244.0504,104.6868,104.7066,104.6984,,,4244.0504,104.6661977,104.6859977,104.6777977,
4244.9498,104.6857,104.7038,104.694,,,4244.9498,104.6651019,104.6832019,104.6734019,
4245.8502,104.6858,104.7084,104.6993,,,4245.8502,104.6652062,104.6878062,104.6787062,
4246.7496,104.6822,104.7073,104.6956,,,4246.7496,104.6616104,104.6867104,104.6750104,
4247.65,104.6814,104.7053,104.6919,,,4247.65,104.6608147,104.6847147,104.6713147,
4248.5504,104.6816,104.7111,104.7002,,,4248.5504,104.661019,104.690519,104.679619,
4249.4498,104.6807,104.7121,104.7004,,,4249.4498,104.6601232,104.6915232,104.6798232,
4250.3502,104.6802,104.7115,104.6962,,,4250.3502,104.6596275,104.6909275,104.6756275,
4251.2999,104.6787,104.712,104.6982,,,4251.2999,104.658132,104.691432,104.677632,
4252.2496,104.6767,104.7033,104.6883,,,4252.2496,104.6561365,104.6827365,104.6677365,
4253.15,104.6769,104.714,104.6993,,,4253.15,104.6563408,104.6934408,104.6787408,
4254.0504,104.6764,104.7127,104.6969,,,4254.0504,104.655845,104.692145,104.676345,
4254.9498,104.6753,104.7103,104.6954,,,4254.9498,104.6547493,104.6897493,104.6748493,
4255.8502,104.673,104.701,104.6863,,,4255.8502,104.6524536,104.6804536,104.6657536,
4256.7496,104.6752,104.7154,104.6977,,,4256.7496,104.6546578,104.6948578,104.6771578,
4257.65,104.6728,104.7038,104.6872,,,4257.65,104.6522621,104.6832621,104.6666621,
4258.5504,104.672,104.7056,104.6869,,,4258.5504,104.6514664,104.6850664,104.6663664,
4259.4498,104.6718,104.7005,104.6851,,,4259.4498,104.6512706,104.6799706,104.6645706,
4260.3502,104.6724,104.7017,104.6856,,,4260.3502,104.6518749,104.6811749,104.6650749,
4261.2496,104.6722,104.703,104.6861,,,4261.2496,104.6516792,104.6824792,104.6655792,
4262.15,104.6729,104.7006,104.6854,,,4262.15,104.6523834,104.6800834,104.6648834,
4263.0504,104.6725,104.7046,104.687,,,4263.0504,104.6519877,104.6840877,104.6664877,
4263.9498,104.673,104.7037,104.6872,,,4263.9498,104.652492,104.683192,104.666692,
4264.8502,104.6713,104.6998,104.6843,,,4264.8502,104.6507962,104.6792962,104.6637962,
4265.7496,104.6726,104.7123,104.6958,,,4265.7496,104.6521005,104.6918005,104.6753005,
4266.65,104.6728,104.7134,104.6962,,,4266.65,104.6523047,104.6929047,104.6757047,
4267.5504,104.6728,104.7159,104.6977,,,4267.5504,104.652309,104.695409,104.677209,
4268.4498,104.6737,104.7123,104.6971,,,4268.4498,104.6532133,104.6918133,104.6766133,
4269.3502,104.6717,104.7057,104.6913,,,4269.3502,104.6512175,104.6852175,104.6708175,
4270.2496,104.6721,104.7045,104.6879,,,4270.2496,104.6516218,104.6840218,104.6674218,
4271.15,104.6721,104.7108,104.6955,,,4271.15,104.6516261,104.6903261,104.6750261,
4272.0504,104.6709,104.7046,104.6911,,,4272.0504,104.6504303,104.6841303,104.6706303,
4273.0001,104.6722,104.7117,104.6956,,,4273.0001,104.6517348,104.6912348,104.6751348,
4273.9,104.67,104.7025,104.6839,,,4273.9,104.6495391,104.6820391,104.6634391,
4274.7999,104.669,104.7023,104.6841,,,4274.7999,104.6485434,104.6818434,104.6636434,
4275.6998,104.6698,104.7023,104.6852,,,4275.6998,104.6493476,104.6818476,104.6647476,
4276.6002,104.6688,104.6994,104.6829,,,4276.6002,104.6483519,104.6789519,104.6624519,
4277.5504,104.6675,104.6959,104.6805,,,4277.5504,104.6470564,104.6754564,104.6600564,
4278.4498,104.6675,104.6954,104.6801,,,4278.4498,104.6470607,104.6749607,104.6596607,
4279.3502,104.6673,104.6947,104.6796,,,4279.3502,104.6468649,104.6742649,104.6591649,
4280.1998,104.6661,104.6945,104.6786,,,4280.1998,104.645669,104.674069,104.658169,
4281.1002,104.6665,104.6976,104.6805,,,4281.1002,104.6460732,104.6771732,104.6600732,
4282.0001,104.6657,104.6954,104.6785,,,4282.0001,104.6452775,104.6749775,104.6580775,
4282.9,104.6647,104.6924,104.6771,,,4282.9,104.6442817,104.6719817,104.6566817,
4283.8502,104.6647,104.694,104.678,,,4283.8502,104.6442862,104.6735862,104.6575862,
4284.7496,104.6654,104.6947,104.6791,,,4284.7496,104.6449905,104.6742905,104.6586905,
4285.65,104.6642,104.697,104.6805,,,4285.65,104.6437948,104.6765948,104.6600948,
4286.5001,104.6622,104.6882,104.6739,,,4286.5001,104.6417988,104.6677988,104.6534988,
4287.3502,104.6627,104.6913,104.6766,,,4287.3502,104.6423028,104.6709028,104.6562028,
4288.2496,104.6606,104.6868,104.673,,,4288.2496,104.6402071,104.6664071,104.6526071,
4289.15,104.6602,104.6881,104.6721,,,4289.15,104.6398114,104.6677114,104.6517114,
4290.0504,104.6592,104.6861,104.6704,,,4290.0504,104.6388156,104.6657156,104.6500156,
4290.9498,104.6588,104.6885,104.6723,,,4290.9498,104.6384199,104.6681199,104.6519199,
4291.8502,104.6585,104.6886,104.6736,,,4291.8502,104.6381242,104.6682242,104.6532242,
4292.7496,104.6573,104.6835,104.6691,,,4292.7496,104.6369284,104.6631284,104.6487284,
4293.65,104.6577,104.685,104.6709,,,4293.65,104.6373327,104.6646327,104.6505327,
4294.5504,104.6575,104.685,104.6697,,,4294.5504,104.637137,104.664637,104.649337,
4295.4498,104.6575,104.6866,104.6725,,,4295.4498,104.6371412,104.6662412,104.6521412,
4296.3502,104.6564,104.6834,104.6678,,,4296.3502,104.6360455,104.6630455,104.6474455,
4297.2496,104.6567,104.6853,104.6701,,,4297.2496,104.6363497,104.6649497,104.6497497,
4298.15,104.6544,104.6882,104.6702,,,4298.15,104.634054,104.667854,104.649854,
4299.0504,104.6549,104.6835,104.6692,,,4299.0504,104.6345583,104.6631583,104.6488583,
4299.9498,104.6542,104.6823,104.6675,,,4299.9498,104.6338625,104.6619625,104.6471625,
4300.8502,104.6528,104.6795,104.6643,,,4300.8502,104.6324668,104.6591668,104.6439668,
4301.7496,104.653,104.6816,104.6654,,,4301.7496,104.6326711,104.6612711,104.6450711,
4302.65,104.6524,104.6787,104.664,,,4302.65,104.6320753,104.6583753,104.6436753,
4303.5504,104.6518,104.6765,104.663,,,4303.5504,104.6314796,104.6561796,104.6426796,
4304.4498,104.6514,104.676,104.6626,,,4304.4498,104.6310839,104.6556839,104.6422839,
4305.3502,104.651,104.6782,104.6633,,,4305.3502,104.6306881,104.6578881,104.6429881,
4306.2496,104.651,104.6776,104.6629,,,4306.2496,104.6306924,104.6572924,104.6425924,
4307.15,104.6505,104.6749,104.662,,,4307.15,104.6301967,104.6545967,104.6416967,
4308.0504,104.6499,104.6743,104.6611,,,4308.0504,104.6296009,104.6540009,104.6408009,
4308.9498,104.6495,104.6718,104.6596,,,4308.9498,104.6292052,104.6515052,104.6393052,
4309.8502,104.6495,104.6712,104.6596,,,4309.8502,104.6292095,104.6509095,104.6393095,
4310.7496,104.6495,104.6717,104.6598,,,4310.7496,104.6292137,104.6514137,104.6395137,
4311.65,104.6501,104.672,104.6602,,,4311.65,104.629818,104.651718,104.639918,
4312.5504,104.6502,104.672,104.6602,,,4312.5504,104.6299222,104.6517222,104.6399222,
4313.4498,104.6498,104.6694,104.659,,,4313.4498,104.6295265,104.6491265,104.6387265,
4314.3502,104.6498,104.6701,104.6589,,,4314.3502,104.6295308,104.6498308,104.6386308,
4315.2496,104.6497,104.6688,104.6585,,,4315.2496,104.629435,104.648535,104.638235,
4316.15,104.6494,104.6673,104.6574,,,4316.15,104.6291393,104.6470393,104.6371393,
4317.0504,104.6482,104.6697,104.6596,,,4317.0504,104.6279436,104.6494436,104.6393436,
4317.9498,104.6493,104.667,104.6572,,,4317.9498,104.6290478,104.6467478,104.6369478,
4318.8502,104.6493,104.6677,104.6605,,,4318.8502,104.6290521,104.6474521,104.6402521,
4319.7496,104.6494,104.664,104.6565,,,4319.7496,104.6291564,104.6437564,104.6362564,
4320.65,104.649,104.6627,104.6561,,,4320.65,104.6287606,104.6424606,104.6358606,
4321.5504,104.6495,104.6614,104.6558,,,4321.5504,104.6292649,104.6411649,104.6355649,
4322.4498,104.649,104.6596,104.6549,,,4322.4498,104.6287692,104.6393692,104.6346692,
4323.3502,104.6494,104.6596,104.655,,,4323.3502,104.6291734,104.6393734,104.6347734,
4324.2496,104.6479,104.6579,104.6537,,,4324.2496,104.6276777,104.6376777,104.6334777,
4325.15,104.6489,104.6581,104.6539,,,4325.15,104.6286819,104.6378819,104.6336819,
4326.0504,104.649,104.656,104.6528,,,4326.0504,104.6287862,104.6357862,104.6325862,
4326.9498,104.6477,104.6545,104.6511,,,4326.9498,104.6274905,104.6342905,104.6308905,
4327.8502,104.6475,104.6552,104.6512,,,4327.8502,104.6272947,104.6349947,104.6309947,
4328.7496,104.647,104.6525,104.6499,,,4328.7496,104.626799,104.632299,104.629699,
4329.65,104.6451,104.6525,104.6493,,,4329.65,104.6249033,104.6323033,104.6291033,
4330.5504,104.6436,104.6561,104.6498,,,4330.5504,104.6234075,104.6359075,104.6296075,
4331.4,104.6422,104.6507,104.6477,,,4331.4,104.6220116,104.6305116,104.6275116,
4332.2999,104.6407,104.6546,104.6483,,,4332.2999,104.6205158,104.6344158,104.6281158,
4333.2496,104.6401,104.6503,104.646,,,4333.2496,104.6199203,104.6301203,104.6258203,
4334.15,104.6381,104.6505,104.6461,,,4334.15,104.6179246,104.6303246,104.6259246,
4335.0504,104.6356,104.6503,104.6446,,,4335.0504,104.6154289,104.6301289,104.6244289,
4335.9498,104.6354,104.6489,104.6433,,,4335.9498,104.6152331,104.6287331,104.6231331,
4336.8502,104.6341,104.6499,104.6431,,,4336.8502,104.6139374,104.6297374,104.6229374,
4337.7496,104.6336,104.6537,104.6453,,,4337.7496,104.6134417,104.6335417,104.6251417,
4338.65,104.6307,104.651,104.6429,,,4338.65,104.6105459,104.6308459,104.6227459,
4339.5504,104.631,104.6478,104.6406,,,4339.5504,104.6108502,104.6276502,104.6204502,
4340.4498,104.6289,104.6489,104.6398,,,4340.4498,104.6087544,104.6287544,104.6196544,
4341.3502,104.6274,104.6497,104.6404,,,4341.3502,104.6072587,104.6295587,104.6202587,
4342.2496,104.6276,104.6465,104.638,,,4342.2496,104.607463,104.626363,104.617863,
4343.15,104.6274,104.6465,104.6378,,,4343.15,104.6072672,104.6263672,104.6176672,
4344.0504,104.6248,104.6494,104.6376,,,4344.0504,104.6046715,104.6292715,104.6174715,
4344.9498,104.6246,104.652,104.6397,,,4344.9498,104.6044758,104.6318758,104.6195758,
4345.8502,104.6236,104.6466,104.6354,,,4345.8502,104.60348,104.62648,104.61528,
4346.7496,104.6229,104.6474,104.6364,,,4346.7496,104.6027843,104.6272843,104.6162843,
4347.65,104.6225,104.6494,104.6356,,,4347.65,104.6023886,104.6292886,104.6154886,
4348.5504,104.6224,104.6454,104.6329,,,4348.5504,104.6022928,104.6252928,104.6127928,
4349.4498,104.6203,104.6477,104.6333,,,4349.4498,104.6001971,104.6275971,104.6131971,
4350.3502,104.6205,104.6428,104.6306,,,4350.3502,104.6004014,104.6227014,104.6105014,
4351.2496,104.62,104.6497,104.6348,,,4351.2496,104.5999056,104.6296056,104.6147056,
4352.15,104.6194,104.6493,104.6336,,,4352.15,104.5993099,104.6292099,104.6135099,
4353.0504,104.6196,104.643,104.6296,,,4353.0504,104.5995142,104.6229142,104.6095142,
4353.9498,104.6185,104.6411,104.6287,,,4353.9498,104.5984184,104.6210184,104.6086184,
4354.8502,104.6181,104.643,104.6293,,,4354.8502,104.5980227,104.6229227,104.6092227,
4355.7496,104.6168,104.6458,104.6319,,,4355.7496,104.5967269,104.6257269,104.6118269,
4356.65,104.6174,104.6403,104.6276,,,4356.65,104.5973312,104.6202312,104.6075312,
4357.5504,104.6173,104.6413,104.6273,,,4357.5504,104.5972355,104.6212355,104.6072355,
4358.4498,104.6139,104.6478,104.6311,,,4358.4498,104.5938397,104.6277397,104.6110397,
4359.3502,104.6154,104.6481,104.6304,,,4359.3502,104.595344,104.628044,104.610344,
4360.2496,104.6142,104.6495,104.6297,,,4360.2496,104.5941483,104.6294483,104.6096483,
4361.15,104.6141,104.6489,104.6306,,,4361.15,104.5940525,104.6288525,104.6105525,
4362.0504,104.6145,104.638,104.6252,,,4362.0504,104.5944568,104.6179568,104.6051568,
4362.9498,104.6147,104.6417,104.6267,,,4362.9498,104.5946611,104.6216611,104.6066611,
4363.9,104.6138,104.6389,104.6252,,,4363.9,104.5937656,104.6188656,104.6051656,
4364.8502,104.6137,104.6397,104.6245,,,4364.8502,104.5936701,104.6196701,104.6044701,
4365.7496,104.6145,104.6481,104.6315,,,4365.7496,104.5944743,104.6280743,104.6114743,
4366.65,104.6139,104.6467,104.6293,,,4366.65,104.5938786,104.6266786,104.6092786,
4367.5504,104.6143,104.6385,104.625,,,4367.5504,104.5942829,104.6184829,104.6049829,
4368.4498,104.6141,104.6411,104.6261,,,4368.4498,104.5940871,104.6210871,104.6060871,
4369.3502,104.6138,104.6388,104.6245,,,4369.3502,104.5937914,104.6187914,104.6044914,
4370.2496,104.6137,104.64,104.6249,,,4370.2496,104.5936957,104.6199957,104.6048957,
4371.15,104.6143,104.6423,104.6264,,,4371.15,104.5942999,104.6222999,104.6063999,
4372.0504,104.6138,104.6427,104.6262,,,4372.0504,104.5938042,104.6227042,104.6062042,
4372.9498,104.6139,104.6431,104.6273,,,4372.9498,104.5939084,104.6231084,104.6073084,
4373.8502,104.6131,104.6435,104.6271,,,4373.8502,104.5931127,104.6235127,104.6071127,
4374.7999,104.6135,104.6446,104.6272,,,4374.7999,104.5935172,104.6246172,104.6072172,
4375.6998,104.6134,104.6485,104.6273,,,4375.6998,104.5934215,104.6285215,104.6073215,
4376.6002,104.6141,104.6419,104.6263,,,4376.6002,104.5941257,104.6219257,104.6063257,
4377.5504,104.6141,104.645,104.6276,,,4377.5504,104.5941302,104.6250302,104.6076302,
4378.4498,104.6146,104.6513,104.6304,,,4378.4498,104.5946345,104.6313345,104.6104345,
4379.3502,104.6145,104.646,104.6271,,,4379.3502,104.5945388,104.6260388,104.6071388,
4380.2496,104.6133,104.6606,104.6344,,,4380.2496,104.593343,104.640643,104.614443,
4381.15,104.6143,104.6486,104.629,,,4381.15,104.5943473,104.6286473,104.6090473,
4382.0504,104.615,104.66,104.6359,,,4382.0504,104.5950516,104.6400516,104.6159516,
4382.9498,104.6153,104.6469,104.6294,,,4382.9498,104.5953558,104.6269558,104.6094558,
4383.8502,104.6165,104.6467,104.629,,,4383.8502,104.5965601,104.6267601,104.6090601,
4384.7496,104.6153,104.6462,104.6285,,,4384.7496,104.5953644,104.6262644,104.6085644,
4385.6998,104.6152,104.6575,104.6321,,,4385.6998,104.5952689,104.6375689,104.6121689,
4386.6002,104.6164,104.6482,104.6295,,,4386.6002,104.5964731,104.6282731,104.6095731,
4387.5001,104.6173,104.6608,104.6356,,,4387.5001,104.5973774,104.6408774,104.6156774,
4388.4498,104.6181,104.6505,104.6329,,,4388.4498,104.5981819,104.6305819,104.6129819,
4389.3502,104.6185,104.649,104.6309,,,4389.3502,104.5985862,104.6290862,104.6109862,
4390.2496,104.6194,104.6505,104.6321,,,4390.2496,104.5994904,104.6305904,104.6121904,
4391.15,104.6192,104.6495,104.6324,,,4391.15,104.5992947,104.6295947,104.6124947,
4392.0504,104.6199,104.6655,104.64,,,4392.0504,104.599999,104.645599,104.620099,
4392.9498,104.6211,104.6564,104.6349,,,4392.9498,104.6012032,104.6365032,104.6150032,
4393.8502,104.6215,104.6607,104.6369,,,4393.8502,104.6016075,104.6408075,104.6170075,
4394.7496,104.6231,104.6692,104.6437,,,4394.7496,104.6032117,104.6493117,104.6238117,
4395.65,104.6235,104.6553,104.6373,,,4395.65,104.603616,104.635416,104.617416,
4396.5504,104.6236,104.6577,104.6378,,,4396.5504,104.6037203,104.6378203,104.6179203,
4397.4498,104.6239,104.6587,104.6379,,,4397.4498,104.6040245,104.6388245,104.6180245,
4398.4,104.6247,104.6576,104.6376,,,4398.4,104.604829,104.637729,104.617729,
4399.2999,104.6259,104.6573,104.6384,,,4399.2999,104.6060333,104.6374333,104.6185333,
4400.15,104.6274,104.6679,104.6449,,,4400.15,104.6075373,104.6480373,104.6250373,
4401.0504,104.6282,104.6686,104.6451,,,4401.0504,104.6083416,104.6487416,104.6252416,
4402.0001,104.6283,104.6709,104.6467,,,4402.0001,104.6084461,104.6510461,104.6268461,
4402.9498,104.6289,104.662,104.6429,,,4402.9498,104.6090506,104.6421506,104.6230506,
4403.8502,104.6307,104.6645,104.645,,,4403.8502,104.6108549,104.6446549,104.6251549,
4404.7496,104.6319,104.6685,104.6486,,,4404.7496,104.6120591,104.6486591,104.6287591,
4405.65,104.6341,104.671,104.6497,,,4405.65,104.6142634,104.6511634,104.6298634,
4406.5504,104.635,104.6729,104.6529,,,4406.5504,104.6151677,104.6530677,104.6330677,
4407.4498,104.6366,104.6697,104.6505,,,4407.4498,104.6167719,104.6498719,104.6306719,
4408.3502,104.6377,104.6747,104.6535,,,4408.3502,104.6178762,104.6548762,104.6336762,
4409.2496,104.6393,104.6732,104.6526,,,4409.2496,104.6194805,104.6533805,104.6327805,
4410.15,104.6408,104.6743,104.655,,,4410.15,104.6209847,104.6544847,104.6351847,
4411.1002,104.6415,104.6721,104.6552,,,4411.1002,104.6216892,104.6522892,104.6353892,
4412.0001,104.6424,104.6765,104.6562,,,4412.0001,104.6225935,104.6566935,104.6363935,
4412.9,104.6452,104.6708,104.6565,,,4412.9,104.6253978,104.6509978,104.6366978,
4413.7999,104.6465,104.6716,104.6574,,,4413.7999,104.626702,104.651802,104.637602,
4414.6998,104.6486,104.6736,104.6586,,,4414.6998,104.6288063,104.6538063,104.6388063,
4415.65,104.6503,104.6741,104.6598,,,4415.65,104.6305108,104.6543108,104.6400108,
4416.5504,104.6518,104.6756,104.6613,,,4416.5504,104.6320151,104.6558151,104.6415151,
4417.4498,104.6522,104.6755,104.6624,,,4417.4498,104.6324193,104.6557193,104.6426193,
4418.3502,104.6544,104.6769,104.6641,,,4418.3502,104.6346236,104.6571236,104.6443236,
4419.2496,104.6569,104.6792,104.6661,,,4419.2496,104.6371278,104.6594278,104.6463278,
4420.15,104.6588,104.6787,104.6675,,,4420.15,104.6390321,104.6589321,104.6477321,
4421.0504,104.661,104.6798,104.6687,,,4421.0504,104.6412364,104.6600364,104.6489364,
4421.9498,104.662,104.6811,104.6702,,,4421.9498,104.6422406,104.6613406,104.6504406,
4422.8502,104.6632,104.6823,104.6714,,,4422.8502,104.6434449,104.6625449,104.6516449,
4423.7496,104.6647,104.6835,104.6726,,,4423.7496,104.6449492,104.6637492,104.6528492,
4424.65,104.6669,104.6839,104.6743,,,4424.65,104.6471534,104.6641534,104.6545534,
4425.5504,104.6684,104.6865,104.6755,,,4425.5504,104.6486577,104.6667577,104.6557577,
4426.4498,104.6698,104.6874,104.6767,,,4426.4498,104.650062,104.667662,104.656962,
4427.3502,104.6708,104.6889,104.6777,,,4427.3502,104.6510662,104.6691662,104.6579662,
4428.2496,104.6722,104.6882,104.6787,,,4428.2496,104.6524705,104.6684705,104.6589705,
4429.15,104.6741,104.6889,104.6799,,,4429.15,104.6543748,104.6691748,104.6601748,
4430.0504,104.6747,104.6915,104.6817,,,4430.0504,104.654979,104.671779,104.661979,
4430.9498,104.6771,104.6893,104.6824,,,4430.9498,104.6573833,104.6695833,104.6626833,
4431.8502,104.6775,104.6905,104.6836,,,4431.8502,104.6577875,104.6707875,104.6638875,
4432.7496,104.6795,104.6907,104.684,,,4432.7496,104.6597918,104.6709918,104.6642918,
4433.65,104.6803,104.6921,104.6855,,,4433.65,104.6605961,104.6723961,104.6657961,
4434.5504,104.6819,104.6932,104.6865,,,4434.5504,104.6622003,104.6735003,104.6668003,
4435.5001,104.6823,104.6949,104.6873,,,4435.5001,104.6626048,104.6752048,104.6676048,
4436.4498,104.6833,104.6943,104.688,,,4436.4498,104.6636093,104.6746093,104.6683093,
4437.3502,104.6841,104.6955,104.6889,,,4437.3502,104.6644136,104.6758136,104.6692136,
4438.2496,104.6861,104.6929,104.6891,,,4438.2496,104.6664179,104.6732179,104.6694179,
4439.15,104.6854,104.6931,104.6889,,,4439.15,104.6657221,104.6734221,104.6692221,
4440.0504,104.6853,104.6935,104.6888,,,4440.0504,104.6656264,104.6738264,104.6691264,
4440.9498,104.6849,104.6924,104.6883,,,4440.9498,104.6652307,104.6727307,104.6686307,
4441.8502,104.6847,104.692,104.6883,,,4441.8502,104.6650349,104.6723349,104.6686349,
4442.7496,104.6847,104.692,104.6882,,,4442.7496,104.6650392,104.6723392,104.6685392,
4443.65,104.6841,104.6917,104.6876,,,4443.65,104.6644435,104.6720435,104.6679435,
4444.5504,104.6846,104.6916,104.6879,,,4444.5504,104.6649477,104.6719477,104.6682477,
4445.4498,104.6838,104.6911,104.6873,,,4445.4498,104.664152,104.671452,104.667652,
4446.3502,104.6831,104.6901,104.6866,,,4446.3502,104.6634563,104.6704563,104.6669563,
4447.2496,104.6823,104.6898,104.6858,,,4447.2496,104.6626605,104.6701605,104.6661605,
4448.15,104.6829,104.6888,104.6859,,,4448.15,104.6632648,104.6691648,104.6662648,
4449.0504,104.6821,104.6885,104.6852,,,4449.0504,104.6624691,104.6688691,104.6655691,
4449.9498,104.6816,104.687,104.6842,,,4449.9498,104.6619733,104.6673733,104.6645733,
4450.8502,104.6807,104.6868,104.6837,,,4450.8502,104.6610776,104.6671776,104.6640776,
4451.7496,104.6794,104.6855,104.6824,,,4451.7496,104.6597818,104.6658818,104.6627818,
4452.65,104.6788,104.6849,104.6821,,,4452.65,104.6591861,104.6652861,104.6624861,
4453.5504,104.6771,104.6827,104.6803,,,4453.5504,104.6574904,104.6630904,104.6606904,
4454.4498,104.6763,104.6814,104.6789,,,4454.4498,104.6566946,104.6617946,104.6592946,
4455.4,104.6747,104.6802,104.6777,,,4455.4,104.6550991,104.6605991,104.6580991,
4456.3502,104.6733,104.6786,104.6761,,,4456.3502,104.6537036,104.6590036,104.6565036,
4457.2496,104.6728,104.6776,104.6752,,,4457.2496,104.6532079,104.6580079,104.6556079,
4458.1002,104.6713,104.6763,104.674,,,4458.1002,104.6517119,104.6567119,104.6544119,
4459.0001,104.6697,104.6744,104.6724,,,4459.0001,104.6501162,104.6548162,104.6528162,
4459.9498,104.6685,104.6733,104.6714,,,4459.9498,104.6489207,104.6537207,104.6518207,
4460.8502,104.6669,104.6716,104.6696,,,4460.8502,104.647325,104.652025,104.650025,
4461.7496,104.6662,104.6706,104.6687,,,4461.7496,104.6466292,104.6510292,104.6491292,
4462.65,104.6649,104.669,104.6672,,,4462.65,104.6453335,104.6494335,104.6476335,
4463.5504,104.6635,104.6674,104.6657,,,4463.5504,104.6439378,104.6478378,104.6461378,
4464.4498,104.6623,104.6662,104.6645,,,4464.4498,104.642742,104.646642,104.644942,
4465.3502,104.6611,104.6649,104.6631,,,4465.3502,104.6415463,104.6453463,104.6435463,
4466.2496,104.6596,104.6631,104.6615,,,4466.2496,104.6400506,104.6435506,104.6419506,
4467.15,104.6583,104.6623,104.6605,,,4467.15,104.6387548,104.6427548,104.6409548,
4468.0504,104.6569,104.6608,104.659,,,4468.0504,104.6373591,104.6412591,104.6394591,
4468.9498,104.6554,104.6602,104.658,,,4468.9498,104.6358633,104.6406633,104.6384633,
4469.8502,104.6538,104.6593,104.657,,,4469.8502,104.6342676,104.6397676,104.6374676,
4470.7496,104.653,104.6584,104.6558,,,4470.7496,104.6334719,104.6388719,104.6362719,
4471.65,104.6513,104.658,104.6552,,,4471.65,104.6317761,104.6384761,104.6356761,
4472.5504,104.6499,104.6577,104.6546,,,4472.5504,104.6303804,104.6381804,104.6350804,
4473.5001,104.6485,104.6567,104.6533,,,4473.5001,104.6289849,104.6371849,104.6337849,
4474.4498,104.6483,104.6575,104.6536,,,4474.4498,104.6287894,104.6379894,104.6340894,
4475.3502,104.647,104.6568,104.6528,,,4475.3502,104.6274937,104.6372937,104.6332937,
4476.2496,104.6463,104.6575,104.6527,,,4476.2496,104.6267979,104.6379979,104.6331979,
4477.15,104.6456,104.6581,104.6527,,,4477.15,104.6261022,104.6386022,104.6332022,
4478.0504,104.6454,104.6583,104.6528,,,4478.0504,104.6259065,104.6388065,104.6333065,
4478.9498,104.6452,104.6588,104.6531,,,4478.9498,104.6257107,104.6393107,104.6336107,
4479.8502,104.6454,104.66,104.6537,,,4479.8502,104.625915,104.640515,104.634215,
4480.7496,104.6451,104.6608,104.6537,,,4480.7496,104.6256193,104.6413193,104.6342193,
4481.65,104.6447,104.6627,104.6546,,,4481.65,104.6252235,104.6432235,104.6351235,
4482.5504,104.6456,104.664,104.6558,,,4482.5504,104.6261278,104.6445278,104.6363278,
4483.4498,104.646,104.6658,104.6568,,,4483.4498,104.6265321,104.6463321,104.6373321,
4484.3502,104.6463,104.6679,104.658,,,4484.3502,104.6268363,104.6484363,104.6385363,
4485.2496,104.6474,104.67,104.6595,,,4485.2496,104.6279406,104.6505406,104.6400406,
4486.15,104.6479,104.6717,104.6604,,,4486.15,104.6284449,104.6522449,104.6409449,
4487.0504,104.6502,104.6733,104.662,,,4487.0504,104.6307491,104.6538491,104.6425491,
4487.9498,104.6507,104.6763,104.6641,,,4487.9498,104.6312534,104.6568534,104.6446534,
4488.8502,104.652,104.6784,104.6656,,,4488.8502,104.6325576,104.6589576,104.6461576,
4489.7496,104.6533,104.6807,104.6672,,,4489.7496,104.6338619,104.6612619,104.6477619,
4490.65,104.6551,104.6834,104.6692,,,4490.65,104.6356662,104.6639662,104.6497662,
4491.5504,104.6567,104.6854,104.6712,,,4491.5504,104.6372704,104.6659704,104.6517704,
4492.4498,104.6585,104.6876,104.6733,,,4492.4498,104.6390747,104.6681747,104.6538747,
4493.3502,104.66,104.6905,104.6746,,,4493.3502,104.640579,104.671079,104.655179,
4494.2496,104.6624,104.692,104.677,,,4494.2496,104.6429832,104.6725832,104.6575832,
4495.15,104.6645,104.694,104.6787,,,4495.15,104.6450875,104.6745875,104.6592875,
4496.0504,104.6667,104.697,104.6812,,,4496.0504,104.6472918,104.6775918,104.6617918,
4497.0001,104.6686,104.6995,104.6834,,,4497.0001,104.6491963,104.6800963,104.6639963,
4497.9,104.6701,104.7017,104.6851,,,4497.9,104.6507005,104.6823005,104.6657005,
4498.7999,104.6726,104.7038,104.6878,,,4498.7999,104.6532048,104.6844048,104.6684048,
4499.7496,104.6747,104.7065,104.6897,,,4499.7496,104.6553093,104.6871093,104.6703093,
4500.65,104.6769,104.7092,104.6921,,,4500.65,104.6575136,104.6898136,104.6727136,
4501.5504,104.6786,104.7101,104.694,,,4501.5504,104.6592178,104.6907178,104.6746178,
4502.4498,104.6808,104.7128,104.696,,,4502.4498,104.6614221,104.6934221,104.6766221,
4503.3502,104.6829,104.7139,104.6978,,,4503.3502,104.6635264,104.6945264,104.6784264,
4504.2496,104.6849,104.7164,104.7001,,,4504.2496,104.6655306,104.6970306,104.6807306,
4505.15,104.687,104.7182,104.7018,,,4505.15,104.6676349,104.6988349,104.6824349,
4506.0504,104.6893,104.7206,104.704,,,4506.0504,104.6699391,104.7012391,104.6846391,
4506.9498,104.6908,104.7229,104.7056,,,4506.9498,104.6714434,104.7035434,104.6862434,
4507.8502,104.6921,104.7244,104.7074,,,4507.8502,104.6727477,104.7050477,104.6880477,
4508.7496,104.6937,104.7257,104.709,,,4508.7496,104.6743519,104.7063519,104.6896519,
4509.65,104.6952,104.7262,104.7102,,,4509.65,104.6758562,104.7068562,104.6908562,
4510.5504,104.6964,104.7277,104.7115,,,4510.5504,104.6770605,104.7083605,104.6921605,
4511.4498,104.6978,104.7292,104.7128,,,4511.4498,104.6784647,104.7098647,104.6934647,
4512.3502,104.6988,104.7301,104.7141,,,4512.3502,104.679469,104.710769,104.694769,
4513.2496,104.7002,104.7306,104.7154,,,4513.2496,104.6808733,104.7112733,104.6960733,
4514.15,104.7011,104.7322,104.716,,,4514.15,104.6817775,104.7128775,104.6966775,
4515.0504,104.7015,104.7322,104.7167,,,4515.0504,104.6821818,104.7128818,104.6973818,
4515.9498,104.7023,104.7332,104.7175,,,4515.9498,104.6829861,104.7138861,104.6981861,
4516.8502,104.7034,104.7334,104.7183,,,4516.8502,104.6840903,104.7140903,104.6989903,
4517.7496,104.7044,104.7332,104.7187,,,4517.7496,104.6850946,104.7138946,104.6993946,
4518.65,104.7039,104.7343,104.7191,,,4518.65,104.6845989,104.7149989,104.6997989,
4519.5504,104.7049,104.7344,104.7197,,,4519.5504,104.6856031,104.7151031,104.7004031,
4520.4498,104.7053,104.7344,104.7201,,,4520.4498,104.6860074,104.7151074,104.7008074,
4521.3502,104.7056,104.7354,104.7201,,,4521.3502,104.6863116,104.7161116,104.7008116,
4522.2496,104.7057,104.7347,104.7198,,,4522.2496,104.6864159,104.7154159,104.7005159,
4523.15,104.706,104.7336,104.7197,,,4523.15,104.6867202,104.7143202,104.7004202,
4524.0504,104.7062,104.7339,104.7198,,,4524.0504,104.6869244,104.7146244,104.7005244,
4524.9498,104.706,104.7344,104.7198,,,4524.9498,104.6867287,104.7151287,104.7005287,
4525.8502,104.7057,104.7334,104.7195,,,4525.8502,104.686433,104.714133,104.700233,
4526.7496,104.7054,104.7342,104.7195,,,4526.7496,104.6861372,104.7149372,104.7002372,
4527.65,104.7053,104.7342,104.7195,,,4527.65,104.6860415,104.7149415,104.7002415,
4528.5504,104.7054,104.7331,104.7193,,,4528.5504,104.6861458,104.7138458,104.7000458,
4529.4498,104.7054,104.7327,104.7193,,,4529.4498,104.68615,104.71345,104.70005,
4530.4,104.705,104.733,104.719,,,4530.4,104.6857545,104.7137545,104.6997545,
4531.2999,104.7045,104.7327,104.7186,,,4531.2999,104.6852588,104.7134588,104.6993588,
4532.1998,104.7056,104.7316,104.7186,,,4532.1998,104.6863631,104.7123631,104.6993631,
4533.15,104.705,104.7315,104.7184,,,4533.15,104.6857676,104.7122676,104.6991676,
4534.0504,104.7046,104.7309,104.7182,,,4534.0504,104.6853718,104.7116718,104.6989718,
4534.9498,104.705,104.7312,104.7182,,,4534.9498,104.6857761,104.7119761,104.6989761,
4535.8502,104.705,104.7312,104.7179,,,4535.8502,104.6857804,104.7119804,104.6986804,
4536.7496,104.705,104.7301,104.7176,,,4536.7496,104.6857846,104.7108846,104.6983846,
4537.65,104.705,104.7299,104.7175,,,4537.65,104.6857889,104.7106889,104.6982889,
4538.5504,104.7053,104.7277,104.717,,,4538.5504,104.6860932,104.7084932,104.6977932,
4539.4498,104.7056,104.728,104.7167,,,4539.4498,104.6863974,104.7087974,104.6974974,
4540.3502,104.7053,104.7284,104.717,,,4540.3502,104.6861017,104.7092017,104.6978017,
4541.2496,104.7052,104.7289,104.7169,,,4541.2496,104.6860059,104.7097059,104.6977059,
4542.15,104.7056,104.7284,104.7171,,,4542.15,104.6864102,104.7092102,104.6979102,
4543.0504,104.7062,104.7287,104.7171,,,4543.0504,104.6870145,104.7095145,104.6979145,
4543.9498,104.7061,104.728,104.717,,,4543.9498,104.6869187,104.7088187,104.6978187,
4544.8502,104.7065,104.7289,104.7174,,,4544.8502,104.687323,104.709723,104.698223,
4545.7496,104.7066,104.7291,104.7172,,,4545.7496,104.6874273,104.7099273,104.6980273,
4546.65,104.7068,104.7272,104.7171,,,4546.65,104.6876315,104.7080315,104.6979315,
4547.5504,104.7077,104.7275,104.7174,,,4547.5504,104.6885358,104.7083358,104.6982358,
4548.4498,104.7078,104.7271,104.7176,,,4548.4498,104.6886401,104.7079401,104.6984401,
4549.3502,104.7084,104.7277,104.718,,,4549.3502,104.6892443,104.7085443,104.6988443,
4550.2496,104.7081,104.728,104.718,,,4550.2496,104.6889486,104.7088486,104.6988486,
4551.15,104.7086,104.7281,104.7181,,,4551.15,104.6894529,104.7089529,104.6989529,
4552.0504,104.7088,104.7284,104.7187,,,4552.0504,104.6896571,104.7092571,104.6995571,
4552.9498,104.7095,104.7289,104.7189,,,4552.9498,104.6903614,104.7097614,104.6997614,
4553.8502,104.7095,104.7284,104.719,,,4553.8502,104.6903656,104.7092656,104.6998656,
4554.7496,104.71,104.7292,104.7192,,,4554.7496,104.6908699,104.7100699,104.7000699,
4555.65,104.7105,104.7291,104.7196,,,4555.65,104.6913742,104.7099742,104.7004742,
4556.5504,104.7104,104.7289,104.7193,,,4556.5504,104.6912784,104.7097784,104.7001784,
4557.5001,104.7108,104.7291,104.7195,,,4557.5001,104.6916829,104.7099829,104.7003829,
4558.4498,104.7109,104.7289,104.7199,,,4558.4498,104.6917874,104.7097874,104.7007874,
4559.3502,104.7112,104.7291,104.7198,,,4559.3502,104.6920917,104.7099917,104.7006917,
4560.2496,104.712,104.7284,104.7204,,,4560.2496,104.692896,104.709296,104.701296,
4561.15,104.7125,104.7276,104.7201,,,4561.15,104.6934002,104.7085002,104.7010002,
4562.0504,104.7128,104.7268,104.7205,,,4562.0504,104.6937045,104.7077045,104.7014045,
4562.9498,104.7132,104.7257,104.7204,,,4562.9498,104.6941088,104.7066088,104.7013088,
4563.8502,104.7134,104.7248,104.72,,,4563.8502,104.694313,104.705713,104.700913,
4564.7496,104.7147,104.724,104.7205,,,4564.7496,104.6956173,104.7049173,104.7014173,
4565.65,104.7146,104.7234,104.7201,,,4565.65,104.6955216,104.7043216,104.7010216,
4566.5504,104.7144,104.7222,104.7195,,,4566.5504,104.6953258,104.7031258,104.7004258,
4567.4498,104.7152,104.7217,104.719,,,4567.4498,104.6961301,104.7026301,104.6999301,
4568.3502,104.7152,104.7211,104.7185,,,4568.3502,104.6961344,104.7020344,104.6994344,
4569.2496,104.7158,104.7207,104.7183,,,4569.2496,104.6967386,104.7016386,104.6992386,
4570.15,104.7143,104.7187,104.7166,,,4570.15,104.6952429,104.6996429,104.6975429,
4571.0504,104.7136,104.7183,104.7159,,,4571.0504,104.6945472,104.6992472,104.6968472,
4571.9498,104.7125,104.7185,104.7155,,,4571.9498,104.6934514,104.6994514,104.6964514,
4572.8502,104.7115,104.7182,104.7147,,,4572.8502,104.6924557,104.6991557,104.6956557,
4573.7496,104.7105,104.7181,104.7145,,,4573.7496,104.6914599,104.6990599,104.6954599,
4574.6998,104.7097,104.7183,104.7141,,,4574.6998,104.6906644,104.6992644,104.6950644,
4575.6002,104.7081,104.7185,104.7131,,,4575.6002,104.6890687,104.6994687,104.6940687,
4576.5001,104.7073,104.7181,104.7123,,,4576.5001,104.688273,104.699073,104.693273,
4577.4498,104.7056,104.7187,104.7112,,,4577.4498,104.6865775,104.6996775,104.6921775,
4578.3502,104.7041,104.7179,104.7099,,,4578.3502,104.6850817,104.6988817,104.6908817,
4579.2496,104.7038,104.7181,104.7093,,,4579.2496,104.684786,104.699086,104.690286,
4580.15,104.7022,104.7171,104.7079,,,4580.15,104.6831903,104.6980903,104.6888903,
4581.0504,104.7009,104.7171,104.7075,,,4581.0504,104.6818945,104.6980945,104.6884945,
4581.9498,104.7009,104.7177,104.7075,,,4581.9498,104.6818988,104.6986988,104.6884988,
4582.8502,104.6991,104.7162,104.7063,,,4582.8502,104.6801031,104.6972031,104.6873031,
4583.7496,104.699,104.7163,104.7057,,,4583.7496,104.6800073,104.6973073,104.6867073,
4584.65,104.6976,104.7155,104.7051,,,4584.65,104.6786116,104.6965116,104.6861116,
4585.5504,104.6971,104.7159,104.7044,,,4585.5504,104.6781159,104.6969159,104.6854159,
4586.4498,104.696,104.7155,104.7039,,,4586.4498,104.6770201,104.6965201,104.6849201,
4587.3502,104.6941,104.7147,104.7024,,,4587.3502,104.6751244,104.6957244,104.6834244,
4588.2496,104.694,104.7147,104.7025,,,4588.2496,104.6750287,104.6957287,104.6835287,
4589.15,104.6928,104.7142,104.7015,,,4589.15,104.6738329,104.6952329,104.6825329,
4590.0504,104.6917,104.7131,104.7002,,,4590.0504,104.6727372,104.6941372,104.6812372,
4590.9498,104.6913,104.7132,104.7003,,,4590.9498,104.6723414,104.6942414,104.6813414,
4591.8502,104.6901,104.7127,104.6991,,,4591.8502,104.6711457,104.6937457,104.6801457,
4592.7496,104.6896,104.7139,104.6994,,,4592.7496,104.67065,104.69495,104.68045,
4593.65,104.6878,104.712,104.6981,,,4593.65,104.6688542,104.6930542,104.6791542,
4594.5504,104.6882,104.7113,104.6981,,,4594.5504,104.6692585,104.6923585,104.6791585,
4595.4498,104.6874,104.7131,104.6981,,,4595.4498,104.6684628,104.6941628,104.6791628,
4596.3502,104.6874,104.7121,104.6983,,,4596.3502,104.668467,104.693167,104.679367,
4597.2496,104.6874,104.7138,104.6985,,,4597.2496,104.6684713,104.6948713,104.6795713,
4598.15,104.6863,104.7128,104.6977,,,4598.15,104.6673756,104.6938756,104.6787756,
4599.0504,104.6855,104.7124,104.697,,,4599.0504,104.6665798,104.6934798,104.6780798,
4599.9498,104.6853,104.7117,104.6969,,,4599.9498,104.6663841,104.6927841,104.6779841,
4600.8502,104.6845,104.7111,104.6962,,,4600.8502,104.6655884,104.6921884,104.6772884,
4601.7496,104.6837,104.7116,104.6958,,,4601.7496,104.6647926,104.6926926,104.6768926,
4602.65,104.6834,104.7112,104.6955,,,4602.65,104.6644969,104.6922969,104.6765969,
4603.5504,104.6829,104.7111,104.6954,,,4603.5504,104.6640012,104.6922012,104.6765012,
4604.4498,104.6826,104.7124,104.6955,,,4604.4498,104.6637054,104.6935054,104.6766054,
4605.3502,104.6829,104.7128,104.6958,,,4605.3502,104.6640097,104.6939097,104.6769097,
4606.2496,104.6826,104.713,104.6957,,,4606.2496,104.6637139,104.6941139,104.6768139,
4607.15,104.6827,104.7134,104.6964,,,4607.15,104.6638182,104.6945182,104.6775182,
4608.0504,104.6818,104.713,104.6953,,,4608.0504,104.6629225,104.6941225,104.6764225,
4608.9498,104.6818,104.7132,104.6959,,,4608.9498,104.6629267,104.6943267,104.6770267,
4609.8502,104.6814,104.7131,104.6957,,,4609.8502,104.662531,104.694231,104.676831,
4610.7496,104.6814,104.7132,104.6955,,,4610.7496,104.6625353,104.6943353,104.6766353,
4611.65,104.6815,104.7142,104.6964,,,4611.65,104.6626395,104.6953395,104.6775395,
4612.5504,104.6812,104.7134,104.6959,,,4612.5504,104.6623438,104.6945438,104.6770438,
4613.4498,104.6812,104.7135,104.6958,,,4613.4498,104.6623481,104.6946481,104.6769481,
4614.3502,104.6811,104.7142,104.6961,,,4614.3502,104.6622523,104.6953523,104.6772523,
4615.2496,104.6812,104.7134,104.6958,,,4615.2496,104.6623566,104.6945566,104.6769566,
4616.15,104.6815,104.7147,104.6965,,,4616.15,104.6626609,104.6958609,104.6776609,
4617.0504,104.6825,104.7154,104.6969,,,4617.0504,104.6636651,104.6965651,104.6780651,
4617.9498,104.6835,104.7167,104.6976,,,4617.9498,104.6646694,104.6978694,104.6787694,
4618.8502,104.683,104.7163,104.6977,,,4618.8502,104.6641737,104.6974737,104.6788737,
4619.7496,104.6825,104.7164,104.6973,,,4619.7496,104.6636779,104.6975779,104.6784779,
4620.65,104.6833,104.7172,104.6982,,,4620.65,104.6644822,104.6983822,104.6793822,
4621.5504,104.6841,104.7181,104.6987,,,4621.5504,104.6652864,104.6992864,104.6798864,
4622.4498,104.6841,104.7178,104.6987,,,4622.4498,104.6652907,104.6989907,104.6798907,
4623.3502,104.685,104.7189,104.6995,,,4623.3502,104.666195,104.700095,104.680695,
4624.2496,104.6849,104.7202,104.7,,,4624.2496,104.6660992,104.7013992,104.6811992,
4625.15,104.6855,104.7202,104.7005,,,4625.15,104.6667035,104.7014035,104.6817035,
4626.0504,104.6861,104.7213,104.7011,,,4626.0504,104.6673078,104.7025078,104.6823078,
4626.9498,104.6869,104.7217,104.7014,,,4626.9498,104.668112,104.702912,104.682612,
4627.8502,104.6874,104.7224,104.7024,,,4627.8502,104.6686163,104.7036163,104.6836163,
4628.7496,104.6876,104.7222,104.7022,,,4628.7496,104.6688206,104.7034206,104.6834206,
4629.65,104.6888,104.7236,104.7037,,,4629.65,104.6700248,104.7048248,104.6849248,
4630.5504,104.6893,104.7256,104.7044,,,4630.5504,104.6705291,104.7068291,104.6856291,
4631.4498,104.6896,104.7254,104.7043,,,4631.4498,104.6708334,104.7066334,104.6855334,
4632.3502,104.6907,104.7256,104.7051,,,4632.3502,104.6719376,104.7068376,104.6863376,
4633.2496,104.6909,104.726,104.7055,,,4633.2496,104.6721419,104.7072419,104.6867419,
4634.15,104.6912,104.726,104.7058,,,4634.15,104.6724461,104.7072461,104.6870461,
4635.0504,104.6923,104.7272,104.7072,,,4635.0504,104.6735504,104.7084504,104.6884504,
4635.9498,104.6932,104.7275,104.7078,,,4635.9498,104.6744547,104.7087547,104.6890547,
4636.8502,104.6939,104.7289,104.7081,,,4636.8502,104.6751589,104.7101589,104.6893589,
4637.7496,104.6941,104.73,104.7091,,,4637.7496,104.6753632,104.7112632,104.6903632,
4638.65,104.6952,104.7293,104.7094,,,4638.65,104.6764675,104.7105675,104.6906675,
4639.5504,104.6962,104.7301,104.7102,,,4639.5504,104.6774717,104.7113717,104.6914717,
4640.4498,104.6968,104.7316,104.7111,,,4640.4498,104.678076,104.712876,104.692376,
4641.3502,104.698,104.7328,104.7121,,,4641.3502,104.6792803,104.7140803,104.6933803,
4642.2496,104.699,104.7323,104.7129,,,4642.2496,104.6802845,104.7135845,104.6941845,
4643.15,104.6998,104.7332,104.7139,,,4643.15,104.6810888,104.7144888,104.6951888,
4644.0504,104.7007,104.7332,104.714,,,4644.0504,104.6819931,104.7144931,104.6952931,
4644.9498,104.7015,104.7353,104.7151,,,4644.9498,104.6827973,104.7165973,104.6963973,
4645.8502,104.7013,104.7344,104.716,,,4645.8502,104.6826016,104.7157016,104.6973016,
4646.7496,104.7027,104.7361,104.7166,,,4646.7496,104.6840059,104.7174059,104.6979059,
4647.65,104.703,104.7371,104.7176,,,4647.65,104.6843101,104.7184101,104.6989101,
4648.5001,104.7049,104.7379,104.7185,,,4648.5001,104.6862141,104.7192141,104.6998141,
4649.3502,104.7058,104.7386,104.7195,,,4649.3502,104.6871182,104.7199182,104.7008182,
4650.2496,104.7065,104.7404,104.7206,,,4650.2496,104.6878224,104.7217224,104.7019224,
4651.15,104.7072,104.7406,104.7214,,,4651.15,104.6885267,104.7219267,104.7027267,
4652.0504,104.7084,104.7409,104.7226,,,4652.0504,104.689731,104.722231,104.703931,
4652.9498,104.7078,104.7422,104.723,,,4652.9498,104.6891352,104.7235352,104.7043352,
4653.8502,104.7089,104.7428,104.7239,,,4653.8502,104.6902395,104.7241395,104.7052395,
4654.7496,104.71,104.7444,104.7246,,,4654.7496,104.6913438,104.7257438,104.7059438,
4655.65,104.7119,104.7452,104.7258,,,4655.65,104.693248,104.726548,104.707148,
4656.5504,104.7117,104.7469,104.7264,,,4656.5504,104.6930523,104.7282523,104.7077523,
4657.4498,104.7135,104.7476,104.7278,,,4657.4498,104.6948566,104.7289566,104.7091566,
4658.3502,104.7142,104.748,104.7289,,,4658.3502,104.6955608,104.7293608,104.7102608,
4659.2496,104.7154,104.7486,104.7294,,,4659.2496,104.6967651,104.7299651,104.7107651,
4660.15,104.716,104.7486,104.7303,,,4660.15,104.6973694,104.7299694,104.7116694,
4661.0504,104.7164,104.7498,104.7312,,,4661.0504,104.6977736,104.7311736,104.7125736,
4661.9498,104.7177,104.7514,104.732,,,4661.9498,104.6990779,104.7327779,104.7133779,
4662.8502,104.7183,104.7519,104.733,,,4662.8502,104.6996821,104.7332821,104.7143821,
4663.7496,104.7194,104.7529,104.7343,,,4663.7496,104.7007864,104.7342864,104.7156864,
4664.65,104.7206,104.7538,104.7354,,,4664.65,104.7019907,104.7351907,104.7167907,
4665.5504,104.7213,104.7535,104.7354,,,4665.5504,104.7026949,104.7348949,104.7167949,
4666.4498,104.7218,104.755,104.7365,,,4666.4498,104.7031992,104.7363992,104.7178992,
4667.3502,104.724,104.7573,104.7387,,,4667.3502,104.7054035,104.7387035,104.7201035,
4668.2496,104.7242,104.7577,104.7391,,,4668.2496,104.7056077,104.7391077,104.7205077,
4669.15,104.725,104.758,104.7396,,,4669.15,104.706412,104.739412,104.721012,
4670.0504,104.7258,104.7576,104.7402,,,4670.0504,104.7072163,104.7390163,104.7216163,
4670.9498,104.7275,104.759,104.7416,,,4670.9498,104.7089205,104.7404205,104.7230205,
4671.8502,104.7284,104.7602,104.7426,,,4671.8502,104.7098248,104.7416248,104.7240248,
4672.7496,104.7301,104.761,104.7436,,,4672.7496,104.7115291,104.7424291,104.7250291,
4673.65,104.7299,104.7615,104.7443,,,4673.65,104.7113333,104.7429333,104.7257333,
4674.5504,104.7316,104.7635,104.7454,,,4674.5504,104.7130376,104.7449376,104.7268376,
4675.4498,104.7324,104.7644,104.7462,,,4675.4498,104.7138418,104.7458418,104.7276418,
4676.3502,104.7324,104.7648,104.7473,,,4676.3502,104.7138461,104.7462461,104.7287461,
4677.2496,104.7331,104.7655,104.7479,,,4677.2496,104.7145504,104.7469504,104.7293504,
4678.15,104.7351,104.7671,104.7499,,,4678.15,104.7165546,104.7485546,104.7313546,
4679.0504,104.7353,104.7668,104.7498,,,4679.0504,104.7167589,104.7482589,104.7312589,
4679.9498,104.7359,104.7679,104.7507,,,4679.9498,104.7173632,104.7493632,104.7321632,
4680.8502,104.7374,104.7694,104.7519,,,4680.8502,104.7188674,104.7508674,104.7333674,
4681.7496,104.7374,104.7698,104.7523,,,4681.7496,104.7188717,104.7512717,104.7337717,
4682.65,104.7382,104.7703,104.7534,,,4682.65,104.719676,104.751776,104.734876,
4683.5504,104.7406,104.7721,104.7551,,,4683.5504,104.7220802,104.7535802,104.7365802,
4684.4498,104.7417,104.7919,104.7681,,,4684.4498,104.7231845,104.7733845,104.7495845,
4685.3502,104.7418,104.7734,104.756,,,4685.3502,104.7232888,104.7548888,104.7374888,
4686.2496,104.7426,104.7756,104.758,,,4686.2496,104.724093,104.757093,104.739493,
4687.15,104.7441,104.7756,104.7586,,,4687.15,104.7255973,104.7570973,104.7400973,
4688.0504,104.7457,104.7768,104.76,,,4688.0504,104.7272016,104.7583016,104.7415016,
4688.9498,104.7469,104.7774,104.7607,,,4688.9498,104.7284058,104.7589058,104.7422058,
4689.8502,104.7477,104.7776,104.7613,,,4689.8502,104.7292101,104.7591101,104.7428101,
4690.7496,104.749,104.7785,104.7627,,,4690.7496,104.7305143,104.7600143,104.7442143,
4691.65,104.7502,104.7799,104.7643,,,4691.65,104.7317186,104.7614186,104.7458186,
4692.5504,104.751,104.7808,104.7648,,,4692.5504,104.7325229,104.7623229,104.7463229,
4693.4498,104.7523,104.7815,104.7658,,,4693.4498,104.7338271,104.7630271,104.7473271,
4694.3502,104.7539,104.7824,104.7669,,,4694.3502,104.7354314,104.7639314,104.7484314,
4695.2496,104.7547,104.7831,104.7679,,,4695.2496,104.7362357,104.7646357,104.7494357,
4696.15,104.7555,104.7846,104.7686,,,4696.15,104.7370399,104.7661399,104.7501399,
4697.0504,104.757,104.7855,104.7702,,,4697.0504,104.7385442,104.7670442,104.7517442,
4697.9498,104.758,104.7866,104.7712,,,4697.9498,104.7395485,104.7681485,104.7527485,
4698.8502,104.7597,104.7876,104.7726,,,4698.8502,104.7412527,104.7691527,104.7541527,
4699.7496,104.7615,104.7915,104.7753,,,4699.7496,104.743057,104.773057,104.756857,
4700.65,104.7618,104.7921,104.7754,,,4700.65,104.7433613,104.7736613,104.7569613,
4701.5504,104.7639,104.7975,104.7803,,,4701.5504,104.7454655,104.7790655,104.7618655,
4702.4498,104.7651,104.7952,104.7801,,,4702.4498,104.7466698,104.7767698,104.7616698,
4703.3502,104.7667,104.7936,104.7792,,,4703.3502,104.7482741,104.7751741,104.7607741,
4704.2496,104.7684,104.7944,104.7809,,,4704.2496,104.7499783,104.7759783,104.7624783,
4705.15,104.7696,104.7956,104.7821,,,4705.15,104.7511826,104.7771826,104.7636826,
4706.0504,104.7711,104.7966,104.7836,,,4706.0504,104.7526869,104.7781869,104.7651869,
4706.9498,104.7727,104.8026,104.7874,,,4706.9498,104.7542911,104.7841911,104.7689911,
4707.8502,104.7747,104.8003,104.7869,,,4707.8502,104.7562954,104.7818954,104.7684954,
4708.7496,104.7754,104.8004,104.7872,,,4708.7496,104.7569996,104.7819996,104.7687996,
4709.65,104.7778,104.8026,104.79,,,4709.65,104.7594039,104.7842039,104.7716039,
4710.5504,104.779,104.8038,104.7912,,,4710.5504,104.7606082,104.7854082,104.7728082,
4711.4498,104.7807,104.804,104.7922,,,4711.4498,104.7623124,104.7856124,104.7738124,
4712.3502,104.7828,104.8063,104.7945,,,4712.3502,104.7644167,104.7879167,104.7761167,
4713.2496,104.7836,104.8069,104.7955,,,4713.2496,104.765221,104.788521,104.777121,
4714.15,104.7859,104.8081,104.7973,,,4714.15,104.7675252,104.7897252,104.7789252,
4715.0504,104.7878,104.8106,104.7996,,,4715.0504,104.7694295,104.7922295,104.7812295,
4715.9498,104.7898,104.8105,104.8009,,,4715.9498,104.7714338,104.7921338,104.7825338,
4716.8502,104.7917,104.8118,104.8022,,,4716.8502,104.773338,104.793438,104.783838,
4717.7496,104.793,104.8125,104.8039,,,4717.7496,104.7746423,104.7941423,104.7855423,
4718.65,104.7958,104.8136,104.8056,,,4718.65,104.7774466,104.7952466,104.7872466,
4719.5504,104.794,104.8141,104.8048,,,4719.5504,104.7756508,104.7957508,104.7864508,
4720.4498,104.7984,104.8159,104.8077,,,4720.4498,104.7800551,104.7975551,104.7893551,
4721.3502,104.7997,104.8169,104.8092,,,4721.3502,104.7813593,104.7985593,104.7908593,
4722.2496,104.8013,104.8199,104.8125,,,4722.2496,104.7829636,104.8015636,104.7941636,
4723.15,104.803,104.8204,104.812,,,4723.15,104.7846679,104.8020679,104.7936679,
4724.0504,104.8038,104.8202,104.813,,,4724.0504,104.7854721,104.8018721,104.7946721,
4724.9498,104.8056,104.8208,104.8138,,,4724.9498,104.7872764,104.8024764,104.7954764,
4725.8502,104.8062,104.8208,104.8135,,,4725.8502,104.7878807,104.8024807,104.7951807,
4726.7496,104.8071,104.8215,104.8145,,,4726.7496,104.7887849,104.8031849,104.7961849,
4727.65,104.8079,104.823,104.8165,,,4727.65,104.7895892,104.8046892,104.7981892,
4728.5504,104.8079,104.8234,104.8162,,,4728.5504,104.7895935,104.8050935,104.7978935,
4729.4498,104.8061,104.825,104.817,,,4729.4498,104.7877977,104.8066977,104.7986977,
4730.4,104.8105,104.8245,104.8178,,,4730.4,104.7922022,104.8062022,104.7995022,
4731.2999,104.8125,104.8255,104.8195,,,4731.2999,104.7942065,104.8072065,104.8012065,
4732.1998,104.8124,104.8267,104.8209,,,4732.1998,104.7941108,104.8084108,104.8026108,
4733.1002,104.8133,104.8265,104.821,,,4733.1002,104.795015,104.808215,104.802715,
4734.0001,104.8122,104.8273,104.8213,,,4734.0001,104.7939193,104.8090193,104.8030193,
4734.9498,104.8142,104.8285,104.8228,,,4734.9498,104.7959238,104.8102238,104.8045238,
4735.8502,104.8152,104.8281,104.8224,,,4735.8502,104.7969281,104.8098281,104.8041281,
4736.7496,104.8157,104.8286,104.8234,,,4736.7496,104.7974323,104.8103323,104.8051323,
4737.65,104.8156,104.8335,104.8263,,,4737.65,104.7973366,104.8152366,104.8080366,
4738.5504,104.8153,104.8343,104.8255,,,4738.5504,104.7970409,104.8160409,104.8072409,
4739.4498,104.8167,104.829,104.8234,,,4739.4498,104.7984451,104.8107451,104.8051451,
4740.3502,104.8161,104.8286,104.8227,,,4740.3502,104.7978494,104.8103494,104.8044494,
4741.2496,104.8167,104.83,104.8247,,,4741.2496,104.7984536,104.8117536,104.8064536,
4742.15,104.8169,104.8289,104.8236,,,4742.15,104.7986579,104.8106579,104.8053579,
4743.0504,104.8168,104.83,104.8247,,,4743.0504,104.7985622,104.8117622,104.8064622,
4743.9498,104.8173,104.8289,104.824,,,4743.9498,104.7990664,104.8106664,104.8057664,
4744.8502,104.8175,104.8301,104.8245,,,4744.8502,104.7992707,104.8118707,104.8062707,
4745.7496,104.8167,104.8296,104.8242,,,4745.7496,104.798475,104.811375,104.805975,
4746.65,104.8164,104.8284,104.8233,,,4746.65,104.7981792,104.8101792,104.8050792,
4747.5504,104.8168,104.829,104.8237,,,4747.5504,104.7985835,104.8107835,104.8054835,
4748.4498,104.8168,104.8282,104.8235,,,4748.4498,104.7985878,104.8099878,104.8052878,
4749.3502,104.8179,104.8281,104.8235,,,4749.3502,104.799692,104.809892,104.805292,
4750.1998,104.8179,104.8278,104.8235,,,4750.1998,104.7996961,104.8095961,104.8052961,
4751.0504,104.8171,104.8297,104.8251,,,4751.0504,104.7989001,104.8115001,104.8069001,
4751.9498,104.8168,104.8313,104.8239,,,4751.9498,104.7986043,104.8131043,104.8057043,
4752.8502,104.8167,104.8278,104.8232,,,4752.8502,104.7985086,104.8096086,104.8050086,
4753.7496,104.8167,104.831,104.8235,,,4753.7496,104.7985129,104.8128129,104.8053129,
4754.65,104.8167,104.8359,104.8245,,,4754.65,104.7985171,104.8177171,104.8063171,
4755.5504,104.8169,104.8271,104.8227,,,4755.5504,104.7987214,104.8089214,104.8045214,
4756.4498,104.8167,104.8275,104.8228,,,4756.4498,104.7985257,104.8093257,104.8046257,
4757.3502,104.8175,104.8368,104.8248,,,4757.3502,104.7993299,104.8186299,104.8066299,
4758.2496,104.8173,104.8349,104.8244,,,4758.2496,104.7991342,104.8167342,104.8062342,
4759.15,104.8164,104.8304,104.8234,,,4759.15,104.7982385,104.8122385,104.8052385,
4760.0504,104.8157,104.8317,104.8226,,,4760.0504,104.7975427,104.8135427,104.8044427,
4760.9498,104.816,104.831,104.8227,,,4760.9498,104.797847,104.812847,104.804547,
4761.8502,104.8148,104.8309,104.8218,,,4761.8502,104.7966513,104.8127513,104.8036513,
4762.7496,104.8142,104.8304,104.8215,,,4762.7496,104.7960555,104.8122555,104.8033555,
4763.65,104.8145,104.83,104.8214,,,4763.65,104.7963598,104.8118598,104.8032598,
4764.5001,104.8126,104.8241,104.819,,,4764.5001,104.7944638,104.8059638,104.8008638,
4765.4,104.8133,104.83,104.821,,,4765.4,104.7951681,104.8118681,104.8028681,
4766.2999,104.8129,104.8321,104.8206,,,4766.2999,104.7947723,104.8139723,104.8024723,
4767.1998,104.8124,104.8314,104.8203,,,4767.1998,104.7942766,104.8132766,104.8021766,
4768.1002,104.8116,104.8259,104.8194,,,4768.1002,104.7934809,104.8077809,104.8012809,
4768.9498,104.8112,104.8284,104.8192,,,4768.9498,104.7930849,104.8102849,104.8010849,
4769.8502,104.8097,104.8277,104.8186,,,4769.8502,104.7915892,104.8095892,104.8004892,
4770.7496,104.8097,104.8269,104.8183,,,4770.7496,104.7915934,104.8087934,104.8001934,
4771.65,104.8079,104.825,104.8173,,,4771.65,104.7897977,104.8068977,104.7991977,
4772.5504,104.8081,104.8281,104.8175,,,4772.5504,104.790002,104.810002,104.799402,
4773.4498,104.8071,104.8228,104.8158,,,4773.4498,104.7890062,104.8047062,104.7977062,
4774.3502,104.8062,104.8247,104.8157,,,4774.3502,104.7881105,104.8066105,104.7976105,
4775.2496,104.8054,104.8224,104.8151,,,4775.2496,104.7873148,104.8043148,104.7970148,
4776.15,104.8038,104.822,104.8144,,,4776.15,104.785719,104.803919,104.796319,
4777.0504,104.8019,104.821,104.8129,,,4777.0504,104.7838233,104.8029233,104.7948233,
4777.9498,104.8016,104.8196,104.8116,,,4777.9498,104.7835275,104.8015275,104.7935275,
4778.8502,104.8009,104.8203,104.8117,,,4778.8502,104.7828318,104.8022318,104.7936318,
4779.7496,104.8003,104.8212,104.8118,,,4779.7496,104.7822361,104.8031361,104.7937361,
4780.65,104.7995,104.82,104.811,,,4780.65,104.7814403,104.8019403,104.7929403,
4781.5504,104.798,104.813,104.805,,,4781.5504,104.7799446,104.7949446,104.7869446,
4782.4498,104.7973,104.8121,104.8036,,,4782.4498,104.7792489,104.7940489,104.7855489,
4783.3502,104.7956,104.8142,104.8034,,,4783.3502,104.7775531,104.7961531,104.7853531,
4784.2496,104.7945,104.8136,104.8025,,,4784.2496,104.7764574,104.7955574,104.7844574,
4785.15,104.7926,104.8114,104.8013,,,4785.15,104.7745617,104.7933617,104.7832617,
4786.0504,104.7917,104.8141,104.8019,,,4786.0504,104.7736659,104.7960659,104.7838659,
4786.9,104.7907,104.8071,104.7976,,,4786.9,104.77267,104.78907,104.77957,
4787.7496,104.7894,104.8055,104.7962,,,4787.7496,104.771374,104.787474,104.778174,
4788.65,104.7879,104.8066,104.7956,,,4788.65,104.7698783,104.7885783,104.7775783,
4789.5504,104.7863,104.8121,104.7976,,,4789.5504,104.7682825,104.7940825,104.7795825,
4790.4498,104.786,104.8141,104.7986,,,4790.4498,104.7679868,104.7960868,104.7805868,
4791.3502,104.7839,104.8113,104.7967,,,4791.3502,104.765891,104.793291,104.778691,
4792.2496,104.7833,104.8034,104.7918,,,4792.2496,104.7652953,104.7853953,104.7737953,
4793.15,104.7815,104.8108,104.7952,,,4793.15,104.7634996,104.7927996,104.7771996,
4794.0504,104.7808,104.8044,104.7903,,,4794.0504,104.7628038,104.7864038,104.7723038,
4794.9498,104.7794,104.807,104.7928,,,4794.9498,104.7614081,104.7890081,104.7748081,
4795.8502,104.7776,104.8005,104.7882,,,4795.8502,104.7596124,104.7825124,104.7702124,
4796.7496,104.7768,104.8137,104.7922,,,4796.7496,104.7588166,104.7957166,104.7742166,
4797.65,104.7754,104.8082,104.7911,,,4797.65,104.7574209,104.7902209,104.7731209,
4798.5504,104.7741,104.8105,104.7902,,,4798.5504,104.7561252,104.7925252,104.7722252,
4799.4498,104.7733,104.8087,104.7899,,,4799.4498,104.7553294,104.7907294,104.7719294,
4800.3502,104.7715,104.8078,104.7894,,,4800.3502,104.7535337,104.7898337,104.7714337,
4801.2496,104.7694,104.7995,104.7826,,,4801.2496,104.751438,104.781538,104.764638,
4802.15,104.7707,104.8141,104.7928,,,4802.15,104.7527422,104.7961422,104.7748422,
4803.0504,104.7682,104.8091,104.7876,,,4803.0504,104.7502465,104.7911465,104.7696465,
4803.9498,104.7667,104.7995,104.7807,,,4803.9498,104.7487507,104.7815507,104.7627507,
4804.8502,104.7655,104.8132,104.7873,,,4804.8502,104.747555,104.795255,104.769355,
4805.7496,104.7639,104.8001,104.7805,,,4805.7496,104.7459593,104.7821593,104.7625593,
4806.65,104.7633,104.8005,104.7805,,,4806.65,104.7453635,104.7825635,104.7625635,
4807.5504,104.7617,104.7981,104.7792,,,4807.5504,104.7437678,104.7801678,104.7612678,
4808.4498,104.7616,104.8032,104.7805,,,4808.4498,104.7436721,104.7852721,104.7625721,
4809.3502,104.7605,104.8082,104.7826,,,4809.3502,104.7425763,104.7902763,104.7646763,
4810.2496,104.7594,104.7932,104.7739,,,4810.2496,104.7414806,104.7752806,104.7559806,
4811.15,104.759,104.8059,104.7791,,,4811.15,104.7410849,104.7879849,104.7611849,
4812.0504,104.7585,104.8215,104.7908,,,4812.0504,104.7405891,104.8035891,104.7728891,
4812.9498,104.7561,104.8195,104.7876,,,4812.9498,104.7381934,104.8015934,104.7696934,
4813.8502,104.7547,104.8106,104.7827,,,4813.8502,104.7367977,104.7926977,104.7647977,
4814.7496,104.7531,104.8196,104.7858,,,4814.7496,104.7352019,104.8017019,104.7679019,
4815.65,104.7529,104.8184,104.7858,,,4815.65,104.7350062,104.8005062,104.7679062,
4816.5504,104.7512,104.8148,104.782,,,4816.5504,104.7333105,104.7969105,104.7641105,
4817.4498,104.7512,104.8265,104.7893,,,4817.4498,104.7333147,104.8086147,104.7714147,
4818.3502,104.7495,104.8099,104.7791,,,4818.3502,104.731619,104.792019,104.761219,
4819.2496,104.7483,104.8034,104.7741,,,4819.2496,104.7304232,104.7855232,104.7562232,
4820.15,104.7496,104.8124,104.7802,,,4820.15,104.7317275,104.7945275,104.7623275,
4821.0504,104.7488,104.815,104.7815,,,4821.0504,104.7309318,104.7971318,104.7636318,
4821.9498,104.7448,104.795,104.7673,,,4821.9498,104.726936,104.777136,104.749436,
4822.8502,104.7449,104.8035,104.7738,,,4822.8502,104.7270403,104.7856403,104.7559403,
4823.7496,104.7443,104.8026,104.7686,,,4823.7496,104.7264446,104.7847446,104.7507446,
4824.65,104.743,104.7968,104.7654,,,4824.65,104.7251488,104.7789488,104.7475488,
4825.5504,104.7436,104.7977,104.7697,,,4825.5504,104.7257531,104.7798531,104.7518531,
4826.4498,104.7409,104.7875,104.76,,,4826.4498,104.7230574,104.7696574,104.7421574,
4827.3502,104.7404,104.7811,104.7575,,,4827.3502,104.7225616,104.7632616,104.7396616,
4828.2496,104.7389,104.7804,104.7567,,,4828.2496,104.7210659,104.7625659,104.7388659,
4829.15,104.7383,104.7934,104.7611,,,4829.15,104.7204702,104.7755702,104.7432702,
4830.0504,104.7381,104.787,104.7571,,,4830.0504,104.7202744,104.7691744,104.7392744,
4830.9498,104.7398,104.8019,104.7678,,,4830.9498,104.7219787,104.7840787,104.7499787,
4831.8502,104.7394,104.8286,104.7801,,,4831.8502,104.721583,104.810783,104.762283,
4832.7496,104.7363,104.7893,104.7601,,,4832.7496,104.7184872,104.7714872,104.7422872,
4833.65,104.7358,104.7914,104.7605,,,4833.65,104.7179915,104.7735915,104.7426915,
4834.5504,104.7363,104.8078,104.7669,,,4834.5504,104.7184957,104.7899957,104.7490957,
4835.4498,104.7354,104.7911,104.7586,,,4835.4498,104.7176,104.7733,104.7408,
4836.3502,104.7383,104.8363,104.7865,,,4836.3502,104.7205043,104.8185043,104.7687043,
4837.2496,104.7348,104.823,104.7742,,,4837.2496,104.7170085,104.8052085,104.7564085,
4838.15,104.7334,104.8282,104.7765,,,4838.15,104.7156128,104.8104128,104.7587128,
4839.0504,104.7331,104.8232,104.7733,,,4839.0504,104.7153171,104.8054171,104.7555171,
4839.9498,104.7355,104.8421,104.7877,,,4839.9498,104.7177213,104.8243213,104.7699213,
4840.8502,104.733,104.8439,104.7852,,,4840.8502,104.7152256,104.8261256,104.7674256,
4841.7496,104.732,104.8465,104.7885,,,4841.7496,104.7142299,104.8287299,104.7707299,
4842.65,104.7322,104.8455,104.7869,,,4842.65,104.7144341,104.8277341,104.7691341,
4843.5504,104.7312,104.8508,104.7895,,,4843.5504,104.7134384,104.8330384,104.7717384,
4844.4498,104.7307,104.8468,104.7866,,,4844.4498,104.7129427,104.8290427,104.7688427,
4845.3502,104.7293,104.8325,104.7798,,,4845.3502,104.7115469,104.8147469,104.7620469,
4846.2496,104.7281,104.8335,104.7806,,,4846.2496,104.7103512,104.8157512,104.7628512,
4847.15,104.7279,104.834,104.7797,,,4847.15,104.7101555,104.8162555,104.7619555,
4848.0504,104.7245,104.8172,104.7658,,,4848.0504,104.7067597,104.7994597,104.7480597,
4848.9498,104.7272,104.8368,104.7799,,,4848.9498,104.709464,104.819064,104.762164,
4849.8502,104.7252,104.8356,104.7775,,,4849.8502,104.7074682,104.8178682,104.7597682,
4850.7496,104.7272,104.8478,104.7877,,,4850.7496,104.7094725,104.8300725,104.7699725,
4851.65,104.7246,104.8519,104.7863,,,4851.65,104.7068768,104.8341768,104.7685768,
4852.5504,104.7246,104.8371,104.7779,,,4852.5504,104.706881,104.819381,104.760181,
4853.4498,104.723,104.8242,104.7658,,,4853.4498,104.7052853,104.8064853,104.7480853,
4854.3502,104.7211,104.8116,104.7559,,,4854.3502,104.7033896,104.7938896,104.7381896,
4855.2496,104.7228,104.8039,104.7571,,,4855.2496,104.7050938,104.7861938,104.7393938,
4856.15,104.7217,104.7966,104.7518,,,4856.15,104.7039981,104.7788981,104.7340981,
4857.0504,104.7233,104.8242,104.7688,,,4857.0504,104.7056024,104.8065024,104.7511024,
4857.9498,104.7206,104.8099,104.7609,,,4857.9498,104.7029066,104.7922066,104.7432066,
4858.8502,104.7205,104.7899,104.7502,,,4858.8502,104.7028109,104.7722109,104.7325109,
4859.7496,104.721,104.7962,104.7536,,,4859.7496,104.7033152,104.7785152,104.7359152,
4860.65,104.7191,104.7804,104.7443,,,4860.65,104.7014194,104.7627194,104.7266194,
4861.5504,104.7185,104.7785,104.744,,,4861.5504,104.7008237,104.7608237,104.7263237,
4862.4498,104.7177,104.7907,104.7527,,,4862.4498,104.700028,104.773028,104.735028,
4863.3502,104.7175,104.7855,104.7484,,,4863.3502,104.6998322,104.7678322,104.7307322,
4864.2496,104.7193,104.8378,104.7731,,,4864.2496,104.7016365,104.8201365,104.7554365,
4865.15,104.7189,104.8129,104.7604,,,4865.15,104.7012407,104.7952407,104.7427407,
4866.0504,104.7195,104.8399,104.7738,,,4866.0504,104.701845,104.822245,104.756145,
4866.9498,104.7183,104.7953,104.751,,,4866.9498,104.7006493,104.7776493,104.7333493,
4867.8502,104.7175,104.7855,104.7485,,,4867.8502,104.6998535,104.7678535,104.7308535,
4868.7496,104.7166,104.7817,104.7432,,,4868.7496,104.6989578,104.7640578,104.7255578,
4869.65,104.7181,104.7954,104.7489,,,4869.65,104.7004621,104.7777621,104.7312621,
4870.5504,104.7155,104.7878,104.7439,,,4870.5504,104.6978663,104.7701663,104.7262663,
4871.4498,104.7162,104.8069,104.7573,,,4871.4498,104.6985706,104.7892706,104.7396706,
4872.3502,104.7166,104.7863,104.7455,,,4872.3502,104.6989749,104.7686749,104.7278749,
4873.2496,104.7146,104.7828,104.7427,,,4873.2496,104.6969791,104.7651791,104.7250791,
4874.15,104.715,104.7828,104.7427,,,4874.15,104.6973834,104.7651834,104.7250834,
4875.0504,104.7162,104.8146,104.7583,,,4875.0504,104.6985877,104.7969877,104.7406877,
4875.9498,104.7159,104.859,104.7892,,,4875.9498,104.6982919,104.8413919,104.7715919,
4876.8502,104.7156,104.8364,104.7763,,,4876.8502,104.6979962,104.8187962,104.7586962,
4877.7496,104.7144,104.8247,104.7618,,,4877.7496,104.6968004,104.8071004,104.7442004,
4878.65,104.7142,104.8246,104.7586,,,4878.65,104.6966047,104.8070047,104.7410047,
4879.5504,104.716,104.8504,104.7795,,,4879.5504,104.698409,104.832809,104.761909,
4880.4498,104.7178,104.8488,104.7811,,,4880.4498,104.7002132,104.8312132,104.7635132,
4881.3502,104.7162,104.8344,104.7696,,,4881.3502,104.6986175,104.8168175,104.7520175,
4882.1998,104.7146,104.8325,104.7694,,,4882.1998,104.6970215,104.8149215,104.7518215,
4883.1002,104.712,104.7833,104.7412,,,4883.1002,104.6944258,104.7657258,104.7236258,
4884.0001,104.7135,104.8419,104.7748,,,4884.0001,104.6959301,104.8243301,104.7572301,
4884.8502,104.713,104.7996,104.7482,,,4884.8502,104.6954341,104.7820341,104.7306341,
4885.7496,104.7108,104.8042,104.7442,,,4885.7496,104.6932384,104.7866384,104.7266384,
4886.65,104.7104,104.7874,104.7408,,,4886.65,104.6928426,104.7698426,104.7232426,
4887.5504,104.7103,104.8001,104.7421,,,4887.5504,104.6927469,104.7825469,104.7245469,
4888.4498,104.7099,104.7958,104.7418,,,4888.4498,104.6923512,104.7782512,104.7242512,
4889.3502,104.7109,104.7979,104.7457,,,4889.3502,104.6933554,104.7803554,104.7281554,
4890.2496,104.7085,104.7929,104.7427,,,4890.2496,104.6909597,104.7753597,104.7251597,
4891.15,104.7074,104.7871,104.741,,,4891.15,104.6898639,104.7695639,104.7234639,
4892.0504,104.707,104.788,104.7397,,,4892.0504,104.6894682,104.7704682,104.7221682,
4892.9498,104.7076,104.7882,104.7391,,,4892.9498,104.6900725,104.7706725,104.7215725,
4893.8502,104.7081,104.7879,104.7388,,,4893.8502,104.6905767,104.7703767,104.7212767,
4894.7496,104.7072,104.7874,104.7386,,,4894.7496,104.689681,104.769881,104.721081,
4895.65,104.7066,104.7891,104.7379,,,4895.65,104.6890853,104.7715853,104.7203853,
4896.5504,104.7041,104.7874,104.7371,,,4896.5504,104.6865895,104.7698895,104.7195895,
4897.4498,104.703,104.7868,104.7365,,,4897.4498,104.6854938,104.7692938,104.7189938,
4898.3502,104.7035,104.7915,104.737,,,4898.3502,104.6859981,104.7739981,104.7194981,
4899.2496,104.7013,104.7903,104.7362,,,4899.2496,104.6838023,104.7728023,104.7187023,
4900.15,104.6986,104.7898,104.7352,,,4900.15,104.6811066,104.7723066,104.7177066,
4901.0504,104.6982,104.7903,104.7347,,,4901.0504,104.6807109,104.7728109,104.7172109,
4901.9498,104.6975,104.8047,104.7385,,,4901.9498,104.6800151,104.7872151,104.7210151,
4902.8502,104.6954,104.7882,104.733,,,4902.8502,104.6779194,104.7707194,104.7155194,
4903.7496,104.6944,104.7895,104.733,,,4903.7496,104.6769237,104.7720237,104.7155237,
4904.65,104.6935,104.7954,104.7393,,,4904.65,104.6760279,104.7779279,104.7218279,
4905.5504,104.6919,104.7911,104.7318,,,4905.5504,104.6744322,104.7736322,104.7143322,
4906.4498,104.6915,104.7914,104.7315,,,4906.4498,104.6740364,104.7739364,104.7140364,
4907.3502,104.6897,104.7985,104.7356,,,4907.3502,104.6722407,104.7810407,104.7181407,
4908.2496,104.6876,104.804,104.735,,,4908.2496,104.670145,104.786545,104.717545,
4909.15,104.6863,104.7966,104.7337,,,4909.15,104.6688492,104.7791492,104.7162492,
4910.0504,104.6873,104.8095,104.7421,,,4910.0504,104.6698535,104.7920535,104.7246535,
4910.9498,104.6863,104.7937,104.7302,,,4910.9498,104.6688578,104.7762578,104.7127578,
4911.8502,104.6877,104.7923,104.7301,,,4911.8502,104.670262,104.774862,104.712662,
4912.7496,104.6858,104.7927,104.7299,,,4912.7496,104.6683663,104.7752663,104.7124663,
4913.65,104.6925,104.8611,104.7752,,,4913.65,104.6750706,104.8436706,104.7577706,
4914.5504,104.6898,104.831,104.7548,,,4914.5504,104.6723748,104.8135748,104.7373748,
4915.4498,104.6917,104.8172,104.7494,,,4915.4498,104.6742791,104.7997791,104.7319791,
4916.3502,104.6933,104.7988,104.7359,,,4916.3502,104.6758834,104.7813834,104.7184834,
4917.2496,104.6967,104.8176,104.7528,,,4917.2496,104.6792876,104.8001876,104.7353876,
4918.15,104.6982,104.8286,104.7571,,,4918.15,104.6807919,104.8111919,104.7396919,
4919.0504,104.7046,104.8447,104.7741,,,4919.0504,104.6871962,104.8272962,104.7566962,
4919.9498,104.7113,104.8595,104.7841,,,4919.9498,104.6939004,104.8421004,104.7667004,
4920.8502,104.7174,104.8736,104.8038,,,4920.8502,104.7000047,104.8562047,104.7864047,
4921.7496,104.7169,104.8064,104.7547,,,4921.7496,104.6995089,104.7890089,104.7373089,
4922.65,104.724,104.8421,104.7785,,,4922.65,104.7066132,104.8247132,104.7611132,
4923.5504,104.7299,104.858,104.7942,,,4923.5504,104.7125175,104.8406175,104.7768175,
4924.4498,104.7288,104.848,104.786,,,4924.4498,104.7114217,104.8306217,104.7686217,
4925.3502,104.7339,104.812,104.7659,,,4925.3502,104.716526,104.794626,104.748526,
4926.2496,104.7375,104.8138,104.7684,,,4926.2496,104.7201303,104.7964303,104.7510303,
4927.15,104.742,104.8447,104.788,,,4927.15,104.7246345,104.8273345,104.7706345,
4928.0504,104.7468,104.863,104.8067,,,4928.0504,104.7294388,104.8456388,104.7893388,
4928.9498,104.7486,104.8529,104.7978,,,4928.9498,104.7312431,104.8355431,104.7804431,
4929.8502,104.7526,104.8406,104.7911,,,4929.8502,104.7352473,104.8232473,104.7737473,
4930.7496,104.7542,104.8243,104.7826,,,4930.7496,104.7368516,104.8069516,104.7652516,
4931.65,104.7561,104.8459,104.7976,,,4931.65,104.7387559,104.8285559,104.7802559,
4932.5504,104.7592,104.8187,104.7831,,,4932.5504,104.7418601,104.8013601,104.7657601,
4933.4498,104.7609,104.8191,104.7839,,,4933.4498,104.7435644,104.8017644,104.7665644,
4934.3502,104.7627,104.8202,104.7848,,,4934.3502,104.7453687,104.8028687,104.7674687,
4935.2496,104.7644,104.8469,104.8008,,,4935.2496,104.7470729,104.8295729,104.7834729,
4936.15,104.7657,104.8191,104.7871,,,4936.15,104.7483772,104.8017772,104.7697772,
4937.0504,104.7667,104.8169,104.7871,,,4937.0504,104.7493814,104.7995814,104.7697814,
4937.9498,104.7664,104.8188,104.7874,,,4937.9498,104.7490857,104.8014857,104.7700857,
4938.8502,104.7674,104.8167,104.7876,,,4938.8502,104.75009,104.79939,104.77029,
4939.7496,104.7676,104.8161,104.7877,,,4939.7496,104.7502942,104.7987942,104.7703942,
4940.65,104.768,104.8149,104.7875,,,4940.65,104.7506985,104.7975985,104.7701985,
4941.5504,104.7678,104.8185,104.7885,,,4941.5504,104.7505028,104.8012028,104.7712028,
4942.4498,104.7684,104.8227,104.7923,,,4942.4498,104.751107,104.805407,104.775007,
4943.3502,104.7684,104.8279,104.7919,,,4943.3502,104.7511113,104.8106113,104.7746113,
4944.2496,104.7674,104.8155,104.7873,,,4944.2496,104.7501156,104.7982156,104.7700156,
4945.15,104.767,104.8372,104.7979,,,4945.15,104.7497198,104.8199198,104.7806198,
4946.0504,104.7674,104.8386,104.7999,,,4946.0504,104.7501241,104.8213241,104.7826241,
4946.9498,104.7663,104.8087,104.7833,,,4946.9498,104.7490284,104.7914284,104.7660284,
4947.8502,104.7659,104.8152,104.789,,,4947.8502,104.7486326,104.7979326,104.7717326,
4948.7496,104.7653,104.8125,104.785,,,4948.7496,104.7480369,104.7952369,104.7677369,
4949.65,104.7637,104.8054,104.7806,,,4949.65,104.7464412,104.7881412,104.7633412,
4950.5504,104.7629,104.8175,104.7878,,,4950.5504,104.7456454,104.8002454,104.7705454,
4951.4498,104.762,104.8074,104.7829,,,4951.4498,104.7447497,104.7901497,104.7656497,
4952.3502,104.7617,104.8129,104.7827,,,4952.3502,104.7444539,104.7956539,104.7654539,
4953.2496,104.7608,104.8035,104.7793,,,4953.2496,104.7435582,104.7862582,104.7620582,
4954.15,104.7588,104.7979,104.7755,,,4954.15,104.7415625,104.7806625,104.7582625,
4955.0504,104.758,104.7964,104.7744,,,4955.0504,104.7407667,104.7791667,104.7571667,
4955.9498,104.7567,104.7956,104.7733,,,4955.9498,104.739471,104.778371,104.756071,
4956.8502,104.7567,104.7941,104.7731,,,4956.8502,104.7394753,104.7768753,104.7558753,
4957.7496,104.7558,104.8078,104.7779,,,4957.7496,104.7385795,104.7905795,104.7606795,
4958.65,104.7546,104.791,104.7703,,,4958.65,104.7373838,104.7737838,104.7530838,
4959.5504,104.7543,104.7913,104.7713,,,4959.5504,104.7370881,104.7740881,104.7540881,
4960.4498,104.7526,104.7933,104.7702,,,4960.4498,104.7353923,104.7760923,104.7529923,
4961.3502,104.7508,104.7925,104.768,,,4961.3502,104.7335966,104.7752966,104.7507966,
4962.2496,104.7491,104.7843,104.765,,,4962.2496,104.7319009,104.7671009,104.7478009,
4963.15,104.748,104.7832,104.7641,,,4963.15,104.7308051,104.7660051,104.7469051,
4964.0504,104.7473,104.7813,104.7629,,,4964.0504,104.7301094,104.7641094,104.7457094,
4964.9498,104.7471,104.7808,104.7623,,,4964.9498,104.7299136,104.7636136,104.7451136,
4965.8502,104.7453,104.7797,104.7612,,,4965.8502,104.7281179,104.7625179,104.7440179,
4966.7496,104.7453,104.78,104.7607,,,4966.7496,104.7281222,104.7628222,104.7435222,
4967.65,104.7452,104.7786,104.7607,,,4967.65,104.7280264,104.7614264,104.7435264,
4968.5504,104.7468,104.7785,104.7611,,,4968.5504,104.7296307,104.7613307,104.7439307,
4969.4498,104.7469,104.7815,104.7625,,,4969.4498,104.729735,104.764335,104.745335,
4970.3502,104.7456,104.7809,104.7624,,,4970.3502,104.7284392,104.7637392,104.7452392,
4971.2496,104.7456,104.777,104.7599,,,4971.2496,104.7284435,104.7598435,104.7427435,
4972.15,104.7459,104.776,104.7599,,,4972.15,104.7287478,104.7588478,104.7427478,
4973.0504,104.7467,104.7772,104.7602,,,4973.0504,104.729552,104.760052,104.743052,
4973.9498,104.7469,104.7774,104.7606,,,4973.9498,104.7297563,104.7602563,104.7434563,
4974.8502,104.748,104.7788,104.7615,,,4974.8502,104.7308606,104.7616606,104.7443606,
4975.7496,104.7494,104.7789,104.7626,,,4975.7496,104.7322648,104.7617648,104.7454648,
4976.65,104.7511,104.7801,104.7639,,,4976.65,104.7339691,104.7629691,104.7467691,
4977.5504,104.753,104.7824,104.7666,,,4977.5504,104.7358734,104.7652734,104.7494734,
4978.4498,104.7538,104.7829,104.7664,,,4978.4498,104.7366776,104.7657776,104.7492776,
4979.3502,104.7554,104.7847,104.7682,,,4979.3502,104.7382819,104.7675819,104.7510819,
4980.2496,104.7574,104.7858,104.7701,,,4980.2496,104.7402861,104.7686861,104.7529861,
4981.15,104.7601,104.7874,104.7722,,,4981.15,104.7429904,104.7702904,104.7550904,
4982.0504,104.7623,104.7897,104.7745,,,4982.0504,104.7451947,104.7725947,104.7573947,
4982.9498,104.7645,104.7926,104.7769,,,4982.9498,104.7473989,104.7754989,104.7597989,
4983.8502,104.7674,104.794,104.7795,,,4983.8502,104.7503032,104.7769032,104.7624032,
4984.7496,104.7706,104.7964,104.7822,,,4984.7496,104.7535075,104.7793075,104.7651075,
4985.65,104.7734,104.7999,104.7853,,,4985.65,104.7563117,104.7828117,104.7682117,
4986.6002,104.7766,104.8019,104.7882,,,4986.6002,104.7595162,104.7848162,104.7711162,
4987.5504,104.7792,104.8047,104.791,,,4987.5504,104.7621207,104.7876207,104.7739207,
4988.4498,104.7825,104.8078,104.794,,,4988.4498,104.765425,104.790725,104.776925,
4989.3502,104.785,104.8105,104.7968,,,4989.3502,104.7679293,104.7934293,104.7797293,
4990.2496,104.7882,104.813,104.7997,,,4990.2496,104.7711335,104.7959335,104.7826335,
4991.15,104.7913,104.8164,104.8025,,,4991.15,104.7742378,104.7993378,104.7854378,
4992.0504,104.7942,104.8188,104.8058,,,4992.0504,104.7771421,104.8017421,104.7887421,
4992.9498,104.7977,104.822,104.8091,,,4992.9498,104.7806463,104.8049463,104.7920463,
4993.8502,104.7992,104.8234,104.8107,,,4993.8502,104.7821506,104.8063506,104.7936506,
4994.7496,104.8019,104.8262,104.8133,,,4994.7496,104.7848549,104.8091549,104.7962549,
4995.65,104.805,104.83,104.8163,,,4995.65,104.7879591,104.8129591,104.7992591,
4996.5504,104.8085,104.8317,104.8194,,,4996.5504,104.7914634,104.8146634,104.8023634,
4997.4498,104.8112,104.8339,104.822,,,4997.4498,104.7941677,104.8168677,104.8049677,
4998.3502,104.8137,104.836,104.8245,,,4998.3502,104.7966719,104.8189719,104.8074719,
4999.2496,104.816,104.8386,104.8269,,,4999.2496,104.7989762,104.8215762,104.8098762,
5000.15,104.8187,104.8411,104.8293,,,5000.15,104.8016804,104.8240804,104.8122804,
5001.0504,104.8219,104.8426,104.8318,,,5001.0504,104.8048847,104.8255847,104.8147847,
5001.9498,104.8239,104.8455,104.8344,,,5001.9498,104.806889,104.828489,104.817389,
5002.8502,104.8267,104.8481,104.8366,,,5002.8502,104.8096932,104.8310932,104.8195932,
5003.7496,104.8289,104.8493,104.839,,,5003.7496,104.8118975,104.8322975,104.8219975,
5004.65,104.8314,104.8511,104.8412,,,5004.65,104.8144018,104.8341018,104.8242018,
5005.5504,104.8339,104.8536,104.8436,,,5005.5504,104.816906,104.836606,104.826606,
5006.4498,104.8359,104.8562,104.8461,,,5006.4498,104.8189103,104.8392103,104.8291103,
5007.3502,104.8387,104.858,104.8484,,,5007.3502,104.8217146,104.8410146,104.8314146,
5008.2496,104.8411,104.8602,104.8507,,,5008.2496,104.8241188,104.8432188,104.8337188,
5009.15,104.8431,104.8611,104.8525,,,5009.15,104.8261231,104.8441231,104.8355231,
5010.0504,104.8454,104.8631,104.8546,,,5010.0504,104.8284274,104.8461274,104.8376274,
5010.9498,104.8478,104.8646,104.8564,,,5010.9498,104.8308316,104.8476316,104.8394316,
5011.8502,104.8501,104.8664,104.8584,,,5011.8502,104.8331359,104.8494359,104.8414359,
5012.7496,104.8521,104.868,104.8603,,,5012.7496,104.8351401,104.8510401,104.8433401,
5013.65,104.854,104.8692,104.862,,,5013.65,104.8370444,104.8522444,104.8450444,
5014.5504,104.8558,104.8704,104.8635,,,5014.5504,104.8388487,104.8534487,104.8465487,
5015.4498,104.8575,104.8717,104.8649,,,5015.4498,104.8405529,104.8547529,104.8479529,
5016.3502,104.859,104.8735,104.8663,,,5016.3502,104.8420572,104.8565572,104.8493572,
5017.2496,104.8607,104.8747,104.8679,,,5017.2496,104.8437615,104.8577615,104.8509615,
5018.15,104.8617,104.8754,104.8691,,,5018.15,104.8447657,104.8584657,104.8521657,
5019.0504,104.8631,104.8764,104.8699,,,5019.0504,104.84617,104.85947,104.85297,
5019.9498,104.8633,104.8768,104.8707,,,5019.9498,104.8463743,104.8598743,104.8537743,
5020.9,104.864,104.8778,104.872,,,5020.9,104.8470788,104.8608788,104.8550788,
5021.8502,104.8666,104.8794,104.873,,,5021.8502,104.8496833,104.8624833,104.8560833,
5022.7496,104.8673,104.8799,104.8739,,,5022.7496,104.8503875,104.8629875,104.8569875,
5023.65,104.8685,104.8806,104.8749,,,5023.65,104.8515918,104.8636918,104.8579918,
5024.5504,104.8697,104.8818,104.876,,,5024.5504,104.8527961,104.8648961,104.8590961,
5025.4498,104.8701,104.8833,104.8771,,,5025.4498,104.8532003,104.8664003,104.8602003,
5026.3502,104.8705,104.8834,104.8772,,,5026.3502,104.8536046,104.8665046,104.8603046,
5027.2496,104.8701,104.8834,104.8769,,,5027.2496,104.8532089,104.8665089,104.8600089,
5028.15,104.8705,104.8836,104.8774,,,5028.15,104.8536131,104.8667131,104.8605131,
5029.0504,104.8712,104.8837,104.8774,,,5029.0504,104.8543174,104.8668174,104.8605174,
5029.9498,104.8711,104.8838,104.8775,,,5029.9498,104.8542217,104.8669217,104.8606217,
5030.8502,104.8712,104.8836,104.8776,,,5030.8502,104.8543259,104.8667259,104.8607259,
5031.7496,104.8709,104.8838,104.8777,,,5031.7496,104.8540302,104.8669302,104.8608302,
5032.65,104.8712,104.8837,104.8778,,,5032.65,104.8543344,104.8668344,104.8609344,
5033.5504,104.8711,104.8841,104.8779,,,5033.5504,104.8542387,104.8672387,104.8610387,
5034.4498,104.8711,104.8838,104.8777,,,5034.4498,104.854243,104.866943,104.860843,
5035.3502,104.8711,104.8837,104.8776,,,5035.3502,104.8542472,104.8668472,104.8607472,
5036.2496,104.8708,104.8836,104.8775,,,5036.2496,104.8539515,104.8667515,104.8606515,
5037.15,104.8709,104.8836,104.8772,,,5037.15,104.8540558,104.8667558,104.8603558,
5038.0504,104.8709,104.8834,104.8777,,,5038.0504,104.85406,104.86656,104.86086,
5038.9498,104.8707,104.8836,104.8772,,,5038.9498,104.8538643,104.8667643,104.8603643,
5039.9,104.8701,104.8832,104.8767,,,5039.9,104.8532688,104.8663688,104.8598688,
5040.7999,104.8707,104.884,104.8775,,,5040.7999,104.8538731,104.8671731,104.8606731,
5041.6998,104.8701,104.8832,104.8772,,,5041.6998,104.8532773,104.8663773,104.8603773,
5042.6002,104.87,104.883,104.8765,,,5042.6002,104.8531816,104.8661816,104.8596816,
5043.5001,104.8687,104.8821,104.8756,,,5043.5001,104.8518859,104.8652859,104.8587859,
5044.4498,104.8691,104.8828,104.8764,,,5044.4498,104.8522904,104.8659904,104.8595904,
5045.3502,104.8685,104.8818,104.8755,,,5045.3502,104.8516946,104.8649946,104.8586946,
5046.2496,104.8688,104.8829,104.8755,,,5046.2496,104.8519989,104.8660989,104.8586989,
5047.15,104.8685,104.8825,104.8753,,,5047.15,104.8517032,104.8657032,104.8585032,
5048.0504,104.8688,104.8826,104.8756,,,5048.0504,104.8520074,104.8658074,104.8588074,
5048.9498,104.8682,104.8825,104.8752,,,5048.9498,104.8514117,104.8657117,104.8584117,
5049.8502,104.8684,104.8834,104.8758,,,5049.8502,104.851616,104.866616,104.859016,
5050.7496,104.8687,104.8912,104.8799,,,5050.7496,104.8519202,104.8744202,104.8631202,
5051.65,104.8681,104.8826,104.875,,,5051.65,104.8513245,104.8658245,104.8582245,
5052.5504,104.8682,104.8834,104.8757,,,5052.5504,104.8514287,104.8666287,104.8589287,
5053.4498,104.8682,104.8824,104.8749,,,5053.4498,104.851433,104.865633,104.858133,
5054.3502,104.8669,104.8813,104.874,,,5054.3502,104.8501373,104.8645373,104.8572373,
5055.2496,104.867,104.882,104.8739,,,5055.2496,104.8502415,104.8652415,104.8571415,
5056.15,104.8669,104.8816,104.8742,,,5056.15,104.8501458,104.8648458,104.8574458,
5057.0504,104.8672,104.882,104.8739,,,5057.0504,104.8504501,104.8652501,104.8571501,
5057.9498,104.8677,104.8825,104.8745,,,5057.9498,104.8509543,104.8657543,104.8577543,
5058.8502,104.8673,104.8834,104.8747,,,5058.8502,104.8505586,104.8666586,104.8579586,
5059.7496,104.8676,104.8829,104.8745,,,5059.7496,104.8508629,104.8661629,104.8577629,
5060.65,104.8672,104.8822,104.8738,,,5060.65,104.8504671,104.8654671,104.8570671,
5061.5504,104.867,104.8833,104.874,,,5061.5504,104.8502714,104.8665714,104.8572714,
5062.4498,104.867,104.8829,104.8738,,,5062.4498,104.8502757,104.8661757,104.8570757,
5063.3502,104.8677,104.8841,104.8744,,,5063.3502,104.8509799,104.8673799,104.8576799,
5064.2496,104.8669,104.8836,104.8737,,,5064.2496,104.8501842,104.8668842,104.8569842,
5065.15,104.8668,104.8836,104.8738,,,5065.15,104.8500884,104.8668884,104.8570884,
5066.0504,104.8669,104.8832,104.8739,,,5066.0504,104.8501927,104.8664927,104.8571927,
5066.9498,104.8668,104.8838,104.8742,,,5066.9498,104.850097,104.867097,104.857497,
5067.8502,104.866,104.8846,104.8738,,,5067.8502,104.8493012,104.8679012,104.8571012,
5068.7496,104.8656,104.8842,104.8736,,,5068.7496,104.8489055,104.8675055,104.8569055,
5069.65,104.8653,104.8838,104.8732,,,5069.65,104.8486098,104.8671098,104.8565098,
5070.5504,104.865,104.8846,104.8737,,,5070.5504,104.848314,104.867914,104.857014,
5071.4498,104.8645,104.8842,104.8732,,,5071.4498,104.8478183,104.8675183,104.8565183,
5072.3502,104.8645,104.8842,104.8732,,,5072.3502,104.8478226,104.8675226,104.8565226,
5073.2496,104.8644,104.8846,104.8734,,,5073.2496,104.8477268,104.8679268,104.8567268,
5074.15,104.8642,104.8853,104.874,,,5074.15,104.8475311,104.8686311,104.8573311,
5075.0504,104.8653,104.8871,104.8762,,,5075.0504,104.8486354,104.8704354,104.8595354,
5075.9498,104.8645,104.888,104.8753,,,5075.9498,104.8478396,104.8713396,104.8586396,
5076.8502,104.865,104.8869,104.8749,,,5076.8502,104.8483439,104.8702439,104.8582439,
5077.7496,104.8654,104.8875,104.8752,,,5077.7496,104.8487482,104.8708482,104.8585482,
5078.65,104.8653,104.8881,104.876,,,5078.65,104.8486524,104.8714524,104.8593524,
5079.5504,104.8649,104.8879,104.8756,,,5079.5504,104.8482567,104.8712567,104.8589567,
5080.4498,104.8652,104.8877,104.8753,,,5080.4498,104.8485609,104.8710609,104.8586609,
5081.3502,104.865,104.8884,104.8755,,,5081.3502,104.8483652,104.8717652,104.8588652,
5082.2496,104.8654,104.8891,104.8758,,,5082.2496,104.8487695,104.8724695,104.8591695,
5083.15,104.8656,104.8891,104.8754,,,5083.15,104.8489737,104.8724737,104.8587737,
5084.0504,104.8656,104.8899,104.8761,,,5084.0504,104.848978,104.873278,104.859478,
5084.9498,104.8657,104.8895,104.8756,,,5084.9498,104.8490823,104.8728823,104.8589823,
5085.8502,104.8657,104.8899,104.8762,,,5085.8502,104.8490865,104.8732865,104.8595865,
5086.7496,104.8646,104.8881,104.8748,,,5086.7496,104.8479908,104.8714908,104.8581908,
5087.65,104.8661,104.8899,104.8764,,,5087.65,104.8494951,104.8732951,104.8597951,
5088.5504,104.8664,104.8907,104.8766,,,5088.5504,104.8497993,104.8740993,104.8599993,
5089.4498,104.8666,104.8908,104.8766,,,5089.4498,104.8500036,104.8742036,104.8600036,
5090.3502,104.867,104.8912,104.8772,,,5090.3502,104.8504079,104.8746079,104.8606079,
5091.2496,104.8668,104.8914,104.877,,,5091.2496,104.8502121,104.8748121,104.8604121,
5092.15,104.8664,104.891,104.8769,,,5092.15,104.8498164,104.8744164,104.8603164,
5093.0504,104.8673,104.8916,104.8774,,,5093.0504,104.8507207,104.8750207,104.8608207,
5093.9498,104.8657,104.8907,104.8755,,,5093.9498,104.8491249,104.8741249,104.8589249,
5094.8502,104.8668,104.8911,104.8764,,,5094.8502,104.8502292,104.8745292,104.8598292,
5095.7496,104.867,104.8916,104.8777,,,5095.7496,104.8504334,104.8750334,104.8611334,
5096.65,104.8674,104.8919,104.8778,,,5096.65,104.8508377,104.8753377,104.8612377,
5097.5504,104.8674,104.8931,104.8783,,,5097.5504,104.850842,104.876542,104.861742,
5098.4498,104.8685,104.8924,104.8778,,,5098.4498,104.8519462,104.8758462,104.8612462,
5099.3502,104.8668,104.8924,104.8773,,,5099.3502,104.8502505,104.8758505,104.8607505,
5100.2496,104.8674,104.8922,104.8781,,,5100.2496,104.8508548,104.8756548,104.8615548,
5101.15,104.8685,104.8934,104.8782,,,5101.15,104.851959,104.876859,104.861659,
5102.0504,104.8688,104.8936,104.8782,,,5102.0504,104.8522633,104.8770633,104.8616633,
5102.9498,104.8685,104.8938,104.8783,,,5102.9498,104.8519676,104.8772676,104.8617676,
5103.8502,104.8697,104.8935,104.8789,,,5103.8502,104.8531718,104.8769718,104.8623718,
5104.6998,104.8693,104.8934,104.879,,,5104.6998,104.8527759,104.8768759,104.8624759,
5105.5504,104.8697,104.894,104.8798,,,5105.5504,104.8531799,104.8774799,104.8632799,
5106.4498,104.8707,104.8973,104.8817,,,5106.4498,104.8541841,104.8807841,104.8651841,
5107.3502,104.8693,104.8942,104.8791,,,5107.3502,104.8527884,104.8776884,104.8625884,
5108.2496,104.8696,104.8942,104.8796,,,5108.2496,104.8530927,104.8776927,104.8630927,
5109.15,104.8695,104.8938,104.8793,,,5109.15,104.8529969,104.8772969,104.8627969,
5110.0504,104.8692,104.8928,104.8792,,,5110.0504,104.8527012,104.8763012,104.8627012,
5110.9498,104.8697,104.8936,104.8793,,,5110.9498,104.8532055,104.8771055,104.8628055,
5111.8502,104.8699,104.8934,104.8795,,,5111.8502,104.8534097,104.8769097,104.8630097,
5112.7496,104.8704,104.894,104.8798,,,5112.7496,104.853914,104.877514,104.863314,
5113.65,104.8712,104.8939,104.8801,,,5113.65,104.8547183,104.8774183,104.8636183,
5114.5504,104.8708,104.8949,104.8806,,,5114.5504,104.8543225,104.8784225,104.8641225,
5115.4498,104.8713,104.8951,104.8807,,,5115.4498,104.8548268,104.8786268,104.8642268,
5116.3502,104.8715,104.8959,104.8813,,,5116.3502,104.8550311,104.8794311,104.8648311,
5117.2496,104.8719,104.8963,104.8816,,,5117.2496,104.8554353,104.8798353,104.8651353,
5118.15,104.8721,104.8961,104.8821,,,5118.15,104.8556396,104.8796396,104.8656396,
5119.0504,104.874,104.8997,104.8842,,,5119.0504,104.8575439,104.8832439,104.8677439,
5119.9498,104.8727,104.8974,104.8828,,,5119.9498,104.8562481,104.8809481,104.8663481,
5120.8502,104.8732,104.8979,104.8835,,,5120.8502,104.8567524,104.8814524,104.8670524,
5121.7496,104.873,104.8979,104.8836,,,5121.7496,104.8565566,104.8814566,104.8671566,
5122.65,104.874,104.8983,104.8843,,,5122.65,104.8575609,104.8818609,104.8678609,
5123.5504,104.8743,104.8997,104.8846,,,5123.5504,104.8578652,104.8832652,104.8681652,
5124.4498,104.8756,104.9013,104.886,,,5124.4498,104.8591694,104.8848694,104.8695694,
5125.3502,104.8758,104.9014,104.8867,,,5125.3502,104.8593737,104.8849737,104.8702737,
5126.2496,104.876,104.9008,104.8865,,,5126.2496,104.859578,104.884378,104.870078,
5127.15,104.8771,104.9017,104.8881,,,5127.15,104.8606822,104.8852822,104.8716822,
5128.0504,104.8771,104.9048,104.8877,,,5128.0504,104.8606865,104.8883865,104.8712865,
5128.9498,104.8774,104.9029,104.8879,,,5128.9498,104.8609908,104.8864908,104.8714908,
5129.8502,104.8786,104.9047,104.8891,,,5129.8502,104.862195,104.888295,104.872695,
5130.7496,104.879,104.9041,104.8893,,,5130.7496,104.8625993,104.8876993,104.8728993,
5131.6002,104.8801,104.9065,104.8913,,,5131.6002,104.8637033,104.8901033,104.8749033,
5132.5001,104.8799,104.9043,104.8905,,,5132.5001,104.8635076,104.8879076,104.8741076,
5133.4498,104.8813,104.906,104.8917,,,5133.4498,104.8649121,104.8896121,104.8753121,
5134.2999,104.8818,104.9083,104.8934,,,5134.2999,104.8654161,104.8919161,104.8770161,
5135.1998,104.8821,104.9077,104.8928,,,5135.1998,104.8657204,104.8913204,104.8764204,
5136.1002,104.8826,104.9083,104.8932,,,5136.1002,104.8662246,104.8919246,104.8768246,
5137.0001,104.8822,104.9079,104.893,,,5137.0001,104.8658289,104.8915289,104.8766289,
5137.9,104.8824,104.908,104.8929,,,5137.9,104.8660332,104.8916332,104.8765332,
5138.7999,104.8832,104.9088,104.8937,,,5138.7999,104.8668374,104.8924374,104.8773374,
5139.6998,104.8836,104.9087,104.8939,,,5139.6998,104.8672417,104.8923417,104.8775417,
5140.6002,104.884,104.9091,104.8944,,,5140.6002,104.867646,104.892746,104.878046,
5141.5504,104.884,104.9106,104.8951,,,5141.5504,104.8676505,104.8942505,104.8787505,
5142.4,104.8845,104.9118,104.8959,,,5142.4,104.8681545,104.8954545,104.8795545,
5143.2999,104.8864,104.9134,104.8978,,,5143.2999,104.8700588,104.8970588,104.8814588,
5144.1998,104.8856,104.9126,104.8974,,,5144.1998,104.869263,104.896263,104.881063,
5145.0504,104.8865,104.9124,104.8977,,,5145.0504,104.8701671,104.8960671,104.8813671,
5145.9498,104.8868,104.9123,104.8983,,,5145.9498,104.8704713,104.8959713,104.8819713,
5146.8502,104.8873,104.9131,104.8987,,,5146.8502,104.8709756,104.8967756,104.8823756,
5147.7496,104.8873,104.9135,104.8988,,,5147.7496,104.8709798,104.8971798,104.8824798,
5148.65,104.8877,104.9142,104.8994,,,5148.65,104.8713841,104.8978841,104.8830841,
5149.5504,104.8883,104.9141,104.8998,,,5149.5504,104.8719884,104.8977884,104.8834884,
5150.4498,104.8895,104.9165,104.9017,,,5150.4498,104.8731926,104.9001926,104.8853926,
5151.3502,104.8915,104.9162,104.9028,,,5151.3502,104.8751969,104.8998969,104.8864969,
5152.2496,104.8915,104.9188,104.9033,,,5152.2496,104.8752012,104.9025012,104.8870012,
5153.15,104.8918,104.9184,104.9038,,,5153.15,104.8755054,104.9021054,104.8875054,
5154.0504,104.8905,104.9172,104.9029,,,5154.0504,104.8742097,104.9009097,104.8866097,
5154.9498,104.892,104.9189,104.9043,,,5154.9498,104.875714,104.902614,104.888014,
5155.8502,104.8938,104.9213,104.9064,,,5155.8502,104.8775182,104.9050182,104.8901182,
5156.7496,104.8951,104.9223,104.9071,,,5156.7496,104.8788225,104.9060225,104.8908225,
5157.65,104.8955,104.922,104.9079,,,5157.65,104.8792268,104.9057268,104.8916268,
5158.5504,104.8957,104.9217,104.9078,,,5158.5504,104.879431,104.905431,104.891531,
5159.4498,104.8965,104.9224,104.9084,,,5159.4498,104.8802353,104.9061353,104.8921353,
5160.3502,104.8975,104.9225,104.9089,,,5160.3502,104.8812396,104.9062396,104.8926396,
5161.2496,104.8977,104.9239,104.9095,,,5161.2496,104.8814438,104.9076438,104.8932438,
5162.15,104.8986,104.9247,104.9103,,,5162.15,104.8823481,104.9084481,104.8940481,
5163.0504,104.8996,104.9252,104.9112,,,5163.0504,104.8833524,104.9089524,104.8949524,
5163.9498,104.9002,104.9258,104.9119,,,5163.9498,104.8839566,104.9095566,104.8956566,
5164.8502,104.9006,104.9268,104.9128,,,5164.8502,104.8843609,104.9105609,104.8965609,
5165.7496,104.9016,104.9272,104.9136,,,5165.7496,104.8853651,104.9109651,104.8973651,
5166.65,104.9026,104.9283,104.9146,,,5166.65,104.8863694,104.9120694,104.8983694,
5167.5504,104.903,104.9295,104.9154,,,5167.5504,104.8867737,104.9132737,104.8991737,
5168.4498,104.904,104.93,104.9163,,,5168.4498,104.8877779,104.9137779,104.9000779,
5169.2999,104.9045,104.9315,104.9172,,,5169.2999,104.888282,104.915282,104.900982,
5170.1998,104.9056,104.9326,104.9182,,,5170.1998,104.8893862,104.9163862,104.9019862,
5171.1002,104.9063,104.9335,104.9188,,,5171.1002,104.8900905,104.9172905,104.9025905,
5172.0001,104.9075,104.9349,104.92,,,5172.0001,104.8912948,104.9186948,104.9037948,
5172.9,104.9086,104.9347,104.9208,,,5172.9,104.892399,104.918499,104.904599,
5173.7999,104.9087,104.9357,104.9209,,,5173.7999,104.8925033,104.9195033,104.9047033,
5174.6998,104.9094,104.9366,104.9218,,,5174.6998,104.8932076,104.9204076,104.9056076,
5175.5504,104.9104,104.9369,104.9227,,,5175.5504,104.8942116,104.9207116,104.9065116,
5176.4498,104.9108,104.9396,104.923,,,5176.4498,104.8946158,104.9234158,104.9068158,
5177.3502,104.9119,104.9395,104.9238,,,5177.3502,104.8957201,104.9233201,104.9076201,
5178.2496,104.9123,104.94,104.9248,,,5178.2496,104.8961244,104.9238244,104.9086244,
5179.15,104.9131,104.9407,104.9255,,,5179.15,104.8969286,104.9245286,104.9093286,
5180.0504,104.9135,104.9417,104.9264,,,5180.0504,104.8973329,104.9255329,104.9102329,
5180.9498,104.9143,104.9424,104.9271,,,5180.9498,104.8981372,104.9262372,104.9109372,
5181.8502,104.9149,104.9432,104.9275,,,5181.8502,104.8987414,104.9270414,104.9113414,
5182.7496,104.9158,104.9442,104.9281,,,5182.7496,104.8996457,104.9280457,104.9119457,
5183.65,104.9159,104.9444,104.9282,,,5183.65,104.89975,104.92825,104.91205,
5184.5504,104.9162,104.9442,104.9289,,,5184.5504,104.9000542,104.9280542,104.9127542,
5185.4498,104.9166,104.9442,104.9289,,,5185.4498,104.9004585,104.9280585,104.9127585,
5186.3502,104.9181,104.945,104.9296,,,5186.3502,104.9019628,104.9288628,104.9134628,
5187.2496,104.919,104.9455,104.9304,,,5187.2496,104.902867,104.929367,104.914267,
5188.15,104.9189,104.9462,104.931,,,5188.15,104.9027713,104.9300713,104.9148713,
5189.0504,104.92,104.9479,104.9321,,,5189.0504,104.9038756,104.9317756,104.9159756,
5189.9498,104.9194,104.9468,104.9321,,,5189.9498,104.9032798,104.9306798,104.9159798,
5190.8502,104.92,104.9479,104.9323,,,5190.8502,104.9038841,104.9317841,104.9161841,
5191.7496,104.9204,104.9475,104.9327,,,5191.7496,104.9042883,104.9313883,104.9165883,
5192.65,104.9212,104.9479,104.9334,,,5192.65,104.9050926,104.9317926,104.9172926,
5193.5504,104.9223,104.9491,104.9348,,,5193.5504,104.9061969,104.9329969,104.9186969,
5194.4498,104.9227,104.9505,104.9356,,,5194.4498,104.9066011,104.9344011,104.9195011,
5195.3502,104.9249,104.9505,104.9362,,,5195.3502,104.9088054,104.9344054,104.9201054,
5196.2496,104.9255,104.9507,104.9369,,,5196.2496,104.9094097,104.9346097,104.9208097,
5197.15,104.9258,104.9526,104.9376,,,5197.15,104.9097139,104.9365139,104.9215139,
5198.0504,104.9263,104.9537,104.9381,,,5198.0504,104.9102182,104.9376182,104.9220182,
5198.9498,104.9274,104.9536,104.9389,,,5198.9498,104.9113225,104.9375225,104.9228225,
5199.8502,104.9275,104.9544,104.9396,,,5199.8502,104.9114267,104.9383267,104.9235267,
5200.7496,104.9283,104.9542,104.9402,,,5200.7496,104.912231,104.938131,104.924131,
5201.65,104.9284,104.9558,104.941,,,5201.65,104.9123353,104.9397353,104.9249353,
5202.5504,104.9299,104.9572,104.942,,,5202.5504,104.9138395,104.9411395,104.9259395,
5203.4498,104.931,104.9576,104.9429,,,5203.4498,104.9149438,104.9415438,104.9268438,
5204.2999,104.9321,104.9583,104.9442,,,5204.2999,104.9160478,104.9422478,104.9281478,
5205.1998,104.9334,104.9589,104.9454,,,5205.1998,104.9173521,104.9428521,104.9293521,
5206.1002,104.935,104.9601,104.9464,,,5206.1002,104.9189563,104.9440563,104.9303563,
5206.9498,104.9352,104.9604,104.9471,,,5206.9498,104.9191604,104.9443604,104.9310604,
5207.8502,104.9373,104.9626,104.9489,,,5207.8502,104.9212646,104.9465646,104.9328646,
5208.7496,104.9381,104.9638,104.9498,,,5208.7496,104.9220689,104.9477689,104.9337689,
5209.65,104.94,104.9651,104.9512,,,5209.65,104.9239732,104.9490732,104.9351732,
5210.5504,104.9408,104.9656,104.9522,,,5210.5504,104.9247774,104.9495774,104.9361774,
5211.4498,104.942,104.9667,104.9532,,,5211.4498,104.9259817,104.9506817,104.9371817,
5212.3502,104.9431,104.9654,104.9541,,,5212.3502,104.927086,104.949386,104.938086,
5213.2496,104.9439,104.9669,104.9549,,,5213.2496,104.9278902,104.9508902,104.9388902,
5214.15,104.9459,104.9678,104.9558,,,5214.15,104.9298945,104.9517945,104.9397945,
5215.0504,104.9468,104.969,104.957,,,5215.0504,104.9307988,104.9529988,104.9409988,
5216.0001,104.9472,104.9698,104.9575,,,5216.0001,104.9312033,104.9538033,104.9415033,
5216.9,104.9471,104.9709,104.9581,,,5216.9,104.9311075,104.9549075,104.9421075,
5217.7999,104.9485,104.9702,104.9593,,,5217.7999,104.9325118,104.9542118,104.9433118,
5218.7496,104.9502,104.9721,104.9604,,,5218.7496,104.9342163,104.9561163,104.9444163,
5219.65,104.9499,104.9725,104.9606,,,5219.65,104.9339205,104.9565205,104.9446205,
5220.5504,104.9514,104.9725,104.9615,,,5220.5504,104.9354248,104.9565248,104.9455248,
5221.4498,104.9519,104.9726,104.9618,,,5221.4498,104.9359291,104.9566291,104.9458291,
5222.3502,104.9521,104.9732,104.9623,,,5222.3502,104.9361333,104.9572333,104.9463333,
5223.2496,104.9522,104.9734,104.9623,,,5223.2496,104.9362376,104.9574376,104.9463376,
5224.15,104.953,104.9749,104.9631,,,5224.15,104.9370419,104.9589419,104.9471419,
5225.0504,104.9536,104.9745,104.9631,,,5225.0504,104.9376461,104.9585461,104.9471461,
5225.9498,104.9529,104.9742,104.9627,,,5225.9498,104.9369504,104.9582504,104.9467504,
5226.8502,104.9532,104.9742,104.9627,,,5226.8502,104.9372547,104.9582547,104.9467547,
5227.7496,104.9529,104.9741,104.9622,,,5227.7496,104.9369589,104.9581589,104.9462589,
5228.6002,104.9526,104.9741,104.9621,,,5228.6002,104.936663,104.958163,104.946163,
5229.5001,104.9515,104.9733,104.9618,,,5229.5001,104.9355672,104.9573672,104.9458672,
5230.4498,104.9513,104.9721,104.9616,,,5230.4498,104.9353717,104.9561717,104.9456717,
5231.3502,104.9495,104.9722,104.96,,,5231.3502,104.933576,104.956276,104.944076,
5232.2496,104.9495,104.9713,104.9591,,,5232.2496,104.9335803,104.9553803,104.9431803,
5233.1002,104.9494,104.9694,104.9583,,,5233.1002,104.9334843,104.9534843,104.9423843,
5234.0001,104.9487,104.9689,104.9583,,,5234.0001,104.9327885,104.9529885,104.9423885,
5234.9,104.9475,104.9687,104.9567,,,5234.9,104.9315928,104.9527928,104.9407928,
5235.7999,104.9462,104.9675,104.9557,,,5235.7999,104.9302971,104.9515971,104.9397971,
5236.7496,104.9443,104.9685,104.9547,,,5236.7496,104.9284016,104.9526016,104.9388016,
5237.65,104.9431,104.9639,104.9525,,,5237.65,104.9272058,104.9480058,104.9366058,
5238.5001,104.9415,104.9626,104.9508,,,5238.5001,104.9256099,104.9467099,104.9349099,
5239.3502,104.9407,104.9618,104.95,,,5239.3502,104.9248139,104.9459139,104.9341139,
5240.2999,104.9395,104.9612,104.9491,,,5240.2999,104.9236184,104.9453184,104.9332184,
5241.2496,104.9385,104.96,104.9478,,,5241.2496,104.9226229,104.9441229,104.9319229,
5242.15,104.936,104.9579,104.9455,,,5242.15,104.9201272,104.9420272,104.9296272,
5243.0504,104.9349,104.956,104.9439,,,5243.0504,104.9190314,104.9401314,104.9280314,
5243.9498,104.9334,104.9549,104.9427,,,5243.9498,104.9175357,104.9390357,104.9268357,
5244.8502,104.9326,104.9534,104.9415,,,5244.8502,104.91674,104.93754,104.92564,
5245.6998,104.9313,104.9519,104.9404,,,5245.6998,104.915444,104.936044,104.924544,
5246.5504,104.9303,104.9511,104.9392,,,5246.5504,104.914448,104.935248,104.923348,
5247.4498,104.9291,104.9501,104.9383,,,5247.4498,104.9132523,104.9342523,104.9224523,
5248.3502,104.9282,104.9491,104.9372,,,5248.3502,104.9123565,104.9332565,104.9213565,
5249.2999,104.927,104.9485,104.9361,,,5249.2999,104.911161,104.932661,104.920261,
5250.2496,104.9259,104.947,104.935,,,5250.2496,104.9100655,104.9311655,104.9191655,
5251.15,104.9256,104.9463,104.9342,,,5251.15,104.9097698,104.9304698,104.9183698,
5252.0001,104.9247,104.9452,104.9333,,,5252.0001,104.9088738,104.9293738,104.9174738,
5252.8502,104.9239,104.9455,104.9328,,,5252.8502,104.9080779,104.9296779,104.9169779,
5253.7496,104.9227,104.945,104.932,,,5253.7496,104.9068821,104.9291821,104.9161821,
5254.65,104.9217,104.9424,104.9305,,,5254.65,104.9058864,104.9265864,104.9146864,
5255.5504,104.9212,104.9411,104.9299,,,5255.5504,104.9053907,104.9252907,104.9140907,
5256.4498,104.9206,104.9413,104.9296,,,5256.4498,104.9047949,104.9254949,104.9137949,
5257.3502,104.9192,104.9416,104.9283,,,5257.3502,104.9033992,104.9257992,104.9124992,
5258.2496,104.9188,104.9405,104.928,,,5258.2496,104.9030035,104.9247035,104.9122035,
5259.15,104.9181,104.9385,104.9269,,,5259.15,104.9023077,104.9227077,104.9111077,
5260.0504,104.9173,104.9388,104.9261,,,5260.0504,104.901512,104.923012,104.910312,
5260.9498,104.9166,104.938,104.9258,,,5260.9498,104.9008162,104.9222162,104.9100162,
5261.8502,104.9158,104.9369,104.9251,,,5261.8502,104.9000205,104.9211205,104.9093205,
5262.7496,104.9153,104.937,104.9245,,,5262.7496,104.8995248,104.9212248,104.9087248,
5263.65,104.915,104.9365,104.9242,,,5263.65,104.899229,104.920729,104.908429,
5264.5504,104.9147,104.936,104.9236,,,5264.5504,104.8989333,104.9202333,104.9078333,
5265.4498,104.9143,104.9365,104.9235,,,5265.4498,104.8985376,104.9207376,104.9077376,
5266.2999,104.9139,104.935,104.9231,,,5266.2999,104.8981416,104.9192416,104.9073416,
5267.1998,104.9133,104.9357,104.9227,,,5267.1998,104.8975459,104.9199459,104.9069459,
5268.1002,104.912,104.9343,104.9217,,,5268.1002,104.8962501,104.9185501,104.9059501,
5268.9498,104.9126,104.9342,104.9217,,,5268.9498,104.8968542,104.9184542,104.9059542,
5269.8502,104.9116,104.933,104.9206,,,5269.8502,104.8958584,104.9172584,104.9048584,
5270.7496,104.9119,104.933,104.9207,,,5270.7496,104.8961627,104.9172627,104.9049627,
5271.65,104.9111,104.9327,104.9202,,,5271.65,104.895367,104.916967,104.904467,
5272.5504,104.9111,104.9325,104.92,,,5272.5504,104.8953712,104.9167712,104.9042712,
5273.4498,104.9108,104.9319,104.9198,,,5273.4498,104.8950755,104.9161755,104.9040755,
5274.3502,104.9111,104.9337,104.9203,,,5274.3502,104.8953797,104.9179797,104.9045797,
5275.2496,104.9103,104.9321,104.9195,,,5275.2496,104.894584,104.916384,104.903784,
5276.15,104.9102,104.9306,104.9191,,,5276.15,104.8944883,104.9148883,104.9033883,
5277.0504,104.9104,104.9311,104.9192,,,5277.0504,104.8946925,104.9153925,104.9034925,
5277.9498,104.91,104.9307,104.9191,,,5277.9498,104.8942968,104.9149968,104.9033968,
5278.8502,104.91,104.931,104.9189,,,5278.8502,104.8943011,104.9153011,104.9032011,
5279.7496,104.91,104.9306,104.9188,,,5279.7496,104.8943053,104.9149053,104.9031053,
5280.65,104.909,104.9306,104.9181,,,5280.65,104.8933096,104.9149096,104.9024096,
5281.5504,104.909,104.9299,104.918,,,5281.5504,104.8933139,104.9142139,104.9023139,
5282.4498,104.9087,104.9311,104.918,,,5282.4498,104.8930181,104.9154181,104.9023181,
5283.3502,104.9081,104.931,104.9178,,,5283.3502,104.8924224,104.9153224,104.9021224,
5284.2496,104.9076,104.9311,104.9174,,,5284.2496,104.8919267,104.9154267,104.9017267,
5285.15,104.9086,104.9309,104.9176,,,5285.15,104.8929309,104.9152309,104.9019309,
5286.0504,104.9073,104.9306,104.9168,,,5286.0504,104.8916352,104.9149352,104.9011352,
5286.9498,104.9069,104.9295,104.9166,,,5286.9498,104.8912395,104.9138395,104.9009395,
5287.8502,104.9075,104.9311,104.9167,,,5287.8502,104.8918437,104.9154437,104.9010437,
5288.7496,104.9072,104.93,104.9162,,,5288.7496,104.891548,104.914348,104.900548,
5289.65,104.9068,104.9294,104.9162,,,5289.65,104.8911522,104.9137522,104.9005522,
5290.5001,104.9073,104.9306,104.9165,,,5290.5001,104.8916563,104.9149563,104.9008563,
5291.3502,104.9063,104.9288,104.9153,,,5291.3502,104.8906603,104.9131603,104.8996603,
5292.2496,104.9065,104.93,104.9158,,,5292.2496,104.8908646,104.9143646,104.9001646,
5293.15,104.9063,104.929,104.9155,,,5293.15,104.8906688,104.9133688,104.8998688,
5294.0504,104.906,104.9286,104.9148,,,5294.0504,104.8903731,104.9129731,104.8991731,
5294.9498,104.9057,104.9283,104.9148,,,5294.9498,104.8900774,104.9126774,104.8991774,
5295.8502,104.9047,104.9284,104.9141,,,5295.8502,104.8890816,104.9127816,104.8984816,
5296.7496,104.9052,104.9288,104.9143,,,5296.7496,104.8895859,104.9131859,104.8986859,
5297.65,104.9049,104.9274,104.9139,,,5297.65,104.8892902,104.9117902,104.8982902,
5298.5504,104.9045,104.9275,104.9134,,,5298.5504,104.8888944,104.9118944,104.8977944,
5299.4498,104.9045,104.9279,104.9135,,,5299.4498,104.8888987,104.9122987,104.8978987,
5300.3502,104.904,104.9279,104.9132,,,5300.3502,104.8884029,104.9123029,104.8976029,
5301.2496,104.9036,104.9276,104.9131,,,5301.2496,104.8880072,104.9120072,104.8975072,
5302.15,104.9039,104.9287,104.9132,,,5302.15,104.8883115,104.9131115,104.8976115,
5303.0504,104.904,104.9283,104.9133,,,5303.0504,104.8884157,104.9127157,104.8977157,
5303.9498,104.904,104.9287,104.9134,,,5303.9498,104.88842,104.91312,104.89782,
5304.8502,104.904,104.929,104.9135,,,5304.8502,104.8884243,104.9134243,104.8979243,
5305.7496,104.904,104.9286,104.9136,,,5305.7496,104.8884285,104.9130285,104.8980285,
5306.65,104.904,104.9279,104.9136,,,5306.65,104.8884328,104.9123328,104.8980328,
5307.5504,104.9028,104.9286,104.9131,,,5307.5504,104.8872371,104.9130371,104.8975371,
5308.4498,104.903,104.928,104.9131,,,5308.4498,104.8874413,104.9124413,104.8975413,
5309.3502,104.9028,104.9278,104.913,,,5309.3502,104.8872456,104.9122456,104.8974456,
5310.2496,104.9032,104.9279,104.9131,,,5310.2496,104.8876499,104.9123499,104.8975499,
5311.15,104.9032,104.9294,104.9132,,,5311.15,104.8876541,104.9138541,104.8976541,
5312.0504,104.9032,104.9305,104.9137,,,5312.0504,104.8876584,104.9149584,104.8981584,
5312.9498,104.9033,104.9303,104.9141,,,5312.9498,104.8877627,104.9147627,104.8985627,
5313.8502,104.9043,104.9318,104.9151,,,5313.8502,104.8887669,104.9162669,104.8995669,
5314.7496,104.9048,104.9319,104.9153,,,5314.7496,104.8892712,104.9163712,104.8997712,
5315.65,104.9053,104.9318,104.9161,,,5315.65,104.8897754,104.9162754,104.9005754,
5316.5504,104.9049,104.9315,104.9161,,,5316.5504,104.8893797,104.9159797,104.9005797,
5317.4498,104.9044,104.9323,104.9163,,,5317.4498,104.888884,104.916784,104.900784,
5318.3502,104.9053,104.9322,104.9164,,,5318.3502,104.8897882,104.9166882,104.9008882,
5319.1998,104.9052,104.9331,104.917,,,5319.1998,104.8896923,104.9175923,104.9014923,
5320.0504,104.9055,104.9329,104.9168,,,5320.0504,104.8899963,104.9173963,104.9012963,
5320.9498,104.9053,104.9329,104.9171,,,5320.9498,104.8898006,104.9174006,104.9016006,
5321.8502,104.9059,104.9337,104.9174,,,5321.8502,104.8904048,104.9182048,104.9019048,
5322.7496,104.9053,104.9334,104.9173,,,5322.7496,104.8898091,104.9179091,104.9018091,
5323.65,104.9063,104.9341,104.9177,,,5323.65,104.8908134,104.9186134,104.9022134,
5324.5504,104.9065,104.9342,104.9184,,,5324.5504,104.8910176,104.9187176,104.9029176,
5325.4498,104.9077,104.9353,104.9194,,,5325.4498,104.8922219,104.9198219,104.9039219,
5326.3502,104.9073,104.9366,104.919,,,5326.3502,104.8918261,104.9211261,104.9035261,
5327.2496,104.9077,104.9362,104.9197,,,5327.2496,104.8922304,104.9207304,104.9042304,
5328.15,104.9081,104.9356,104.9198,,,5328.15,104.8926347,104.9201347,104.9043347,
5329.0504,104.9077,104.9365,104.9202,,,5329.0504,104.8922389,104.9210389,104.9047389,
5329.9,104.9087,104.9362,104.9208,,,5329.9,104.893243,104.920743,104.905343,
5330.7496,104.909,104.9362,104.9209,,,5330.7496,104.893547,104.920747,104.905447,
5331.65,104.9095,104.9357,104.921,,,5331.65,104.8940513,104.9202513,104.9055513,
5332.5504,104.9096,104.9374,104.9215,,,5332.5504,104.8941555,104.9219555,104.9060555,
5333.4498,104.9094,104.937,104.9212,,,5333.4498,104.8939598,104.9215598,104.9057598,
5334.3502,104.9103,104.9365,104.9218,,,5334.3502,104.8948641,104.9210641,104.9063641,
5335.2496,104.9099,104.9388,104.922,,,5335.2496,104.8944683,104.9233683,104.9065683,
5336.15,104.9111,104.9384,104.9226,,,5336.15,104.8956726,104.9229726,104.9071726,
5337.0504,104.9112,104.9382,104.923,,,5337.0504,104.8957769,104.9227769,104.9075769,
5337.9498,104.9112,104.9393,104.9233,,,5337.9498,104.8957811,104.9238811,104.9078811,
5338.8502,104.9127,104.9397,104.9238,,,5338.8502,104.8972854,104.9242854,104.9083854,
5339.7496,104.9123,104.9384,104.9236,,,5339.7496,104.8968896,104.9229896,104.9081896,
5340.65,104.9123,104.9389,104.9243,,,5340.65,104.8968939,104.9234939,104.9088939,
5341.5504,104.9135,104.9395,104.925,,,5341.5504,104.8980982,104.9240982,104.9095982,
5342.4,104.9138,104.9411,104.9256,,,5342.4,104.8984022,104.9257022,104.9102022,
5343.2496,104.9142,104.9415,104.9262,,,5343.2496,104.8988062,104.9261062,104.9108062,
5344.15,104.915,104.9416,104.9266,,,5344.15,104.8996105,104.9262105,104.9112105,
5345.0504,104.9162,104.9409,104.9271,,,5345.0504,104.9008148,104.9255148,104.9117148,
5345.9498,104.9157,104.9408,104.9272,,,5345.9498,104.900319,104.925419,104.911819,
5346.8502,104.9158,104.9423,104.9272,,,5346.8502,104.9004233,104.9269233,104.9118233,
5347.7496,104.9161,104.9421,104.9276,,,5347.7496,104.9007276,104.9267276,104.9122276,
5348.65,104.9167,104.9413,104.9277,,,5348.65,104.9013318,104.9259318,104.9123318,
5349.5504,104.9162,104.9427,104.9277,,,5349.5504,104.9008361,104.9273361,104.9123361,
5350.4498,104.9173,104.9428,104.9284,,,5350.4498,104.9019403,104.9274403,104.9130403,
5351.3502,104.918,104.9424,104.9285,,,5351.3502,104.9026446,104.9270446,104.9131446,
5352.2496,104.9181,104.9435,104.9292,,,5352.2496,104.9027489,104.9281489,104.9138489,
5353.15,104.918,104.9439,104.9294,,,5353.15,104.9026531,104.9285531,104.9140531,
5354.0504,104.9189,104.944,104.9298,,,5354.0504,104.9035574,104.9286574,104.9144574,
5354.9498,104.9198,104.9446,104.9302,,,5354.9498,104.9044617,104.9292617,104.9148617,
5355.7999,104.9192,104.9443,104.93,,,5355.7999,104.9038657,104.9289657,104.9146657,
5356.65,104.9202,104.9437,104.9305,,,5356.65,104.9048697,104.9283697,104.9151697,
5357.5504,104.9205,104.9456,104.9313,,,5357.5504,104.905174,104.930274,104.915974,
5358.4498,104.921,104.9452,104.9314,,,5358.4498,104.9056783,104.9298783,104.9160783,
5359.3502,104.9219,104.9459,104.9317,,,5359.3502,104.9065825,104.9305825,104.9163825,
5360.2496,104.922,104.9458,104.9321,,,5360.2496,104.9066868,104.9304868,104.9167868,
5361.15,104.9216,104.9448,104.9319,,,5361.15,104.906291,104.929491,104.916591,
5362.0504,104.9213,104.9459,104.9321,,,5362.0504,104.9059953,104.9305953,104.9167953,
5362.9498,104.9225,104.9459,104.9326,,,5362.9498,104.9071996,104.9305996,104.9172996,
5363.8502,104.9227,104.9463,104.9329,,,5363.8502,104.9074038,104.9310038,104.9176038,
5364.7496,104.9232,104.9463,104.9331,,,5364.7496,104.9079081,104.9310081,104.9178081,
5365.65,104.9241,104.9468,104.9339,,,5365.65,104.9088124,104.9315124,104.9186124,
5366.5504,104.9252,104.9479,104.9352,,,5366.5504,104.9099166,104.9326166,104.9199166,
5367.4498,104.9256,104.9481,104.9355,,,5367.4498,104.9103209,104.9328209,104.9202209,
5368.2999,104.9262,104.9483,104.9356,,,5368.2999,104.9109249,104.9330249,104.9203249,
5369.15,104.926,104.9495,104.9361,,,5369.15,104.910729,104.934229,104.920829,
5370.0504,104.9274,104.9486,104.9366,,,5370.0504,104.9121332,104.9333332,104.9213332,
5370.9498,104.9267,104.9493,104.9364,,,5370.9498,104.9114375,104.9340375,104.9211375,
5371.8502,104.9275,104.9491,104.9369,,,5371.8502,104.9122418,104.9338418,104.9216418,
5372.7496,104.9282,104.949,104.9373,,,5372.7496,104.912946,104.933746,104.922046,
5373.65,104.9284,104.9495,104.9375,,,5373.65,104.9131503,104.9342503,104.9222503,
5374.5504,104.9295,104.9515,104.9387,,,5374.5504,104.9142545,104.9362545,104.9234545,
5375.4498,104.9302,104.9511,104.9395,,,5375.4498,104.9149588,104.9358588,104.9242588,
5376.3502,104.9296,104.9513,104.939,,,5376.3502,104.9143631,104.9360631,104.9237631,
5377.2496,104.9306,104.9523,104.9397,,,5377.2496,104.9153673,104.9370673,104.9244673,
5378.15,104.9314,104.9521,104.9408,,,5378.15,104.9161716,104.9368716,104.9255716,
5379.0504,104.9317,104.9537,104.9414,,,5379.0504,104.9164759,104.9384759,104.9261759,
5379.9498,104.9329,104.9537,104.9421,,,5379.9498,104.9176801,104.9384801,104.9268801,
5380.8502,104.9327,104.953,104.9417,,,5380.8502,104.9174844,104.9377844,104.9264844,
5381.7496,104.9345,104.9553,104.9435,,,5381.7496,104.9192887,104.9400887,104.9282887,
5382.65,104.9339,104.9557,104.9436,,,5382.65,104.9186929,104.9404929,104.9283929,
5383.5504,104.9343,104.9545,104.9432,,,5383.5504,104.9190972,104.9392972,104.9279972,
5384.4498,104.9349,104.955,104.9436,,,5384.4498,104.9197015,104.9398015,104.9284015,
5385.2999,104.9357,104.9557,104.9443,,,5385.2999,104.9205055,104.9405055,104.9291055,
5386.15,104.9364,104.9553,104.9448,,,5386.15,104.9212095,104.9401095,104.9296095,
5387.0504,104.9368,104.9569,104.9453,,,5387.0504,104.9216138,104.9417138,104.9301138,
5387.9498,104.9377,104.957,104.946,,,5387.9498,104.922518,104.941818,104.930818,
5388.8502,104.9382,104.9575,104.9465,,,5388.8502,104.9230223,104.9423223,104.9313223,
5389.7496,104.9385,104.957,104.9471,,,5389.7496,104.9233266,104.9418266,104.9319266,
5390.65,104.9388,104.9577,104.9475,,,5390.65,104.9236308,104.9425308,104.9323308,
5391.5504,104.9397,104.9592,104.948,,,5391.5504,104.9245351,104.9440351,104.9328351,
5392.4498,104.9404,104.9584,104.9484,,,5392.4498,104.9252394,104.9432394,104.9332394,
5393.3502,104.9409,104.9587,104.949,,,5393.3502,104.9257436,104.9435436,104.9338436,
5394.2496,104.9421,104.9595,104.9499,,,5394.2496,104.9269479,104.9443479,104.9347479,
5395.15,104.9435,104.9605,104.951,,,5395.15,104.9283522,104.9453522,104.9358522,
5396.0504,104.9444,104.9603,104.9518,,,5396.0504,104.9292564,104.9451564,104.9366564,
5396.9498,104.9452,104.9616,104.9526,,,5396.9498,104.9300607,104.9464607,104.9374607,
5397.8502,104.9459,104.9624,104.9535,,,5397.8502,104.930765,104.947265,104.938365,
5398.7496,104.9475,104.9626,104.9542,,,5398.7496,104.9323692,104.9474692,104.9390692,
5399.65,104.9483,104.9638,104.956,,,5399.65,104.9331735,104.9486735,104.9408735,
5400.5504,104.949,104.9643,104.9563,,,5400.5504,104.9338777,104.9491777,104.9411777,
5401.4498,104.9497,104.9648,104.9567,,,5401.4498,104.934582,104.949682,104.941582,
5402.3502,104.9505,104.9651,104.9574,,,5402.3502,104.9353863,104.9499863,104.9422863,
5403.1998,104.9521,104.9673,104.959,,,5403.1998,104.9369903,104.9521903,104.9438903,
5404.0504,104.9529,104.9675,104.9599,,,5404.0504,104.9377943,104.9523943,104.9447943,
5404.9498,104.9544,104.9683,104.961,,,5404.9498,104.9392986,104.9531986,104.9458986,
5405.8502,104.9556,104.9687,104.962,,,5405.8502,104.9405029,104.9536029,104.9469029,
5406.7496,104.9573,104.9705,104.963,,,5406.7496,104.9422071,104.9554071,104.9479071,
5407.65,104.9583,104.9702,104.9643,,,5407.65,104.9432114,104.9551114,104.9492114,
5408.5504,104.9592,104.9702,104.9647,,,5408.5504,104.9441157,104.9551157,104.9496157,
5409.4498,104.9605,104.9714,104.9661,,,5409.4498,104.9454199,104.9563199,104.9510199,
5410.3502,104.9622,104.972,104.9672,,,5410.3502,104.9471242,104.9569242,104.9521242,
5411.2496,104.9631,104.9716,104.9677,,,5411.2496,104.9480284,104.9565284,104.9526284,
5412.15,104.9644,104.9726,104.9694,,,5412.15,104.9493327,104.9575327,104.9543327,
5413.0504,104.9659,104.973,104.9699,,,5413.0504,104.950837,104.957937,104.954837,
5413.9498,104.9662,104.9732,104.9702,,,5413.9498,104.9511412,104.9581412,104.9551412,
5414.8502,104.9671,104.9734,104.9706,,,5414.8502,104.9520455,104.9583455,104.9555455,
5415.7496,104.9687,104.9738,104.9718,,,5415.7496,104.9536498,104.9587498,104.9567498,
5416.65,104.9701,104.9746,104.9725,,,5416.65,104.955054,104.959554,104.957454,
5417.5504,104.9705,104.9746,104.9727,,,5417.5504,104.9554583,104.9595583,104.9576583,
5418.4498,104.9705,104.9752,104.973,,,5418.4498,104.9554626,104.9601626,104.9579626,
5419.2999,104.9708,104.9759,104.9737,,,5419.2999,104.9557666,104.9608666,104.9586666,
5420.1998,104.9704,104.9768,104.9742,,,5420.1998,104.9553709,104.9617709,104.9591709,
5421.15,104.9699,104.9772,104.9746,,,5421.15,104.9548754,104.9621754,104.9595754,
5422.0504,104.9689,104.9775,104.9746,,,5422.0504,104.9538796,104.9624796,104.9595796,
5422.9498,104.9686,104.9777,104.9746,,,5422.9498,104.9535839,104.9626839,104.9595839,
5423.7999,104.9683,104.9776,104.9743,,,5423.7999,104.9532879,104.9625879,104.9592879,
5424.65,104.9673,104.9775,104.9737,,,5424.65,104.9522919,104.9624919,104.9586919,
5425.5504,104.9662,104.9771,104.9733,,,5425.5504,104.9511962,104.9620962,104.9582962,
5426.4498,104.9652,104.9769,104.9728,,,5426.4498,104.9502005,104.9619005,104.9578005,
5427.3502,104.9647,104.9768,104.9723,,,5427.3502,104.9497047,104.9618047,104.9573047,
5428.2496,104.9638,104.9761,104.9715,,,5428.2496,104.948809,104.961109,104.956509,
5429.1998,104.9632,104.9752,104.9708,,,5429.1998,104.9482135,104.9602135,104.9558135,
5430.1002,104.9611,104.9742,104.9697,,,5430.1002,104.9461178,104.9592178,104.9547178,
5430.9498,104.9607,104.9732,104.9686,,,5430.9498,104.9457218,104.9582218,104.9536218,
5431.8502,104.9591,104.972,104.9675,,,5431.8502,104.9441261,104.9570261,104.9525261,
5432.7496,104.9579,104.9706,104.9662,,,5432.7496,104.9429303,104.9556303,104.9512303,
5433.65,104.9569,104.9698,104.9653,,,5433.65,104.9419346,104.9548346,104.9503346,
5434.5504,104.9553,104.9685,104.9638,,,5434.5504,104.9403389,104.9535389,104.9488389,
5435.4498,104.9536,104.9667,104.9624,,,5435.4498,104.9386431,104.9517431,104.9474431,
5436.3502,104.9522,104.9651,104.9608,,,5436.3502,104.9372474,104.9501474,104.9458474,
5437.2496,104.9505,104.9634,104.959,,,5437.2496,104.9355516,104.9484516,104.9440516,
5438.15,104.9485,104.9615,104.9575,,,5438.15,104.9335559,104.9465559,104.9425559,
5439.0504,104.9474,104.9595,104.9553,,,5439.0504,104.9324602,104.9445602,104.9403602,
5439.9498,104.9456,104.9576,104.9534,,,5439.9498,104.9306644,104.9426644,104.9384644,
5440.8502,104.9437,104.9554,104.9517,,,5440.8502,104.9287687,104.9404687,104.9367687,
5441.7496,104.9415,104.9532,104.9493,,,5441.7496,104.926573,104.938273,104.934373,
5442.65,104.9395,104.9513,104.9472,,,5442.65,104.9245772,104.9363772,104.9322772,
5443.5504,104.9374,104.9489,104.9451,,,5443.5504,104.9224815,104.9339815,104.9301815,
5444.4498,104.9354,104.9463,104.9427,,,5444.4498,104.9204858,104.9313858,104.9277858,
5445.3502,104.9329,104.9439,104.9403,,,5445.3502,104.91799,104.92899,104.92539,
5446.2496,104.931,104.9415,104.9378,,,5446.2496,104.9160943,104.9265943,104.9228943,
5447.15,104.9278,104.9388,104.9353,,,5447.15,104.9128986,104.9238986,104.9203986,
5448.0504,104.9253,104.9369,104.9331,,,5448.0504,104.9104028,104.9220028,104.9182028,
5448.9498,104.9233,104.9343,104.9308,,,5448.9498,104.9084071,104.9194071,104.9159071,
5449.8502,104.9208,104.9319,104.9282,,,5449.8502,104.9059114,104.9170114,104.9133114,
5450.6998,104.918,104.929,104.9254,,,5450.6998,104.9031154,104.9141154,104.9105154,
5451.6002,104.9158,104.9275,104.9235,,,5451.6002,104.9009196,104.9126196,104.9086196,
5452.5001,104.9131,104.9236,104.9201,,,5452.5001,104.8982239,104.9087239,104.9052239,
5453.3502,104.9107,104.9206,104.9173,,,5453.3502,104.8958279,104.9057279,104.9024279,
5454.2496,104.9091,104.9185,104.915,,,5454.2496,104.8942322,104.9036322,104.9001322,
5455.15,104.9049,104.9155,104.9119,,,5455.15,104.8900365,104.9006365,104.8970365,
5456.0504,104.9028,104.9123,104.9091,,,5456.0504,104.8879407,104.8974407,104.8942407,
5456.9498,104.9008,104.9107,104.9071,,,5456.9498,104.885945,104.895845,104.892245,
5457.8502,104.8983,104.9076,104.9042,,,5457.8502,104.8834493,104.8927493,104.8893493,
5458.7496,104.8955,104.9048,104.9016,,,5458.7496,104.8806535,104.8899535,104.8867535,
5459.65,104.8932,104.9025,104.8992,,,5459.65,104.8783578,104.8876578,104.8843578,
5460.5504,104.8905,104.9004,104.8968,,,5460.5504,104.8756621,104.8855621,104.8819621,
5461.4498,104.8887,104.8981,104.8948,,,5461.4498,104.8738663,104.8832663,104.8799663,
5462.3502,104.8867,104.8969,104.8933,,,5462.3502,104.8718706,104.8820706,104.8784706,
5463.2496,104.8849,104.895,104.8911,,,5463.2496,104.8700748,104.8801748,104.8762748,
5464.15,104.8833,104.8927,104.8893,,,5464.15,104.8684791,104.8778791,104.8744791,
5465.0504,104.882,104.891,104.8876,,,5465.0504,104.8671834,104.8761834,104.8727834,
5465.9498,104.8803,104.8888,104.8856,,,5465.9498,104.8654876,104.8739876,104.8707876,
5466.8502,104.879,104.8876,104.8845,,,5466.8502,104.8641919,104.8727919,104.8696919,
5467.7496,104.8787,104.8865,104.8836,,,5467.7496,104.8638962,104.8716962,104.8687962,
5468.65,104.8775,104.8854,104.8826,,,5468.65,104.8627004,104.8706004,104.8678004,
5469.5504,104.8771,104.8849,104.8821,,,5469.5504,104.8623047,104.8701047,104.8673047,
5470.4498,104.8774,104.8846,104.882,,,5470.4498,104.862609,104.869809,104.867209,
5471.3502,104.8774,104.8848,104.8821,,,5471.3502,104.8626132,104.8700132,104.8673132,
5472.2999,104.8785,104.885,104.8823,,,5472.2999,104.8637177,104.8702177,104.8675177,
5473.2496,104.8787,104.885,104.8828,,,5473.2496,104.8639222,104.8702222,104.8680222,
5474.1002,104.8791,104.8857,104.8835,,,5474.1002,104.8643263,104.8709263,104.8687263,
5475.0001,104.8805,104.8868,104.8843,,,5475.0001,104.8657305,104.8720305,104.8695305,
5475.9,104.8822,104.8877,104.8854,,,5475.9,104.8674348,104.8729348,104.8706348,
5476.7999,104.8838,104.8889,104.8867,,,5476.7999,104.8690391,104.8741391,104.8719391,
5477.7496,104.8857,104.8904,104.8881,,,5477.7496,104.8709436,104.8756436,104.8733436,
5478.65,104.8872,104.8918,104.8898,,,5478.65,104.8724478,104.8770478,104.8750478,
5479.5504,104.8893,104.8936,104.8917,,,5479.5504,104.8745521,104.8788521,104.8769521,
5480.4498,104.8915,104.8962,104.8939,,,5480.4498,104.8767564,104.8814564,104.8791564,
5481.3502,104.8936,104.8981,104.8961,,,5481.3502,104.8788606,104.8833606,104.8813606,
5482.2496,104.8957,104.9,104.8979,,,5482.2496,104.8809649,104.8852649,104.8831649,
5483.15,104.8973,104.9021,104.8998,,,5483.15,104.8825691,104.8873691,104.8850691,
5484.0504,104.9,104.9048,104.9022,,,5484.0504,104.8852734,104.8900734,104.8874734,
5484.9498,104.9018,104.9077,104.9048,,,5484.9498,104.8870777,104.8929777,104.8900777,
5485.8502,104.9045,104.91,104.9073,,,5485.8502,104.8897819,104.8952819,104.8925819,
5486.7496,104.9068,104.9134,104.91,,,5486.7496,104.8920862,104.8986862,104.8952862,
5487.65,104.9096,104.9166,104.9128,,,5487.65,104.8948905,104.9018905,104.8980905,
5488.5504,104.9123,104.9196,104.9156,,,5488.5504,104.8975947,104.9048947,104.9008947,
5489.4498,104.9146,104.9224,104.9186,,,5489.4498,104.899899,104.907699,104.903899,
5490.3502,104.9167,104.9256,104.9208,,,5490.3502,104.9020033,104.9109033,104.9061033,
5491.2496,104.9192,104.9282,104.9239,,,5491.2496,104.9045075,104.9135075,104.9092075,
5492.15,104.9221,104.9314,104.927,,,5492.15,104.9074118,104.9167118,104.9123118,
5493.0504,104.9245,104.9341,104.9292,,,5493.0504,104.9098161,104.9194161,104.9145161,
5493.9498,104.9271,104.9372,104.9316,,,5493.9498,104.9124203,104.9225203,104.9169203,
5494.8502,104.9296,104.9389,104.9338,,,5494.8502,104.9149246,104.9242246,104.9191246,
5495.7496,104.9319,104.9416,104.9364,,,5495.7496,104.9172289,104.9269289,104.9217289,
5496.65,104.9343,104.944,104.9393,,,5496.65,104.9196331,104.9293331,104.9246331,
5497.5504,104.9372,104.9471,104.9416,,,5497.5504,104.9225374,104.9324374,104.9269374,
5498.4498,104.9393,104.9487,104.9435,,,5498.4498,104.9246416,104.9340416,104.9288416,
5499.3502,104.9411,104.9515,104.946,,,5499.3502,104.9264459,104.9368459,104.9313459,
5500.2496,104.9442,104.9542,104.9487,,,5500.2496,104.9295502,104.9395502,104.9340502,
5501.15,104.9462,104.9566,104.9506,,,5501.15,104.9315544,104.9419544,104.9359544,
5502.0504,104.9482,104.9585,104.9525,,,5502.0504,104.9335587,104.9438587,104.9378587,
5503.0001,104.9506,104.9609,104.9549,,,5503.0001,104.9359632,104.9462632,104.9402632,
5503.9498,104.9521,104.9628,104.9567,,,5503.9498,104.9374677,104.9481677,104.9420677,
5504.8502,104.9548,104.9655,104.9593,,,5504.8502,104.940172,104.950872,104.944672,
5505.7496,104.9562,104.9673,104.9607,,,5505.7496,104.9415762,104.9526762,104.9460762,
5506.65,104.9581,104.9691,104.9627,,,5506.65,104.9434805,104.9544805,104.9480805,
5507.5504,104.9601,104.9714,104.965,,,5507.5504,104.9454848,104.9567848,104.9503848,
5508.4498,104.962,104.974,104.9671,,,5508.4498,104.947389,104.959389,104.952489,
5509.3502,104.9644,104.976,104.9692,,,5509.3502,104.9497933,104.9613933,104.9545933,
5510.2496,104.9665,104.9785,104.9717,,,5510.2496,104.9518976,104.9638976,104.9570976,
5511.15,104.9685,104.9815,104.9739,,,5511.15,104.9539018,104.9669018,104.9593018,
5512.0504,104.9701,104.9832,104.9758,,,5512.0504,104.9555061,104.9686061,104.9612061,
5512.9498,104.9721,104.9847,104.9775,,,5512.9498,104.9575104,104.9701104,104.9629104,
5513.8502,104.974,104.9859,104.9788,,,5513.8502,104.9594146,104.9713146,104.9642146,
5514.7496,104.9753,104.9877,104.9801,,,5514.7496,104.9607189,104.9731189,104.9655189,
5515.65,104.9769,104.9893,104.9825,,,5515.65,104.9623231,104.9747231,104.9679231,
5516.5504,104.9777,104.9906,104.9836,,,5516.5504,104.9631274,104.9760274,104.9690274,
5517.4498,104.9788,104.9921,104.9848,,,5517.4498,104.9642317,104.9775317,104.9702317,
5518.3502,104.9802,104.9929,104.9862,,,5518.3502,104.9656359,104.9783359,104.9716359,
5519.2496,104.9814,104.9948,104.9868,,,5519.2496,104.9668402,104.9802402,104.9722402,
5520.15,104.9823,104.9959,104.9886,,,5520.15,104.9677445,104.9813445,104.9740445,
5521.1002,104.9838,104.9959,104.9887,,,5521.1002,104.969249,104.981349,104.974149,
5522.0504,104.9846,104.996,104.989,,,5522.0504,104.9700535,104.9814535,104.9744535,
5522.9498,104.9855,104.9975,104.9904,,,5522.9498,104.9709577,104.9829577,104.9758577,
5523.8502,104.9861,104.998,104.991,,,5523.8502,104.971562,104.983462,104.976462,
5524.7496,104.9867,104.9984,104.9919,,,5524.7496,104.9721663,104.9838663,104.9773663,
5525.65,104.9874,104.9996,104.9924,,,5525.65,104.9728705,104.9850705,104.9778705,
5526.5504,104.9879,104.9995,104.9924,,,5526.5504,104.9733748,104.9849748,104.9778748,
5527.4498,104.9879,104.9998,104.9926,,,5527.4498,104.9733791,104.9852791,104.9780791,
5528.3502,104.9882,105.0003,104.9934,,,5528.3502,104.9736833,104.9857833,104.9788833,
5529.2496,104.9879,105.0003,104.9933,,,5529.2496,104.9733876,104.9857876,104.9787876,
5530.15,104.9883,105.0007,104.9936,,,5530.15,104.9737919,104.9861919,104.9790919,
5531.1002,104.9883,105.0006,104.9939,,,5531.1002,104.9737964,104.9860964,104.9793964,
5532.0504,104.9888,105.0008,104.994,,,5532.0504,104.9743009,104.9863009,104.9795009,
5532.9498,104.9888,105.0008,104.9943,,,5532.9498,104.9743051,104.9863051,104.9798051,
5533.8502,104.9879,105.0016,104.9942,,,5533.8502,104.9734094,104.9871094,104.9797094,
5534.7496,104.9873,105.0013,104.9937,,,5534.7496,104.9728137,104.9868137,104.9792137,
5535.65,104.9869,105.0016,104.9933,,,5535.65,104.9724179,104.9871179,104.9788179,
5536.5504,104.9869,105.0014,104.9937,,,5536.5504,104.9724222,104.9869222,104.9792222,
5537.4498,104.9866,105.0014,104.9938,,,5537.4498,104.9721264,104.9869264,104.9793264,
5538.3502,104.9865,105.0021,104.9939,,,5538.3502,104.9720307,104.9876307,104.9794307,
5539.2496,104.9865,105.0022,104.9942,,,5539.2496,104.972035,104.987735,104.979735,
5540.15,104.9865,105.0026,104.9942,,,5540.15,104.9720392,104.9881392,104.9797392,
5541.1002,104.9861,105.0022,104.9941,,,5541.1002,104.9716437,104.9877437,104.9796437,
5542.0504,104.9859,105.003,104.9943,,,5542.0504,104.9714482,104.9885482,104.9798482,
5542.9498,104.9861,105.0022,104.9941,,,5542.9498,104.9716525,104.9877525,104.9796525,
5543.8502,104.9862,105.0041,104.9945,,,5543.8502,104.9717568,104.9896568,104.9800568,
5544.7496,104.9854,105.0031,104.9942,,,5544.7496,104.970961,104.988661,104.979761,
5545.65,104.9853,105.0041,104.9944,,,5545.65,104.9708653,104.9896653,104.9799653,
5546.5504,104.9858,105.0041,104.9948,,,5546.5504,104.9713696,104.9896696,104.9803696,
5547.4498,104.9851,105.0039,104.9945,,,5547.4498,104.9706738,104.9894738,104.9800738,
5548.3502,104.9854,105.0038,104.9946,,,5548.3502,104.9709781,104.9893781,104.9801781,
5549.2496,104.9851,105.0046,104.9947,,,5549.2496,104.9706824,104.9901824,104.9802824,
5550.15,104.9849,105.0043,104.9942,,,5550.15,104.9704866,104.9898866,104.9797866,
5551.0504,104.9845,105.0055,104.9943,,,5551.0504,104.9700909,104.9910909,104.9798909,
5551.9498,104.9851,105.005,104.9945,,,5551.9498,104.9706952,104.9905952,104.9800952,
5552.9,104.9846,105.005,104.9945,,,5552.9,104.9701997,104.9905997,104.9800997,
5553.8502,104.9849,105.0051,104.9947,,,5553.8502,104.9705042,104.9907042,104.9803042,
5554.7496,104.9858,105.0061,104.9954,,,5554.7496,104.9714084,104.9917084,104.9810084,
5555.65,104.9847,105.007,104.9956,,,5555.65,104.9703127,104.9926127,104.9812127,
5556.5504,104.9855,105.0076,104.996,,,5556.5504,104.971117,104.993217,104.981617,
5557.4498,104.9867,105.0074,104.9966,,,5557.4498,104.9723212,104.9930212,104.9822212,
5558.3502,104.9862,105.0081,104.997,,,5558.3502,104.9718255,104.9937255,104.9826255,
5559.2496,104.9867,105.0088,104.9973,,,5559.2496,104.9723297,104.9944297,104.9829297,
5560.15,104.987,105.01,104.9975,,,5560.15,104.972634,104.995634,104.983134,
5561.0504,104.9871,105.0092,104.9978,,,5561.0504,104.9727383,104.9948383,104.9834383,
5561.9498,104.9871,105.0098,104.9981,,,5561.9498,104.9727425,104.9954425,104.9837425,
5562.8502,104.9875,105.0098,104.9983,,,5562.8502,104.9731468,104.9954468,104.9839468,
5563.7496,104.9874,105.0109,104.9986,,,5563.7496,104.9730511,104.9965511,104.9842511,
5564.65,104.9875,105.0111,104.999,,,5564.65,104.9731553,104.9967553,104.9846553,
5565.5504,104.9885,105.0112,104.9993,,,5565.5504,104.9741596,104.9968596,104.9849596,
5566.4498,104.9892,105.012,105.0001,,,5566.4498,104.9748639,104.9976639,104.9857639,
5567.4,104.9897,105.0128,105.0003,,,5567.4,104.9753684,104.9984684,104.9859684,
5568.2999,104.9906,105.0127,105.0012,,,5568.2999,104.9762726,104.9983726,104.9868726,
5569.15,104.9908,105.014,105.0019,,,5569.15,104.9764767,104.9996767,104.9875767,
5570.1002,104.9916,105.0147,105.0022,,,5570.1002,104.9772812,105.0003812,104.9878812,
5571.0001,104.9925,105.0151,105.0034,,,5571.0001,104.9781854,105.0007854,104.9890854,
5571.9,104.9922,105.0156,105.0033,,,5571.9,104.9778897,105.0012897,104.9889897,
5572.7999,104.9925,105.0159,105.0035,,,5572.7999,104.978194,105.001594,104.989194,
5573.6998,104.9935,105.0174,105.0044,,,5573.6998,104.9791982,105.0030982,104.9900982,
5574.65,104.9935,105.0183,105.0054,,,5574.65,104.9792027,105.0040027,104.9911027,
5575.5504,104.9941,105.0172,105.0053,,,5575.5504,104.979807,105.002907,104.991007,
5576.4498,104.9948,105.0187,105.0059,,,5576.4498,104.9805112,105.0044112,104.9916112,
5577.3502,104.9967,105.0201,105.0075,,,5577.3502,104.9824155,105.0058155,104.9932155,
5578.2496,104.9965,105.0202,105.0073,,,5578.2496,104.9822198,105.0059198,104.9930198,
5579.15,104.9961,105.0214,105.0079,,,5579.15,104.981824,105.007124,104.993624,
5580.0504,104.9994,105.0222,105.0096,,,5580.0504,104.9851283,105.0079283,104.9953283,
5580.9498,104.9978,105.0213,105.0086,,,5580.9498,104.9835326,105.0070326,104.9943326,
5581.8502,104.9983,105.0231,105.0097,,,5581.8502,104.9840368,105.0088368,104.9954368,
5582.7496,104.999,105.0237,105.0105,,,5582.7496,104.9847411,105.0094411,104.9962411,
5583.65,104.9988,105.0246,105.0103,,,5583.65,104.9845454,105.0103454,104.9960454,
5584.5504,105.0002,105.0246,105.0116,,,5584.5504,104.9859496,105.0103496,104.9973496,
5585.4498,105.0015,105.026,105.0124,,,5585.4498,104.9872539,105.0117539,104.9981539,
5586.3502,105.0022,105.0264,105.013,,,5586.3502,104.9879582,105.0121582,104.9987582,
5587.2496,105.0023,105.027,105.0134,,,5587.2496,104.9880624,105.0127624,104.9991624,
5588.15,105.0035,105.028,105.014,,,5588.15,104.9892667,105.0137667,104.9997667,
5589.0504,105.0033,105.028,105.0143,,,5589.0504,104.989071,105.013771,105.000071,
5589.9498,105.0051,105.0285,105.0159,,,5589.9498,104.9908752,105.0142752,105.0016752,
5590.8502,105.0046,105.0296,105.0154,,,5590.8502,104.9903795,105.0153795,105.0011795,
5591.7496,105.0057,105.0299,105.0159,,,5591.7496,104.9914837,105.0156837,105.0016837,
5592.65,105.0065,105.0303,105.0166,,,5592.65,104.992288,105.016088,105.002388,
5593.5504,105.0073,105.0312,105.0174,,,5593.5504,104.9930923,105.0169923,105.0031923,
5594.4498,105.0081,105.0312,105.0183,,,5594.4498,104.9938965,105.0169965,105.0040965,
5595.3502,105.0094,105.0325,105.0197,,,5595.3502,104.9952008,105.0183008,105.0055008,
5596.2496,105.0098,105.0325,105.0197,,,5596.2496,104.9956051,105.0183051,105.0055051,
5597.15,105.0116,105.0343,105.0212,,,5597.15,104.9974093,105.0201093,105.0070093,
5598.0504,105.0112,105.0342,105.0211,,,5598.0504,104.9970136,105.0200136,105.0069136,
5598.9498,105.0117,105.035,105.0217,,,5598.9498,104.9975179,105.0208179,105.0075179,
5599.8502,105.0128,105.0362,105.0225,,,5599.8502,104.9986221,105.0220221,105.0083221,
5600.7496,105.0131,105.0371,105.0228,,,5600.7496,104.9989264,105.0229264,105.0086264,
5601.65,105.0133,105.0373,105.0232,,,5601.65,104.9991307,105.0231307,105.0090307,
5602.5504,105.0137,105.0382,105.0238,,,5602.5504,104.9995349,105.0240349,105.0096349,
5603.4498,105.0147,105.0379,105.0249,,,5603.4498,105.0005392,105.0237392,105.0107392,
5604.3502,105.0155,105.0383,105.0253,,,5604.3502,105.0013435,105.0241435,105.0111435,
5605.2496,105.0162,105.0394,105.0258,,,5605.2496,105.0020477,105.0252477,105.0116477,
5606.15,105.0168,105.0395,105.0268,,,5606.15,105.002652,105.025352,105.012652,
5607.0504,105.0175,105.0403,105.0273,,,5607.0504,105.0033563,105.0261563,105.0131563,
5607.9498,105.0175,105.041,105.0279,,,5607.9498,105.0033605,105.0268605,105.0137605,
5608.8502,105.018,105.0424,105.0289,,,5608.8502,105.0038648,105.0282648,105.0147648,
5609.7496,105.019,105.0418,105.0292,,,5609.7496,105.004869,105.027669,105.015069,
5610.65,105.0195,105.0429,105.0301,,,5610.65,105.0053733,105.0287733,105.0159733,
5611.5504,105.0202,105.0436,105.0307,,,5611.5504,105.0060776,105.0294776,105.0165776,
5612.4498,105.0206,105.0438,105.0313,,,5612.4498,105.0064818,105.0296818,105.0171818,
5613.3502,105.0215,105.044,105.0318,,,5613.3502,105.0073861,105.0298861,105.0176861,
5614.2496,105.0221,105.045,105.0323,,,5614.2496,105.0079904,105.0308904,105.0181904,
5615.15,105.0225,105.0456,105.0329,,,5615.15,105.0083946,105.0314946,105.0187946,
5616.0504,105.0234,105.0461,105.0337,,,5616.0504,105.0092989,105.0319989,105.0195989,
5616.9498,105.0241,105.0472,105.0344,,,5616.9498,105.0100032,105.0331032,105.0203032,
5617.8502,105.0245,105.0473,105.0349,,,5617.8502,105.0104074,105.0332074,105.0208074,
5618.7496,105.0253,105.0481,105.0356,,,5618.7496,105.0112117,105.0340117,105.0215117,
5619.65,105.0257,105.0485,105.0364,,,5619.65,105.011616,105.034416,105.022316,
5620.5504,105.0268,105.0487,105.0371,,,5620.5504,105.0127202,105.0346202,105.0230202,
5621.4498,105.0272,105.0495,105.0378,,,5621.4498,105.0131245,105.0354245,105.0237245,
5622.3502,105.0289,105.0519,105.0394,,,5622.3502,105.0148287,105.0378287,105.0253287,
5623.2496,105.0295,105.0515,105.0396,,,5623.2496,105.015433,105.037433,105.025533,
5624.15,105.03,105.0518,105.0401,,,5624.15,105.0159373,105.0377373,105.0260373,
5625.0504,105.0308,105.0528,105.0409,,,5625.0504,105.0167415,105.0387415,105.0268415,
5625.9498,105.0317,105.0535,105.0413,,,5625.9498,105.0176458,105.0394458,105.0272458,
5626.8502,105.0309,105.0528,105.0412,,,5626.8502,105.0168501,105.0387501,105.0271501,
5627.7496,105.0322,105.0526,105.0418,,,5627.7496,105.0181543,105.0385543,105.0277543,
5628.65,105.033,105.0543,105.0428,,,5628.65,105.0189586,105.0402586,105.0287586,
5629.5504,105.0334,105.0539,105.0429,,,5629.5504,105.0193629,105.0398629,105.0288629,
5630.4498,105.0339,105.055,105.0438,,,5630.4498,105.0198671,105.0409671,105.0297671,
5631.3502,105.0348,105.0551,105.0444,,,5631.3502,105.0207714,105.0410714,105.0303714,
5632.2496,105.0352,105.0555,105.0445,,,5632.2496,105.0211757,105.0414757,105.0304757,
5633.15,105.036,105.0563,105.0452,,,5633.15,105.0219799,105.0422799,105.0311799,
5634.0504,105.0371,105.0566,105.046,,,5634.0504,105.0230842,105.0425842,105.0319842,
5634.9498,105.0378,105.0575,105.047,,,5634.9498,105.0237885,105.0434885,105.0329885,
5635.8502,105.0379,105.0566,105.0469,,,5635.8502,105.0238927,105.0425927,105.0328927,
5636.7496,105.0386,105.0578,105.0473,,,5636.7496,105.024597,105.043797,105.033297,
5637.65,105.0391,105.0578,105.048,,,5637.65,105.0251012,105.0438012,105.0340012,
5638.5504,105.0401,105.0587,105.0484,,,5638.5504,105.0261055,105.0447055,105.0344055,
5639.4498,105.0409,105.0594,105.0494,,,5639.4498,105.0269098,105.0454098,105.0354098,
5640.3502,105.0415,105.0597,105.0498,,,5640.3502,105.027514,105.045714,105.035814,
5641.2496,105.042,105.0602,105.0499,,,5641.2496,105.0280183,105.0462183,105.0359183,
5642.15,105.0425,105.06,105.0504,,,5642.15,105.0285226,105.0460226,105.0364226,
5643.0504,105.0433,105.0605,105.0509,,,5643.0504,105.0293268,105.0465268,105.0369268,
5643.9498,105.0442,105.061,105.0519,,,5643.9498,105.0302311,105.0470311,105.0379311,
5644.8502,105.0444,105.0613,105.0522,,,5644.8502,105.0304354,105.0473354,105.0382354,
5645.7496,105.0449,105.0618,105.0526,,,5645.7496,105.0309396,105.0478396,105.0386396,
5646.65,105.0454,105.0624,105.0532,,,5646.65,105.0314439,105.0484439,105.0392439,
5647.5504,105.0453,105.0629,105.053,,,5647.5504,105.0313482,105.0489482,105.0390482,
5648.4498,105.0459,105.0634,105.0538,,,5648.4498,105.0319524,105.0494524,105.0398524,
5649.3502,105.0465,105.064,105.0548,,,5649.3502,105.0325567,105.0500567,105.0408567,
5650.2496,105.0472,105.064,105.055,,,5650.2496,105.033261,105.050061,105.041061,
5651.15,105.0475,105.0649,105.0555,,,5651.15,105.0335652,105.0509652,105.0415652,
5652.0504,105.0481,105.0655,105.0559,,,5652.0504,105.0341695,105.0515695,105.0419695,
5652.9498,105.0485,105.0657,105.0561,,,5652.9498,105.0345737,105.0517737,105.0421737,
5653.8502,105.0491,105.0665,105.0566,,,5653.8502,105.035178,105.052578,105.042678,
5654.7496,105.0485,105.0664,105.0566,,,5654.7496,105.0345823,105.0524823,105.0426823,
5655.65,105.0491,105.0667,105.0569,,,5655.65,105.0351865,105.0527865,105.0429865,
5656.5504,105.0495,105.0676,105.0573,,,5656.5504,105.0355908,105.0536908,105.0433908,
5657.4498,105.0496,105.0676,105.0576,,,5657.4498,105.0356951,105.0536951,105.0436951,
5658.3502,105.05,105.0682,105.0581,,,5658.3502,105.0360993,105.0542993,105.0441993,
5659.2496,105.0499,105.0683,105.0582,,,5659.2496,105.0360036,105.0544036,105.0443036,
5660.15,105.0503,105.0686,105.0583,,,5660.15,105.0364079,105.0547079,105.0444079,
5661.0504,105.0506,105.0688,105.0587,,,5661.0504,105.0367121,105.0549121,105.0448121,
5661.9498,105.0511,105.0698,105.0591,,,5661.9498,105.0372164,105.0559164,105.0452164,
5662.8502,105.0512,105.0696,105.0597,,,5662.8502,105.0373207,105.0557207,105.0458207,
5663.7496,105.0518,105.0699,105.06,,,5663.7496,105.0379249,105.0560249,105.0461249,
5664.65,105.0523,105.0702,105.0601,,,5664.65,105.0384292,105.0563292,105.0462292,
5665.5504,105.0526,105.0711,105.0608,,,5665.5504,105.0387335,105.0572335,105.0469335,
5666.4498,105.0534,105.0714,105.0613,,,5666.4498,105.0395377,105.0575377,105.0474377,
5667.3502,105.0528,105.0712,105.0615,,,5667.3502,105.038942,105.057342,105.047642,
5668.2496,105.053,105.0718,105.0616,,,5668.2496,105.0391462,105.0579462,105.0477462,
5669.15,105.0526,105.0715,105.0614,,,5669.15,105.0387505,105.0576505,105.0475505,
5670.0504,105.0526,105.0726,105.0616,,,5670.0504,105.0387548,105.0587548,105.0477548,
5670.9498,105.0523,105.0726,105.0613,,,5670.9498,105.038459,105.058759,105.047459,
5671.8502,105.0527,105.0726,105.0614,,,5671.8502,105.0388633,105.0587633,105.0475633,
5672.7496,105.0528,105.0726,105.0615,,,5672.7496,105.0389676,105.0587676,105.0476676,
5673.65,105.0526,105.072,105.0616,,,5673.65,105.0387718,105.0581718,105.0477718,
5674.5504,105.0523,105.073,105.0619,,,5674.5504,105.0384761,105.0591761,105.0480761,
5675.4498,105.0522,105.0735,105.0622,,,5675.4498,105.0383804,105.0596804,105.0483804,
5676.3502,105.053,105.0733,105.0624,,,5676.3502,105.0391846,105.0594846,105.0485846,
5677.2496,105.0535,105.0742,105.0629,,,5677.2496,105.0396889,105.0603889,105.0490889,
5678.15,105.0532,105.0745,105.0627,,,5678.15,105.0393932,105.0606932,105.0488932,
5679.0504,105.053,105.0742,105.0626,,,5679.0504,105.0391974,105.0603974,105.0487974,
5679.9498,105.0535,105.0739,105.0626,,,5679.9498,105.0397017,105.0601017,105.0488017,
5680.8502,105.0528,105.0749,105.0627,,,5680.8502,105.039006,105.061106,105.048906,
5681.7496,105.0532,105.0749,105.0632,,,5681.7496,105.0394102,105.0611102,105.0494102,
5682.65,105.0534,105.075,105.0632,,,5682.65,105.0396145,105.0612145,105.0494145,
5683.5504,105.0534,105.0747,105.0632,,,5683.5504,105.0396187,105.0609187,105.0494187,
5684.4498,105.0534,105.0749,105.063,,,5684.4498,105.039623,105.061123,105.049223,
5685.3502,105.0539,105.0753,105.0635,,,5685.3502,105.0401273,105.0615273,105.0497273,
5686.2496,105.0536,105.0757,105.0636,,,5686.2496,105.0398315,105.0619315,105.0498315,
5687.15,105.0539,105.0757,105.0637,,,5687.15,105.0401358,105.0619358,105.0499358,
5688.0504,105.0545,105.0763,105.0638,,,5688.0504,105.0407401,105.0625401,105.0500401,
5688.9498,105.054,105.0759,105.0638,,,5688.9498,105.0402443,105.0621443,105.0500443,
5689.8502,105.054,105.0768,105.0644,,,5689.8502,105.0402486,105.0630486,105.0506486,
5690.7999,105.0543,105.0769,105.0646,,,5690.7999,105.0405531,105.0631531,105.0508531,
5691.6998,105.055,105.077,105.0651,,,5691.6998,105.0412574,105.0632574,105.0513574,
5692.5504,105.0553,105.0776,105.0654,,,5692.5504,105.0415614,105.0638614,105.0516614,
5693.4498,105.0557,105.078,105.0655,,,5693.4498,105.0419657,105.0642657,105.0517657,
5694.4,105.0555,105.0788,105.0659,,,5694.4,105.0417702,105.0650702,105.0521702,
5695.3502,105.0558,105.0786,105.0663,,,5695.3502,105.0420747,105.0648747,105.0525747,
5696.2496,105.0561,105.079,105.0668,,,5696.2496,105.0423789,105.0652789,105.0530789,
5697.15,105.0567,105.0796,105.0673,,,5697.15,105.0429832,105.0658832,105.0535832,
5698.0001,105.0571,105.0806,105.0678,,,5698.0001,105.0433872,105.0668872,105.0540872,
5698.9,105.0578,105.0816,105.0688,,,5698.9,105.0440915,105.0678915,105.0550915,
5699.7999,105.0592,105.0815,105.0691,,,5699.7999,105.0454957,105.0677957,105.0553957,
5700.6998,105.0593,105.0828,105.0696,,,5700.6998,105.0456,105.0691,105.0559,
5701.6002,105.0598,105.0833,105.0704,,,5701.6002,105.0461043,105.0696043,105.0567043,
5702.5001,105.0606,105.0845,105.0715,,,5702.5001,105.0469085,105.0708085,105.0578085,
5703.4,105.0621,105.086,105.0727,,,5703.4,105.0484128,105.0723128,105.0590128,
5704.2999,105.063,105.0864,105.0737,,,5704.2999,105.0493171,105.0727171,105.0600171,
5705.1998,105.0636,105.0866,105.0742,,,5705.1998,105.0499213,105.0729213,105.0605213,
5706.0504,105.0647,105.0876,105.0751,,,5706.0504,105.0510254,105.0739254,105.0614254,
5707.0001,105.0653,105.0886,105.076,,,5707.0001,105.0516299,105.0749299,105.0623299,
5707.9498,105.0668,105.0903,105.0772,,,5707.9498,105.0531344,105.0766344,105.0635344,
5708.8502,105.0679,105.0913,105.078,,,5708.8502,105.0542386,105.0776386,105.0643386,
5709.7496,105.0683,105.0922,105.0789,,,5709.7496,105.0546429,105.0785429,105.0652429,
5710.65,105.0691,105.0922,105.0797,,,5710.65,105.0554472,105.0785472,105.0660472,
5711.5504,105.0704,105.0939,105.0803,,,5711.5504,105.0567514,105.0802514,105.0666514,
5712.4498,105.0704,105.0939,105.0809,,,5712.4498,105.0567557,105.0802557,105.0672557,
5713.3502,105.0704,105.0946,105.0813,,,5713.3502,105.05676,105.08096,105.06766,
5714.2496,105.0712,105.0949,105.0818,,,5714.2496,105.0575642,105.0812642,105.0681642,
5715.15,105.0722,105.096,105.0828,,,5715.15,105.0585685,105.0823685,105.0691685,
5716.0504,105.073,105.0964,105.0829,,,5716.0504,105.0593727,105.0827727,105.0692727,
5716.9498,105.0723,105.0954,105.0834,,,5716.9498,105.058677,105.081777,105.069777,
5717.8502,105.0722,105.0964,105.0838,,,5717.8502,105.0585813,105.0827813,105.0701813,
5718.7496,105.0731,105.097,105.0842,,,5718.7496,105.0594855,105.0833855,105.0705855,
5719.65,105.0716,105.0977,105.0843,,,5719.65,105.0579898,105.0840898,105.0706898,
5720.5504,105.0733,105.0986,105.0843,,,5720.5504,105.0596941,105.0849941,105.0706941,
5721.4498,105.0735,105.0993,105.0842,,,5721.4498,105.0598983,105.0856983,105.0705983,
5722.3502,105.0735,105.0985,105.0843,,,5722.3502,105.0599026,105.0849026,105.0707026,
5723.2496,105.073,105.0982,105.0842,,,5723.2496,105.0594069,105.0846069,105.0706069,
5724.15,105.0731,105.0989,105.0841,,,5724.15,105.0595111,105.0853111,105.0705111,
5725.1002,105.0735,105.0988,105.0843,,,5725.1002,105.0599156,105.0852156,105.0707156,
5726.0504,105.0734,105.0982,105.0839,,,5726.0504,105.0598201,105.0846201,105.0703201,
5726.9498,105.0722,105.0973,105.083,,,5726.9498,105.0586244,105.0837244,105.0694244,
5727.8502,105.0724,105.0972,105.0828,,,5727.8502,105.0588287,105.0836287,105.0692287,
5728.7496,105.0718,105.0954,105.0817,,,5728.7496,105.0582329,105.0818329,105.0681329,
5729.65,105.071,105.0956,105.0812,,,5729.65,105.0574372,105.0820372,105.0676372,
5730.5504,105.0704,105.0943,105.0808,,,5730.5504,105.0568415,105.0807415,105.0672415,
5731.4498,105.0702,105.095,105.0801,,,5731.4498,105.0566457,105.0814457,105.0665457,
5732.3502,105.0695,105.0939,105.0793,,,5732.3502,105.05595,105.08035,105.06575,
5733.2496,105.0683,105.0931,105.0784,,,5733.2496,105.0547542,105.0795542,105.0648542,
5734.1998,105.0677,105.0921,105.0776,,,5734.1998,105.0541588,105.0785588,105.0640588,
5735.1002,105.0672,105.0915,105.0776,,,5735.1002,105.053663,105.077963,105.064063,
5736.0001,105.0664,105.0909,105.0766,,,5736.0001,105.0528673,105.0773673,105.0630673,
5736.9498,105.0657,105.0894,105.0755,,,5736.9498,105.0521718,105.0758718,105.0619718,
5737.8502,105.0651,105.0888,105.0748,,,5737.8502,105.051576,105.075276,105.061276,
5738.7496,105.064,105.0891,105.0741,,,5738.7496,105.0504803,105.0755803,105.0605803,
5739.65,105.063,105.0875,105.0733,,,5739.65,105.0494846,105.0739846,105.0597846,
5740.5504,105.0629,105.0872,105.0728,,,5740.5504,105.0493888,105.0736888,105.0592888,
5741.4498,105.0622,105.0856,105.072,,,5741.4498,105.0486931,105.0720931,105.0584931,
5742.3502,105.0613,105.0854,105.0713,,,5742.3502,105.0477974,105.0718974,105.0577974,
5743.2496,105.0612,105.0851,105.0708,,,5743.2496,105.0477016,105.0716016,105.0573016,
5744.15,105.0605,105.0855,105.0705,,,5744.15,105.0470059,105.0720059,105.0570059,
5745.0504,105.0602,105.084,105.07,,,5745.0504,105.0467102,105.0705102,105.0565102,
5745.9498,105.0597,105.0839,105.0695,,,5745.9498,105.0462144,105.0704144,105.0560144,
5746.8502,105.0594,105.0836,105.0691,,,5746.8502,105.0459187,105.0701187,105.0556187,
5747.7496,105.0589,105.0835,105.0688,,,5747.7496,105.045423,105.070023,105.055323,
5748.65,105.0575,105.0824,105.0677,,,5748.65,105.0440272,105.0689272,105.0542272,
5749.5504,105.0574,105.0821,105.0676,,,5749.5504,105.0439315,105.0686315,105.0541315,
5750.4498,105.0563,105.0819,105.0661,,,5750.4498,105.0428358,105.0684358,105.0526358,
5751.3502,105.0561,105.0802,105.0664,,,5751.3502,105.04264,105.06674,105.05294,
5752.2496,105.0561,105.081,105.0665,,,5752.2496,105.0426443,105.0675443,105.0530443,
5753.15,105.0555,105.0804,105.0662,,,5753.15,105.0420485,105.0669485,105.0527485,
5754.0504,105.0557,105.0794,105.0658,,,5754.0504,105.0422528,105.0659528,105.0523528,
5754.9498,105.0555,105.0793,105.0655,,,5754.9498,105.0420571,105.0658571,105.0520571,
5755.8502,105.055,105.0789,105.0652,,,5755.8502,105.0415613,105.0654613,105.0517613,
5756.7496,105.0548,105.0797,105.0651,,,5756.7496,105.0413656,105.0662656,105.0516656,
5757.65,105.0546,105.079,105.065,,,5757.65,105.0411699,105.0655699,105.0515699,
5758.5504,105.0546,105.079,105.0651,,,5758.5504,105.0411741,105.0655741,105.0516741,
5759.4498,105.0542,105.0786,105.0646,,,5759.4498,105.0407784,105.0651784,105.0511784,
5760.3502,105.0536,105.0789,105.0646,,,5760.3502,105.0401827,105.0654827,105.0511827,
5761.2496,105.0538,105.0792,105.0645,,,5761.2496,105.0403869,105.0657869,105.0510869,
5762.15,105.0536,105.0788,105.0644,,,5762.15,105.0401912,105.0653912,105.0509912,
5763.0504,105.0538,105.0784,105.0643,,,5763.0504,105.0403955,105.0649955,105.0508955,
5763.9498,105.0527,105.0782,105.0639,,,5763.9498,105.0392997,105.0647997,105.0504997,
5764.8502,105.0528,105.0782,105.0638,,,5764.8502,105.039404,105.064804,105.050404,
5765.7496,105.053,105.0777,105.0641,,,5765.7496,105.0396082,105.0643082,105.0507082,
5766.65,105.053,105.0778,105.0639,,,5766.65,105.0396125,105.0644125,105.0505125,
5767.5504,105.0532,105.0781,105.064,,,5767.5504,105.0398168,105.0647168,105.0506168,
5768.4498,105.0535,105.078,105.064,,,5768.4498,105.040121,105.064621,105.050621,
5769.3502,105.0531,105.0778,105.064,,,5769.3502,105.0397253,105.0644253,105.0506253,
5770.2496,105.0534,105.0781,105.064,,,5770.2496,105.0400296,105.0647296,105.0506296,
5771.15,105.0532,105.0778,105.064,,,5771.15,105.0398338,105.0644338,105.0506338,
5772.0504,105.0534,105.078,105.0641,,,5772.0504,105.0400381,105.0646381,105.0507381,
5772.9498,105.0538,105.0784,105.0643,,,5772.9498,105.0404424,105.0650424,105.0509424,
5773.8502,105.0539,105.079,105.0646,,,5773.8502,105.0405466,105.0656466,105.0512466,
5774.6998,105.054,105.0793,105.0647,,,5774.6998,105.0406507,105.0659507,105.0513507,
5775.6002,105.0539,105.0788,105.0642,,,5775.6002,105.0405549,105.0654549,105.0508549,
5776.5504,105.0542,105.0797,105.0651,,,5776.5504,105.0408594,105.0663594,105.0517594,
5777.4498,105.0535,105.0798,105.0643,,,5777.4498,105.0401637,105.0664637,105.0509637,
5778.3502,105.0542,105.0789,105.0644,,,5778.3502,105.040868,105.065568,105.051068,
5779.2496,105.054,105.079,105.0651,,,5779.2496,105.0406722,105.0656722,105.0517722,
5780.15,105.0545,105.0796,105.065,,,5780.15,105.0411765,105.0662765,105.0516765,
5781.0504,105.0538,105.0793,105.0646,,,5781.0504,105.0404808,105.0659808,105.0512808,
5781.9498,105.0542,105.0793,105.0649,,,5781.9498,105.040885,105.065985,105.051585,
5782.8502,105.0543,105.0796,105.0647,,,5782.8502,105.0409893,105.0662893,105.0513893,
5783.7496,105.0547,105.079,105.0652,,,5783.7496,105.0413935,105.0656935,105.0518935,
5784.65,105.0547,105.0782,105.0647,,,5784.65,105.0413978,105.0648978,105.0513978,
5785.5504,105.0536,105.0797,105.0644,,,5785.5504,105.0403021,105.0664021,105.0511021,
5786.4498,105.0531,105.0796,105.0641,,,5786.4498,105.0398063,105.0663063,105.0508063,
5787.3502,105.0534,105.079,105.0639,,,5787.3502,105.0401106,105.0657106,105.0506106,
5788.2496,105.0534,105.0788,105.0638,,,5788.2496,105.0401149,105.0655149,105.0505149,
5789.15,105.0531,105.0786,105.0637,,,5789.15,105.0398191,105.0653191,105.0504191,
5790.0504,105.0531,105.0793,105.0638,,,5790.0504,105.0398234,105.0660234,105.0505234,
5790.9498,105.0527,105.0793,105.0639,,,5790.9498,105.0394277,105.0660277,105.0506277,
5791.8502,105.0534,105.0798,105.0642,,,5791.8502,105.0401319,105.0665319,105.0509319,
5792.7496,105.0528,105.0789,105.0638,,,5792.7496,105.0395362,105.0656362,105.0505362,
5793.65,105.0528,105.0792,105.0643,,,5793.65,105.0395405,105.0659405,105.0510405,
5794.5504,105.0534,105.08,105.0646,,,5794.5504,105.0401447,105.0667447,105.0513447,
5795.4498,105.0531,105.0805,105.0645,,,5795.4498,105.039849,105.067249,105.051249,
5796.3502,105.0536,105.0808,105.0647,,,5796.3502,105.0403533,105.0675533,105.0514533,
5797.2496,105.0536,105.0808,105.0645,,,5797.2496,105.0403575,105.0675575,105.0512575,
5798.15,105.053,105.0808,105.0645,,,5798.15,105.0397618,105.0675618,105.0512618,
5799.0504,105.053,105.081,105.0643,,,5799.0504,105.039766,105.067766,105.051066,
5799.9498,105.0528,105.0806,105.0642,,,5799.9498,105.0395703,105.0673703,105.0509703,
5800.8502,105.053,105.08,105.0639,,,5800.8502,105.0397746,105.0667746,105.0506746,
5801.7496,105.0527,105.0794,105.0641,,,5801.7496,105.0394788,105.0661788,105.0508788,
5802.65,105.0527,105.08,105.0641,,,5802.65,105.0394831,105.0667831,105.0508831,
5803.5504,105.0528,105.0813,105.0641,,,5803.5504,105.0395874,105.0680874,105.0508874,
5804.4498,105.0524,105.0808,105.064,,,5804.4498,105.0391916,105.0675916,105.0507916,
5805.3502,105.0526,105.0815,105.0639,,,5805.3502,105.0393959,105.0682959,105.0506959,
5806.2496,105.0531,105.0809,105.0642,,,5806.2496,105.0399002,105.0677002,105.0510002,
5807.15,105.0524,105.0812,105.064,,,5807.15,105.0392044,105.0680044,105.0508044,
5808.0504,105.0527,105.0812,105.0647,,,5808.0504,105.0395087,105.0680087,105.0515087,
5808.9498,105.0523,105.0802,105.0639,,,5808.9498,105.039113,105.067013,105.050713,
5809.8502,105.0527,105.0805,105.0646,,,5809.8502,105.0395172,105.0673172,105.0514172,
5810.7496,105.0528,105.08,105.064,,,5810.7496,105.0396215,105.0668215,105.0508215,
5811.65,105.0534,105.0817,105.0649,,,5811.65,105.0402257,105.0685257,105.0517257,
5812.5504,105.0523,105.0808,105.0638,,,5812.5504,105.03913,105.06763,105.05063,
5813.4498,105.0523,105.0809,105.0639,,,5813.4498,105.0391343,105.0677343,105.0507343,
5814.3502,105.052,105.0809,105.0634,,,5814.3502,105.0388385,105.0677385,105.0502385,
5815.2496,105.0519,105.0815,105.0639,,,5815.2496,105.0387428,105.0683428,105.0507428,
5816.15,105.0522,105.0809,105.0641,,,5816.15,105.0390471,105.0677471,105.0509471,
5817.0504,105.0516,105.0823,105.0637,,,5817.0504,105.0384513,105.0691513,105.0505513,
5817.9498,105.0512,105.0821,105.0637,,,5817.9498,105.0380556,105.0689556,105.0505556,
5818.8502,105.0515,105.0825,105.0638,,,5818.8502,105.0383599,105.0693599,105.0506599,
5819.7496,105.0508,105.0832,105.0637,,,5819.7496,105.0376641,105.0700641,105.0505641,
5820.65,105.0512,105.082,105.0636,,,5820.65,105.0380684,105.0688684,105.0504684,
5821.5504,105.0508,105.082,105.0635,,,5821.5504,105.0376727,105.0688727,105.0503727,
5822.4498,105.0516,105.0833,105.0639,,,5822.4498,105.0384769,105.0701769,105.0507769,
5823.3502,105.0514,105.0841,105.0641,,,5823.3502,105.0382812,105.0709812,105.0509812,
5824.2496,105.0516,105.0844,105.0644,,,5824.2496,105.0384855,105.0712855,105.0512855,
5825.15,105.051,105.0848,105.0643,,,5825.15,105.0378897,105.0716897,105.0511897,
5826.0504,105.0507,105.0848,105.0644,,,5826.0504,105.037594,105.071694,105.051294,
5826.9498,105.0506,105.0844,105.0642,,,5826.9498,105.0374982,105.0712982,105.0510982,
5827.8502,105.0508,105.0849,105.0641,,,5827.8502,105.0377025,105.0718025,105.0510025,
5828.7496,105.0496,105.0848,105.0635,,,5828.7496,105.0365068,105.0717068,105.0504068,
5829.65,105.0497,105.0854,105.0636,,,5829.65,105.036611,105.072311,105.050511,
5830.5504,105.0493,105.084,105.0631,,,5830.5504,105.0362153,105.0709153,105.0500153,
5831.4498,105.0488,105.0835,105.0628,,,5831.4498,105.0357196,105.0704196,105.0497196,
5832.3502,105.0489,105.0844,105.0628,,,5832.3502,105.0358238,105.0713238,105.0497238,
5833.2496,105.0488,105.0844,105.0626,,,5833.2496,105.0357281,105.0713281,105.0495281,
5834.15,105.0485,105.0863,105.0626,,,5834.15,105.0354324,105.0732324,105.0495324,
5835.0504,105.0488,105.0844,105.0634,,,5835.0504,105.0357366,105.0713366,105.0503366,
5835.9498,105.0481,105.0857,105.0627,,,5835.9498,105.0350409,105.0726409,105.0496409,
5836.8502,105.048,105.0849,105.0624,,,5836.8502,105.0349452,105.0718452,105.0493452,
5837.7496,105.0479,105.0852,105.0623,,,5837.7496,105.0348494,105.0721494,105.0492494,
5838.65,105.0481,105.0844,105.0625,,,5838.65,105.0350537,105.0713537,105.0494537,
5839.5504,105.0477,105.0851,105.0622,,,5839.5504,105.034658,105.072058,105.049158,
5840.5001,105.0469,105.0854,105.0616,,,5840.5001,105.0338625,105.0723625,105.0485625,
5841.4498,105.0472,105.0848,105.0613,,,5841.4498,105.034167,105.071767,105.048267,
5842.3502,105.0471,105.0848,105.0618,,,5842.3502,105.0340712,105.0717712,105.0487712,
5843.2496,105.0461,105.0845,105.0612,,,5843.2496,105.0330755,105.0714755,105.0481755,
5844.15,105.0454,105.0845,105.061,,,5844.15,105.0323798,105.0714798,105.0479798,
5845.0504,105.0457,105.0837,105.0606,,,5845.0504,105.032684,105.070684,105.047584,
5845.9498,105.045,105.0851,105.0603,,,5845.9498,105.0319883,105.0720883,105.0472883,
5846.8502,105.0448,105.0851,105.0604,,,5846.8502,105.0317925,105.0720925,105.0473925,
5847.7496,105.045,105.0847,105.0605,,,5847.7496,105.0319968,105.0716968,105.0474968,
5848.65,105.0437,105.0844,105.0599,,,5848.65,105.0307011,105.0714011,105.0469011,
5849.5504,105.0438,105.0845,105.0601,,,5849.5504,105.0308053,105.0715053,105.0471053,
5850.4498,105.0441,105.0844,105.0601,,,5850.4498,105.0311096,105.0714096,105.0471096,
5851.3502,105.0441,105.0855,105.0599,,,5851.3502,105.0311139,105.0725139,105.0469139,
5852.2496,105.044,105.0856,105.0602,,,5852.2496,105.0310181,105.0726181,105.0472181,
5853.15,105.044,105.0862,105.0602,,,5853.15,105.0310224,105.0732224,105.0472224,
5854.0504,105.0422,105.0852,105.0592,,,5854.0504,105.0292267,105.0722267,105.0462267,
5854.9498,105.0418,105.0839,105.0586,,,5854.9498,105.0288309,105.0709309,105.0456309,
5855.8502,105.0411,105.0841,105.0582,,,5855.8502,105.0281352,105.0711352,105.0452352,
5856.7496,105.0405,105.0841,105.0578,,,5856.7496,105.0275395,105.0711395,105.0448395,
5857.65,105.0399,105.0843,105.0573,,,5857.65,105.0269437,105.0713437,105.0443437,
5858.5504,105.0395,105.084,105.0572,,,5858.5504,105.026548,105.071048,105.044248,
5859.4498,105.0395,105.0847,105.0569,,,5859.4498,105.0265522,105.0717522,105.0439522,
5860.3502,105.0393,105.0848,105.0567,,,5860.3502,105.0263565,105.0718565,105.0437565,
5861.2496,105.0394,105.084,105.0564,,,5861.2496,105.0264608,105.0710608,105.0434608,
5862.15,105.0387,105.0841,105.0559,,,5862.15,105.025765,105.071165,105.042965,
5863.0504,105.0383,105.0837,105.0554,,,5863.0504,105.0253693,105.0707693,105.0424693,
5863.9498,105.0373,105.0835,105.0549,,,5863.9498,105.0243736,105.0705736,105.0419736,
5864.8502,105.0364,105.0824,105.0546,,,5864.8502,105.0234778,105.0694778,105.0416778,
5865.7496,105.0366,105.0829,105.0543,,,5865.7496,105.0236821,105.0699821,105.0413821,
5866.65,105.0359,105.0823,105.0539,,,5866.65,105.0229864,105.0693864,105.0409864,
5867.5504,105.0351,105.0827,105.0532,,,5867.5504,105.0221906,105.0697906,105.0402906,
5868.4498,105.0343,105.0833,105.0529,,,5868.4498,105.0213949,105.0703949,105.0399949,
5869.3502,105.0339,105.0823,105.0526,,,5869.3502,105.0209992,105.0693992,105.0396992,
5870.2496,105.0339,105.0819,105.0521,,,5870.2496,105.0210034,105.0690034,105.0392034,
5871.15,105.0336,105.0808,105.052,,,5871.15,105.0207077,105.0679077,105.0391077,
5872.0504,105.0319,105.0806,105.0514,,,5872.0504,105.019012,105.067712,105.038512,
5872.9498,105.0316,105.0798,105.051,,,5872.9498,105.0187162,105.0669162,105.0381162,
5873.8502,105.0311,105.0804,105.0506,,,5873.8502,105.0182205,105.0675205,105.0377205,
5874.7496,105.0315,105.0804,105.0502,,,5874.7496,105.0186247,105.0675247,105.0373247,
5875.65,105.0307,105.0808,105.05,,,5875.65,105.017829,105.067929,105.037129,
5876.5504,105.0296,105.0798,105.0496,,,5876.5504,105.0167333,105.0669333,105.0367333,
5877.4498,105.0289,105.0802,105.049,,,5877.4498,105.0160375,105.0673375,105.0361375,
5878.3502,105.0293,105.08,105.0488,,,5878.3502,105.0164418,105.0671418,105.0359418,
5879.2496,105.0287,105.0801,105.0484,,,5879.2496,105.0158461,105.0672461,105.0355461,
5880.15,105.028,105.08,105.0482,,,5880.15,105.0151503,105.0671503,105.0353503,
5881.0504,105.0283,105.0796,105.0481,,,5881.0504,105.0154546,105.0667546,105.0352546,
5881.9498,105.0277,105.0786,105.0474,,,5881.9498,105.0148589,105.0657589,105.0345589,
5882.8502,105.0264,105.0777,105.0469,,,5882.8502,105.0135631,105.0648631,105.0340631,
5883.7496,105.0252,105.0778,105.0465,,,5883.7496,105.0123674,105.0649674,105.0336674,
5884.65,105.0258,105.0776,105.0462,,,5884.65,105.0129717,105.0647717,105.0333717,
5885.5504,105.0252,105.0768,105.0458,,,5885.5504,105.0123759,105.0639759,105.0329759,
5886.4498,105.0254,105.0781,105.0459,,,5886.4498,105.0125802,105.0652802,105.0330802,
5887.3502,105.0239,105.0776,105.0454,,,5887.3502,105.0110845,105.0647845,105.0325845,
5888.2496,105.0226,105.0774,105.0448,,,5888.2496,105.0097887,105.0645887,105.0319887,
5889.15,105.0215,105.0768,105.0442,,,5889.15,105.008693,105.063993,105.031393,
5890.0504,105.0211,105.0782,105.0443,,,5890.0504,105.0082973,105.0653973,105.0314973,
5890.9498,105.0206,105.0784,105.0435,,,5890.9498,105.0078015,105.0656015,105.0307015,
5891.8502,105.0217,105.0788,105.0442,,,5891.8502,105.0089058,105.0660058,105.0314058,
5892.7496,105.0199,105.0778,105.0428,,,5892.7496,105.00711,105.06501,105.03001,
5893.65,105.0188,105.0761,105.042,,,5893.65,105.0060143,105.0633143,105.0292143,
5894.5504,105.018,105.0762,105.0416,,,5894.5504,105.0052186,105.0634186,105.0288186,
5895.4498,105.0174,105.0747,105.0411,,,5895.4498,105.0046228,105.0619228,105.0283228,
5896.3502,105.0175,105.0774,105.0409,,,5896.3502,105.0047271,105.0646271,105.0281271,
5897.2496,105.0172,105.0759,105.0409,,,5897.2496,105.0044314,105.0631314,105.0281314,
5898.15,105.0166,105.0766,105.0401,,,5898.15,105.0038356,105.0638356,105.0273356,
5899.0504,105.0156,105.0763,105.0397,,,5899.0504,105.0028399,105.0635399,105.0269399,
5899.9498,105.0154,105.0762,105.0394,,,5899.9498,105.0026442,105.0634442,105.0266442,
5900.9,105.0148,105.0759,105.039,,,5900.9,105.0020487,105.0631487,105.0262487,
5901.7999,105.0145,105.0751,105.0387,,,5901.7999,105.0017529,105.0623529,105.0259529,
5902.6998,105.0137,105.0758,105.0383,,,5902.6998,105.0009572,105.0630572,105.0255572,
5903.65,105.0132,105.0758,105.0377,,,5903.65,105.0004617,105.0630617,105.0249617,
5904.5504,105.0128,105.0754,105.0374,,,5904.5504,105.000066,105.062666,105.024666,
5905.4498,105.0113,105.0746,105.0369,,,5905.4498,104.9985702,105.0618702,105.0241702,
5906.3502,105.0108,105.0755,105.0361,,,5906.3502,104.9980745,105.0627745,105.0233745,
5907.2496,105.01,105.0766,105.0356,,,5907.2496,104.9972787,105.0638787,105.0228787,
5908.15,105.0098,105.0774,105.0359,,,5908.15,104.997083,105.064683,105.023183,
5909.0504,105.0081,105.0738,105.0342,,,5909.0504,104.9953873,105.0610873,105.0214873,
5909.9498,105.0078,105.0742,105.034,,,5909.9498,104.9950915,105.0614915,105.0212915,
5910.8502,105.0051,105.0738,105.0323,,,5910.8502,104.9923958,105.0610958,105.0195958,
5911.7496,105.0047,105.0738,105.0315,,,5911.7496,104.9920001,105.0611001,105.0188001,
5912.65,105.0033,105.072,105.0304,,,5912.65,104.9906043,105.0593043,105.0177043,
5913.5504,105.0015,105.0718,105.0289,,,5913.5504,104.9888086,105.0591086,105.0162086,
5914.4498,105.0004,105.072,105.0284,,,5914.4498,104.9877129,105.0593129,105.0157129,
5915.3502,104.9978,105.0715,105.0266,,,5915.3502,104.9851171,105.0588171,105.0139171,
5916.2496,104.9959,105.0695,105.0248,,,5916.2496,104.9832214,105.0568214,105.0121214,
5917.15,104.9943,105.0691,105.0235,,,5917.15,104.9816257,105.0564257,105.0108257,
5918.0504,104.9933,105.0679,105.0217,,,5918.0504,104.9806299,105.0552299,105.0090299,
5918.9498,104.9924,105.0663,105.0211,,,5918.9498,104.9797342,105.0536342,105.0084342,
5919.8502,104.9892,105.0657,105.0185,,,5919.8502,104.9765385,105.0530385,105.0058385,
5920.7496,104.985,105.063,105.0145,,,5920.7496,104.9723427,105.0503427,105.0018427,
5921.65,104.9819,105.0605,105.0112,,,5921.65,104.969247,105.047847,104.998547,
5922.5504,104.9792,105.0596,105.0082,,,5922.5504,104.9665513,105.0469513,104.9955513,
5923.4498,104.9742,105.0566,105.0049,,,5923.4498,104.9615555,105.0439555,104.9922555,
5924.3502,104.9722,105.0536,105.0016,,,5924.3502,104.9595598,105.0409598,104.9889598,
5925.2496,104.9679,105.0526,104.9988,,,5925.2496,104.955264,105.039964,104.986164,
5926.15,104.9638,105.0479,104.9953,,,5926.15,104.9511683,105.0352683,104.9826683,
5927.0504,104.9593,105.042,104.9908,,,5927.0504,104.9466726,105.0293726,104.9781726,
5927.9498,104.957,105.0385,104.9878,,,5927.9498,104.9443768,105.0258768,104.9751768,
5928.8502,104.9518,105.0352,104.9824,,,5928.8502,104.9391811,105.0225811,104.9697811,
5929.7496,104.9478,105.0319,104.9802,,,5929.7496,104.9351854,105.0192854,104.9675854,
5930.65,104.944,105.0284,104.9752,,,5930.65,104.9313896,105.0157896,104.9625896,
5931.5504,104.9416,105.0276,104.9721,,,5931.5504,104.9289939,105.0149939,104.9594939,
5932.4498,104.9404,105.0265,104.9706,,,5932.4498,104.9277982,105.0138982,104.9579982,
5933.3502,104.9385,105.025,104.969,,,5933.3502,104.9259024,105.0124024,104.9564024,
5934.2496,104.937,105.0191,104.9672,,,5934.2496,104.9244067,105.0065067,104.9546067,
5935.15,104.9362,105.0199,104.9664,,,5935.15,104.923611,105.007311,104.953811,
5936.0504,104.9361,105.0188,104.9658,,,5936.0504,104.9235152,105.0062152,104.9532152,
5936.9498,104.9361,105.0174,104.9656,,,5936.9498,104.9235195,105.0048195,104.9530195,
5937.8502,104.937,105.0178,104.9658,,,5937.8502,104.9244238,105.0052238,104.9532238,
5938.7496,104.9374,105.0187,104.9659,,,5938.7496,104.924828,105.006128,104.953328,
5939.65,104.9377,105.0163,104.9662,,,5939.65,104.9251323,105.0037323,104.9536323,
5940.5504,104.9374,105.0158,104.9661,,,5940.5504,104.9248365,105.0032365,104.9535365,
5941.4498,104.939,105.0144,104.9662,,,5941.4498,104.9264408,105.0018408,104.9536408,
5942.3502,104.9386,105.0137,104.9664,,,5942.3502,104.9260451,105.0011451,104.9538451,
5943.2496,104.9396,105.0139,104.9664,,,5943.2496,104.9270493,105.0013493,104.9538493,
5944.15,104.9397,105.0111,104.9661,,,5944.15,104.9271536,104.9985536,104.9535536,
5945.0504,104.9404,105.0094,104.9659,,,5945.0504,104.9278579,104.9968579,104.9533579,
5945.9498,104.9393,105.0086,104.9654,,,5945.9498,104.9267621,104.9960621,104.9528621,
5946.8502,104.9393,105.0093,104.965,,,5946.8502,104.9267664,104.9967664,104.9524664,
5947.7496,104.9392,105.0064,104.9644,,,5947.7496,104.9266707,104.9938707,104.9518707,
5948.6998,104.9393,105.0047,104.9638,,,5948.6998,104.9267752,104.9921752,104.9512752,
5949.65,104.9389,105.0051,104.9631,,,5949.65,104.9263797,104.9925797,104.9505797,
5950.5504,104.9392,105.001,104.9624,,,5950.5504,104.9266839,104.9884839,104.9498839,
5951.4498,104.9378,104.9992,104.9613,,,5951.4498,104.9252882,104.9866882,104.9487882,
5952.2999,104.9378,104.9975,104.9606,,,5952.2999,104.9252922,104.9849922,104.9480922,
5953.1998,104.9366,104.9963,104.9596,,,5953.1998,104.9240965,104.9837965,104.9470965,
5954.15,104.9361,104.9951,104.9584,,,5954.15,104.923601,104.982601,104.945901,
5955.0504,104.9352,104.9928,104.9572,,,5955.0504,104.9227053,104.9803053,104.9447053,
5955.9498,104.9345,104.9906,104.9561,,,5955.9498,104.9220095,104.9781095,104.9436095,
5956.8502,104.9335,104.9886,104.9548,,,5956.8502,104.9210138,104.9761138,104.9423138,
5957.7496,104.9323,104.9866,104.9537,,,5957.7496,104.919818,104.974118,104.941218,
5958.6002,104.9309,104.985,104.9522,,,5958.6002,104.9184221,104.9725221,104.9397221,
5959.5001,104.9307,104.9839,104.9515,,,5959.5001,104.9182263,104.9714263,104.9390263,
5960.4498,104.93,104.9814,104.9506,,,5960.4498,104.9175308,104.9689308,104.9381308,
5961.3502,104.9296,104.9812,104.9498,,,5961.3502,104.9171351,104.9687351,104.9373351,
5962.2496,104.929,104.9803,104.949,,,5962.2496,104.9165394,104.9678394,104.9365394,
5963.15,104.9287,104.9792,104.9485,,,5963.15,104.9162436,104.9667436,104.9360436,
5964.0504,104.9286,104.9775,104.9482,,,5964.0504,104.9161479,104.9650479,104.9357479,
5964.9498,104.9282,104.9771,104.9481,,,5964.9498,104.9157522,104.9646522,104.9356522,
5965.8502,104.928,104.9767,104.9482,,,5965.8502,104.9155564,104.9642564,104.9357564,
5966.7496,104.9287,104.978,104.9484,,,5966.7496,104.9162607,104.9655607,104.9359607,
5967.65,104.9288,104.9781,104.9489,,,5967.65,104.916365,104.965665,104.936465,
5968.5504,104.93,104.978,104.9497,,,5968.5504,104.9175692,104.9655692,104.9372692,
5969.4498,104.9311,104.9793,104.9505,,,5969.4498,104.9186735,104.9668735,104.9380735,
5970.3502,104.9322,104.9796,104.9516,,,5970.3502,104.9197778,104.9671778,104.9391778,
5971.2496,104.9335,104.9814,104.9528,,,5971.2496,104.921082,104.968982,104.940382,
5972.15,104.935,104.9819,104.9543,,,5972.15,104.9225863,104.9694863,104.9418863,
5973.0504,104.9373,104.9845,104.9563,,,5973.0504,104.9248905,104.9720905,104.9438905,
5973.9498,104.9395,104.9859,104.9583,,,5973.9498,104.9270948,104.9734948,104.9458948,
5974.8502,104.9424,104.9869,104.9607,,,5974.8502,104.9299991,104.9744991,104.9482991,
5975.7496,104.9444,104.9893,104.963,,,5975.7496,104.9320033,104.9769033,104.9506033,
5976.65,104.9471,104.992,104.9654,,,5976.65,104.9347076,104.9796076,104.9530076,
5977.5504,104.9499,104.9943,104.9683,,,5977.5504,104.9375119,104.9819119,104.9559119,
5978.4498,104.9532,104.9972,104.9714,,,5978.4498,104.9408161,104.9848161,104.9590161,
5979.3502,104.9568,105.001,104.9747,,,5979.3502,104.9444204,104.9886204,104.9623204,
5980.2496,104.9604,105.0035,104.9782,,,5980.2496,104.9480247,104.9911247,104.9658247,
5981.15,104.9646,105.0062,104.9816,,,5981.15,104.9522289,104.9938289,104.9692289,
5982.0504,104.9681,105.0107,104.9852,,,5982.0504,104.9557332,104.9983332,104.9728332,
5982.9,104.9717,105.0125,104.9886,,,5982.9,104.9593372,105.0001372,104.9762372,
5983.7496,104.9757,105.0168,104.9924,,,5983.7496,104.9633412,105.0044412,104.9800412,
5984.65,104.9792,105.0199,104.9961,,,5984.65,104.9668455,105.0075455,104.9837455,
5985.5504,104.9826,105.0231,104.9994,,,5985.5504,104.9702498,105.0107498,104.9870498,
5986.4498,104.9869,105.0268,105.0033,,,5986.4498,104.974554,105.014454,104.990954,
5987.3502,104.9909,105.0311,105.0072,,,5987.3502,104.9785583,105.0187583,104.9948583,
5988.2999,104.9951,105.0344,105.0113,,,5988.2999,104.9827628,105.0220628,104.9989628,
5989.1998,104.998,105.0381,105.0144,,,5989.1998,104.9856671,105.0257671,105.0020671,
5990.0504,105.0014,105.0402,105.0174,,,5990.0504,104.9890711,105.0278711,105.0050711,
5990.9498,105.0047,105.0434,105.021,,,5990.9498,104.9923754,105.0310754,105.0086754,
5991.8502,105.0086,105.0465,105.0243,,,5991.8502,104.9962796,105.0341796,105.0119796,
5992.7496,105.0121,105.0497,105.0278,,,5992.7496,104.9997839,105.0373839,105.0154839,
5993.65,105.0156,105.0534,105.0313,,,5993.65,105.0032882,105.0410882,105.0189882,
5994.5504,105.0197,105.0566,105.0348,,,5994.5504,105.0073924,105.0442924,105.0224924,
5995.4498,105.0227,105.059,105.0377,,,5995.4498,105.0103967,105.0466967,105.0253967,
5996.3502,105.026,105.0608,105.0409,,,5996.3502,105.013701,105.048501,105.028601,
5997.2496,105.0289,105.064,105.0439,,,5997.2496,105.0166052,105.0517052,105.0316052,
5998.15,105.0325,105.0669,105.0474,,,5998.15,105.0202095,105.0546095,105.0351095,
5999.0504,105.0363,105.0703,105.0507,,,5999.0504,105.0240137,105.0580137,105.0384137,
5999.9498,105.0394,105.0738,105.0537,,,5999.9498,105.027118,105.061518,105.041418,
6000.8502,105.0428,105.0773,105.0568,,,6000.8502,105.0305223,105.0650223,105.0445223,
6001.7496,105.0456,105.0789,105.0597,,,6001.7496,105.0333265,105.0666265,105.0474265,
6002.65,105.0487,105.0806,105.0622,,,6002.65,105.0364308,105.0683308,105.0499308,
6003.5504,105.0515,105.0835,105.0648,,,6003.5504,105.0392351,105.0712351,105.0525351,
6004.4498,105.0546,105.0857,105.0675,,,6004.4498,105.0423393,105.0734393,105.0552393,
6005.3502,105.0579,105.0883,105.0706,,,6005.3502,105.0456436,105.0760436,105.0583436,
6006.2496,105.061,105.091,105.0733,,,6006.2496,105.0487479,105.0787479,105.0610479,
6007.15,105.0644,105.0925,105.076,,,6007.15,105.0521521,105.0802521,105.0637521,
6008.0504,105.0669,105.0947,105.0784,,,6008.0504,105.0546564,105.0824564,105.0661564,
6008.9498,105.0703,105.0969,105.0813,,,6008.9498,105.0580607,105.0846607,105.0690607,
6009.8502,105.0724,105.0997,105.0836,,,6009.8502,105.0601649,105.0874649,105.0713649,
6010.7496,105.0753,105.1025,105.0862,,,6010.7496,105.0630692,105.0902692,105.0739692,
6011.65,105.078,105.1033,105.0881,,,6011.65,105.0657735,105.0910735,105.0758735,
6012.5504,105.0801,105.1048,105.0905,,,6012.5504,105.0678777,105.0925777,105.0782777,
6013.4498,105.0824,105.1074,105.0925,,,6013.4498,105.070182,105.095182,105.080282,
6014.2999,105.0847,105.1095,105.0948,,,6014.2999,105.072486,105.097286,105.082586,
6015.15,105.0871,105.1109,105.0967,,,6015.15,105.07489,105.09869,105.08449,
6016.0504,105.0894,105.1115,105.0989,,,6016.0504,105.0771943,105.0992943,105.0866943,
6016.9498,105.0913,105.1141,105.1007,,,6016.9498,105.0790986,105.1018986,105.0884986,
6017.8502,105.0926,105.1164,105.1019,,,6017.8502,105.0804028,105.1042028,105.0897028,
6018.7496,105.0945,105.1168,105.1034,,,6018.7496,105.0823071,105.1046071,105.0912071,
6019.65,105.0961,105.1177,105.105,,,6019.65,105.0839114,105.1055114,105.0928114,
6020.5504,105.097,105.1193,105.1064,,,6020.5504,105.0848156,105.1071156,105.0942156,
6021.4498,105.0986,105.1208,105.1079,,,6021.4498,105.0864199,105.1086199,105.0957199,
6022.3502,105.0997,105.1208,105.1088,,,6022.3502,105.0875242,105.1086242,105.0966242,
6023.2496,105.1009,105.1212,105.1099,,,6023.2496,105.0887284,105.1090284,105.0977284,
6024.15,105.1025,105.1236,105.1113,,,6024.15,105.0903327,105.1114327,105.0991327,
6025.0504,105.1038,105.1246,105.1123,,,6025.0504,105.0916369,105.1124369,105.1001369,
6025.9498,105.105,105.1259,105.1135,,,6025.9498,105.0928412,105.1137412,105.1013412,
6026.8502,105.1051,105.1262,105.1136,,,6026.8502,105.0929455,105.1140455,105.1014455,
6027.7496,105.1058,105.1273,105.1143,,,6027.7496,105.0936497,105.1151497,105.1021497,
6028.65,105.1066,105.1265,105.1149,,,6028.65,105.094454,105.114354,105.102754,
6029.5504,105.1075,105.1271,105.1156,,,6029.5504,105.0953583,105.1149583,105.1034583,
6030.4498,105.1086,105.1281,105.1164,,,6030.4498,105.0964625,105.1159625,105.1042625,
6031.3502,105.1085,105.1281,105.1168,,,6031.3502,105.0963668,105.1159668,105.1046668,
6032.2496,105.109,105.1283,105.1172,,,6032.2496,105.0968711,105.1161711,105.1050711,
6033.15,105.1101,105.1297,105.1178,,,6033.15,105.0979753,105.1175753,105.1056753,
6034.0001,105.1114,105.13,105.119,,,6034.0001,105.0992794,105.1178794,105.1068794,
6034.8502,105.1125,105.1306,105.1201,,,6034.8502,105.1003834,105.1184834,105.1079834,
6035.7496,105.1138,105.1329,105.1223,,,6035.7496,105.1016876,105.1207876,105.1101876,
6036.65,105.1161,105.1368,105.127,,,6036.65,105.1039919,105.1246919,105.1148919,
6037.5504,105.1169,105.1395,105.1284,,,6037.5504,105.1047962,105.1273962,105.1162962,
6038.4498,105.1169,105.1428,105.1305,,,6038.4498,105.1048004,105.1307004,105.1184004,
6039.1002,105.1238,105.1447,105.1331,,,6039.1002,105.1117035,105.1326035,105.1210035,
6039.2999,105.1188,105.1449,105.1322,,,6039.2999,105.1067045,105.1328045,105.1201045,
6039.4,105.122,105.1504,105.1335,,,6039.4,105.1099049,105.1383049,105.1214049,
6039.5001,105.1181,105.1384,105.1298,,,6039.5001,105.1060054,105.1263054,105.1177054,
6039.65,105.1168,105.1387,105.1271,,,6039.65,105.1047061,105.1266061,105.1150061,
6040.2496,105.1172,105.1395,105.1282,,,6040.2496,105.105109,105.127409,105.116109,
6041.15,105.1175,105.1403,105.1284,,,6041.15,105.1054132,105.1282132,105.1163132,
6042.0001,105.118,105.1403,105.1283,,,6042.0001,105.1059173,105.1282173,105.1162173,
6042.8502,105.1189,105.1422,105.1307,,,6042.8502,105.1068213,105.1301213,105.1186213,
6043.7496,105.1187,105.1422,105.1302,,,6043.7496,105.1066256,105.1301256,105.1181256,
6044.65,105.1192,105.1422,105.1303,,,6044.65,105.1071298,105.1301298,105.1182298,
6045.5504,105.1196,105.1403,105.1279,,,6045.5504,105.1075341,105.1282341,105.1158341,
6046.4498,105.1204,105.1407,105.1294,,,6046.4498,105.1083384,105.1286384,105.1173384,
6047.3502,105.1214,105.1435,105.1312,,,6047.3502,105.1093426,105.1314426,105.1191426,
6048.2496,105.1219,105.1447,105.1336,,,6048.2496,105.1098469,105.1326469,105.1215469,
6049.15,105.1219,105.145,105.1329,,,6049.15,105.1098511,105.1329511,105.1208511,
6050.0504,105.1226,105.1458,105.1344,,,6050.0504,105.1105554,105.1337554,105.1223554,
6050.9498,105.1231,105.1475,105.1351,,,6050.9498,105.1110597,105.1354597,105.1230597,
6051.8502,105.1235,105.145,105.1338,,,6051.8502,105.1114639,105.1329639,105.1217639,
6052.7496,105.1238,105.147,105.135,,,6052.7496,105.1117682,105.1349682,105.1229682,
6053.65,105.1247,105.1481,105.1363,,,6053.65,105.1126725,105.1360725,105.1242725,
6054.5001,105.1254,105.1463,105.137,,,6054.5001,105.1133765,105.1342765,105.1249765,
6055.3502,105.1252,105.1484,105.1351,,,6055.3502,105.1131805,105.1363805,105.1230805,
6056.2496,105.1254,105.1473,105.1346,,,6056.2496,105.1133848,105.1352848,105.1225848,
6057.15,105.1259,105.1477,105.1359,,,6057.15,105.1138891,105.1356891,105.1238891,
6058.0504,105.1265,105.1474,105.1358,,,6058.0504,105.1144933,105.1353933,105.1237933,
6058.9498,105.1273,105.1474,105.1363,,,6058.9498,105.1152976,105.1353976,105.1242976,
6059.8502,105.1275,105.15,105.1377,,,6059.8502,105.1155018,105.1380018,105.1257018,
6060.7496,105.1279,105.1505,105.1393,,,6060.7496,105.1159061,105.1385061,105.1273061,
6061.65,105.1289,105.1502,105.1384,,,6061.65,105.1169104,105.1382104,105.1264104,
6062.5504,105.1297,105.1496,105.1386,,,6062.5504,105.1177146,105.1376146,105.1266146,
6063.4498,105.1298,105.1498,105.1392,,,6063.4498,105.1178189,105.1378189,105.1272189,
6064.3502,105.1302,105.1513,105.1393,,,6064.3502,105.1182232,105.1393232,105.1273232,
6065.1998,105.131,105.1505,105.1391,,,6065.1998,105.1190272,105.1385272,105.1271272,
6066.1002,105.1314,105.1517,105.1399,,,6066.1002,105.1194315,105.1397315,105.1279315,
6067.0001,105.1318,105.1524,105.1401,,,6067.0001,105.1198357,105.1404357,105.1281357,
6067.8502,105.132,105.1523,105.1406,,,6067.8502,105.1200398,105.1403398,105.1286398,
6068.7496,105.1324,105.1526,105.1412,,,6068.7496,105.120444,105.140644,105.129244,
6069.65,105.1325,105.1526,105.141,,,6069.65,105.1205483,105.1406483,105.1290483,
6070.5504,105.1326,105.1531,105.1414,,,6070.5504,105.1206526,105.1411526,105.1294526,
6071.4498,105.1332,105.1541,105.142,,,6071.4498,105.1212568,105.1421568,105.1300568,
6072.3502,105.1341,105.1544,105.143,,,6072.3502,105.1221611,105.1424611,105.1310611,
6073.2496,105.1345,105.1557,105.1443,,,6073.2496,105.1225653,105.1437653,105.1323653,
6074.15,105.1351,105.1555,105.1444,,,6074.15,105.1231696,105.1435696,105.1324696,
6075.0001,105.1349,105.1551,105.1442,,,6075.0001,105.1229736,105.1431736,105.1322736,
6075.9,105.1361,105.1563,105.1451,,,6075.9,105.1241779,105.1443779,105.1331779,
6076.7999,105.1364,105.1565,105.1464,,,6076.7999,105.1244822,105.1445822,105.1344822,
6077.65,105.1365,105.1572,105.146,,,6077.65,105.1245862,105.1452862,105.1340862,
6078.5504,105.1373,105.1596,105.1482,,,6078.5504,105.1253905,105.1476905,105.1362905,
6079.4498,105.1371,105.1582,105.1478,,,6079.4498,105.1251947,105.1462947,105.1358947,
6080.3502,105.1383,105.1576,105.1478,,,6080.3502,105.126399,105.145699,105.135899,
6081.2496,105.1379,105.1579,105.1471,,,6081.2496,105.1260033,105.1460033,105.1352033,
6082.15,105.1383,105.1571,105.1469,,,6082.15,105.1264075,105.1452075,105.1350075,
6083.0504,105.1381,105.1579,105.1473,,,6083.0504,105.1262118,105.1460118,105.1354118,
6083.9498,105.1394,105.1583,105.1487,,,6083.9498,105.127516,105.146416,105.136816,
6084.8502,105.1383,105.1592,105.1479,,,6084.8502,105.1264203,105.1473203,105.1360203,
6085.6998,105.1392,105.1588,105.1485,,,6085.6998,105.1273243,105.1469243,105.1366243,
6086.5504,105.1395,105.1596,105.1492,,,6086.5504,105.1276284,105.1477284,105.1373284,
6087.4498,105.1392,105.1592,105.1485,,,6087.4498,105.1273326,105.1473326,105.1366326,
6088.3502,105.1399,105.1608,105.1497,,,6088.3502,105.1280369,105.1489369,105.1378369,
6089.2496,105.14,105.1599,105.1493,,,6089.2496,105.1281412,105.1480412,105.1374412,
6090.15,105.1403,105.1602,105.1497,,,6090.15,105.1284454,105.1483454,105.1378454,
6091.0504,105.1408,105.1626,105.1506,,,6091.0504,105.1289497,105.1507497,105.1387497,
6091.9498,105.1402,105.1627,105.1505,,,6091.9498,105.128354,105.150854,105.138654,
6092.8502,105.1404,105.1619,105.1501,,,6092.8502,105.1285582,105.1500582,105.1382582,
6093.7496,105.1416,105.1615,105.1516,,,6093.7496,105.1297625,105.1496625,105.1397625,
6094.65,105.1416,105.1622,105.1525,,,6094.65,105.1297667,105.1503667,105.1406667,
6095.5001,105.141,105.1599,105.1499,,,6095.5001,105.1291708,105.1480708,105.1380708,
6096.4,105.1418,105.1612,105.1503,,,6096.4,105.129975,105.149375,105.138475,
6097.2999,105.1407,105.1611,105.1496,,,6097.2999,105.1288793,105.1492793,105.1377793,
6098.15,105.141,105.1617,105.1501,,,6098.15,105.1291833,105.1498833,105.1382833,
6099.0504,105.141,105.1617,105.1499,,,6099.0504,105.1291876,105.1498876,105.1380876,
6099.9498,105.141,105.1618,105.15,,,6099.9498,105.1291919,105.1499919,105.1381919,
6100.8502,105.1423,105.1617,105.1507,,,6100.8502,105.1304961,105.1498961,105.1388961,
6101.7496,105.1408,105.1615,105.1501,,,6101.7496,105.1290004,105.1497004,105.1383004,
6102.65,105.1419,105.1625,105.1513,,,6102.65,105.1301047,105.1507047,105.1395047,
6103.5504,105.1422,105.1623,105.1515,,,6103.5504,105.1304089,105.1505089,105.1397089,
6104.4498,105.1423,105.163,105.151,,,6104.4498,105.1305132,105.1512132,105.1392132,
6105.2999,105.143,105.1623,105.1512,,,6105.2999,105.1312172,105.1505172,105.1394172,
6106.15,105.1428,105.1633,105.1514,,,6106.15,105.1310212,105.1515212,105.1396212,
6107.0504,105.1419,105.1622,105.1508,,,6107.0504,105.1301255,105.1504255,105.1390255,
6107.9498,105.1422,105.1625,105.151,,,6107.9498,105.1304298,105.1507298,105.1392298,
6108.8502,105.1415,105.1626,105.1515,,,6108.8502,105.129734,105.150834,105.139734,
6109.7496,105.1418,105.1635,105.1509,,,6109.7496,105.1300383,105.1517383,105.1391383,
6110.65,105.1418,105.1622,105.1507,,,6110.65,105.1300426,105.1504426,105.1389426,
6111.5504,105.1414,105.1622,105.1501,,,6111.5504,105.1296468,105.1504468,105.1383468,
6112.4498,105.1415,105.1625,105.1508,,,6112.4498,105.1297511,105.1507511,105.1390511,
6113.3502,105.1411,105.1634,105.1503,,,6113.3502,105.1293554,105.1516554,105.1385554,
6114.2496,105.1411,105.1618,105.15,,,6114.2496,105.1293596,105.1500596,105.1382596,
6115.15,105.1414,105.1627,105.1505,,,6115.15,105.1296639,105.1509639,105.1387639,
6116.0001,105.1415,105.1637,105.1505,,,6116.0001,105.1297679,105.1519679,105.1387679,
6116.8502,105.1412,105.1631,105.1504,,,6116.8502,105.1294719,105.1513719,105.1386719,
6117.7496,105.1418,105.1634,105.1505,,,6117.7496,105.1300762,105.1516762,105.1387762,
6118.65,105.1416,105.1622,105.1507,,,6118.65,105.1298805,105.1504805,105.1389805,
6119.5504,105.1416,105.1631,105.1508,,,6119.5504,105.1298847,105.1513847,105.1390847,
6120.4498,105.1411,105.1625,105.15,,,6120.4498,105.129389,105.150789,105.138289,
6121.3502,105.1408,105.1626,105.15,,,6121.3502,105.1290933,105.1508933,105.1382933,
6122.1998,105.1403,105.163,105.1496,,,6122.1998,105.1285973,105.1512973,105.1378973,
6123.0504,105.1399,105.1626,105.1493,,,6123.0504,105.1282013,105.1509013,105.1376013,
6123.9498,105.1403,105.163,105.1494,,,6123.9498,105.1286056,105.1513056,105.1377056,
6124.8502,105.1406,105.1631,105.1494,,,6124.8502,105.1289099,105.1514099,105.1377099,
6125.7496,105.1398,105.1623,105.1488,,,6125.7496,105.1281141,105.1506141,105.1371141,
6126.65,105.1396,105.1625,105.1487,,,6126.65,105.1279184,105.1508184,105.1370184,
6127.5504,105.1398,105.1621,105.1484,,,6127.5504,105.1281226,105.1504226,105.1367226,
6128.4498,105.1396,105.1622,105.1487,,,6128.4498,105.1279269,105.1505269,105.1370269,
6129.2999,105.14,105.1623,105.149,,,6129.2999,105.1283309,105.1506309,105.1373309,
6130.15,105.1399,105.1629,105.1487,,,6130.15,105.128235,105.151235,105.137035,
6131.0504,105.1394,105.1626,105.1484,,,6131.0504,105.1277392,105.1509392,105.1367392,
6131.9498,105.1394,105.1627,105.1487,,,6131.9498,105.1277435,105.1510435,105.1370435,
6132.8502,105.1392,105.1623,105.1481,,,6132.8502,105.1275478,105.1506478,105.1364478,
6133.7496,105.1392,105.1621,105.148,,,6133.7496,105.127552,105.150452,105.136352,
6134.65,105.1392,105.1618,105.1484,,,6134.65,105.1275563,105.1501563,105.1367563,
6135.5001,105.1395,105.1658,105.1493,,,6135.5001,105.1278603,105.1541603,105.1376603,
6136.3502,105.1384,105.1611,105.1479,,,6136.3502,105.1267643,105.1494643,105.1362643,
6137.2496,105.1381,105.1637,105.1485,,,6137.2496,105.1264686,105.1520686,105.1368686,
6138.15,105.1387,105.1625,105.15,,,6138.15,105.1270729,105.1508729,105.1383729,
6139.0504,105.1384,105.16,105.1481,,,6139.0504,105.1267771,105.1483771,105.1364771,
6139.9498,105.1389,105.172,105.1519,,,6139.9498,105.1272814,105.1603814,105.1402814,
6140.8502,105.1385,105.1599,105.1469,,,6140.8502,105.1268857,105.1482857,105.1352857,
6141.6998,105.1388,105.1608,105.1471,,,6141.6998,105.1271897,105.1491897,105.1354897,
6142.5504,105.138,105.1587,105.1462,,,6142.5504,105.1263937,105.1470937,105.1345937,
6143.4498,105.1383,105.1594,105.1464,,,6143.4498,105.126698,105.147798,105.134798,
6144.3502,105.1381,105.1606,105.1466,,,6144.3502,105.1265023,105.1490023,105.1350023,
6145.2496,105.1381,105.16,105.1471,,,6145.2496,105.1265065,105.1484065,105.1355065,
6146.15,105.1383,105.1596,105.1468,,,6146.15,105.1267108,105.1480108,105.1352108,
6147.0504,105.1379,105.1595,105.1463,,,6147.0504,105.126315,105.147915,105.134715,
6147.9498,105.1381,105.1598,105.1465,,,6147.9498,105.1265193,105.1482193,105.1349193,
6148.7999,105.1377,105.1594,105.1457,,,6148.7999,105.1261233,105.1478233,105.1341233,
6149.65,105.1375,105.1594,105.1458,,,6149.65,105.1259274,105.1478274,105.1342274,
6150.5504,105.1373,105.1587,105.1455,,,6150.5504,105.1257316,105.1471316,105.1339316,
6151.4498,105.1376,105.1584,105.145,,,6151.4498,105.1260359,105.1468359,105.1334359,
6152.3502,105.1371,105.1568,105.1445,,,6152.3502,105.1255402,105.1452402,105.1329402,
6153.2496,105.1373,105.1576,105.1452,,,6153.2496,105.1257444,105.1460444,105.1336444,
6154.15,105.1376,105.1583,105.1454,,,6154.15,105.1260487,105.1467487,105.1338487,
6155.0504,105.1372,105.159,105.1456,,,6155.0504,105.125653,105.147453,105.134053,
6155.9,105.1368,105.1565,105.1446,,,6155.9,105.125257,105.144957,105.133057,
6156.7496,105.1372,105.1583,105.1451,,,6156.7496,105.125661,105.146761,105.133561,
6157.65,105.1377,105.157,105.1449,,,6157.65,105.1261653,105.1454653,105.1333653,
6158.5504,105.1376,105.1583,105.1449,,,6158.5504,105.1260695,105.1467695,105.1333695,
6159.4498,105.1375,105.1561,105.1448,,,6159.4498,105.1259738,105.1445738,105.1332738,
6160.2999,105.1376,105.157,105.1448,,,6160.2999,105.1260778,105.1454778,105.1332778,
6161.15,105.1376,105.1634,105.1504,,,6161.15,105.1260819,105.1518819,105.1388819,
6162.0504,105.138,105.1608,105.1464,,,6162.0504,105.1264861,105.1492861,105.1348861,
6162.9498,105.1376,105.1575,105.1446,,,6162.9498,105.1260904,105.1459904,105.1330904,
6163.8502,105.1376,105.1565,105.1448,,,6163.8502,105.1260947,105.1449947,105.1332947,
6164.7496,105.138,105.1552,105.1443,,,6164.7496,105.1264989,105.1436989,105.1327989,
6165.65,105.1373,105.1561,105.144,,,6165.65,105.1258032,105.1446032,105.1325032,
6166.5001,105.138,105.1552,105.144,,,6166.5001,105.1265072,105.1437072,105.1325072,
6167.3502,105.1379,105.1559,105.1442,,,6167.3502,105.1264112,105.1444112,105.1327112,
6168.2496,105.1381,105.1559,105.1442,,,6168.2496,105.1266155,105.1444155,105.1327155,
6169.15,105.138,105.1548,105.1443,,,6169.15,105.1265198,105.1433198,105.1328198,
6170.0504,105.1385,105.1555,105.1452,,,6170.0504,105.127024,105.144024,105.133724,
6170.9498,105.1381,105.1568,105.1448,,,6170.9498,105.1266283,105.1453283,105.1333283,
6171.7999,105.1389,105.1552,105.1448,,,6171.7999,105.1274323,105.1437323,105.1333323,
6172.65,105.1388,105.1567,105.1455,,,6172.65,105.1273364,105.1452364,105.1340364,
6173.5504,105.1384,105.1551,105.1446,,,6173.5504,105.1269406,105.1436406,105.1331406,
6174.4498,105.1388,105.1549,105.1444,,,6174.4498,105.1273449,105.1434449,105.1329449,
6175.3502,105.1389,105.1551,105.1446,,,6175.3502,105.1274491,105.1436491,105.1331491,
6176.2496,105.1388,105.1553,105.1449,,,6176.2496,105.1273534,105.1438534,105.1334534,
6177.15,105.1389,105.156,105.1451,,,6177.15,105.1274577,105.1445577,105.1336577,
6178.0001,105.1391,105.1565,105.1451,,,6178.0001,105.1276617,105.1450617,105.1336617,
6178.8502,105.1394,105.1561,105.1457,,,6178.8502,105.1279657,105.1446657,105.1342657,
6179.7496,105.1392,105.1574,105.1461,,,6179.7496,105.12777,105.14597,105.13467,
6180.65,105.1396,105.1561,105.1458,,,6180.65,105.1281743,105.1446743,105.1343743,
6181.5504,105.1392,105.1576,105.1456,,,6181.5504,105.1277785,105.1461785,105.1341785,
6182.4498,105.1395,105.1563,105.146,,,6182.4498,105.1280828,105.1448828,105.1345828,
6183.3502,105.1396,105.1578,105.1462,,,6183.3502,105.1281871,105.1463871,105.1347871,
6184.2496,105.1398,105.1571,105.1461,,,6184.2496,105.1283913,105.1456913,105.1346913,
6185.1002,105.1399,105.1606,105.1477,,,6185.1002,105.1284953,105.1491953,105.1362953,
6185.9498,105.1406,105.1578,105.1468,,,6185.9498,105.1291994,105.1463994,105.1353994,
6186.8502,105.1407,105.1584,105.1475,,,6186.8502,105.1293036,105.1470036,105.1361036,
6187.7496,105.1406,105.1599,105.1482,,,6187.7496,105.1292079,105.1485079,105.1368079,
6188.65,105.1411,105.1595,105.1476,,,6188.65,105.1297122,105.1481122,105.1362122,
6189.5504,105.1406,105.1588,105.1475,,,6189.5504,105.1292164,105.1474164,105.1361164,
6190.4498,105.1412,105.1595,105.1483,,,6190.4498,105.1298207,105.1481207,105.1369207,
6191.3502,105.1416,105.1598,105.1487,,,6191.3502,105.130225,105.148425,105.137325,
6192.1998,105.1419,105.1607,105.1496,,,6192.1998,105.130529,105.149329,105.138229,
6193.0504,105.1426,105.1615,105.1496,,,6193.0504,105.131233,105.150133,105.138233,
6193.9498,105.1423,105.1643,105.1514,,,6193.9498,105.1309373,105.1529373,105.1400373,
6194.8502,105.1438,105.163,105.1511,,,6194.8502,105.1324415,105.1516415,105.1397415,
6195.7496,105.1442,105.1637,105.1517,,,6195.7496,105.1328458,105.1523458,105.1403458,
6196.65,105.1453,105.1639,105.1523,,,6196.65,105.1339501,105.1525501,105.1409501,
6197.5504,105.1455,105.1641,105.1531,,,6197.5504,105.1341543,105.1527543,105.1417543,
6198.4498,105.1463,105.1662,105.1541,,,6198.4498,105.1349586,105.1548586,105.1427586,
6199.3502,105.1481,105.1664,105.1555,,,6199.3502,105.1367629,105.1550629,105.1441629,
6200.2496,105.1419,105.1649,105.1519,,,6200.2496,105.1305671,105.1535671,105.1405671,
6201.15,105.1492,105.1692,105.157,,,6201.15,105.1378714,105.1578714,105.1456714,
6202.0001,105.1501,105.1721,105.1581,,,6202.0001,105.1387754,105.1607754,105.1467754,
6202.9,105.1462,105.1647,105.1535,,,6202.9,105.1348797,105.1533797,105.1421797,
6203.8502,105.1508,105.1696,105.158,,,6203.8502,105.1394842,105.1582842,105.1466842,
6204.7496,105.1537,105.1708,105.1607,,,6204.7496,105.1423885,105.1594885,105.1493885,
6205.65,105.1549,105.1724,105.1623,,,6205.65,105.1435927,105.1610927,105.1509927,
6206.5504,105.1559,105.1749,105.1642,,,6206.5504,105.144597,105.163597,105.152897,
6207.4498,105.1559,105.1731,105.1631,,,6207.4498,105.1446013,105.1618013,105.1518013,
6208.3502,105.1574,105.1741,105.1646,,,6208.3502,105.1461055,105.1628055,105.1533055,
6209.2496,105.159,105.1747,105.1659,,,6209.2496,105.1477098,105.1634098,105.1546098,
6210.15,105.1594,105.1748,105.1657,,,6210.15,105.148114,105.163514,105.154414,
6211.0504,105.16,105.1754,105.1662,,,6211.0504,105.1487183,105.1641183,105.1549183,
6211.9498,105.1604,105.1779,105.1676,,,6211.9498,105.1491226,105.1666226,105.1563226,
6212.8502,105.1619,105.1775,105.1688,,,6212.8502,105.1506268,105.1662268,105.1575268,
6213.7496,105.1623,105.1774,105.169,,,6213.7496,105.1510311,105.1661311,105.1577311,
6214.65,105.1627,105.1776,105.1689,,,6214.65,105.1514354,105.1663354,105.1576354,
6215.5504,105.1631,105.1783,105.1692,,,6215.5504,105.1518396,105.1670396,105.1579396,
6216.4498,105.1626,105.1776,105.1687,,,6216.4498,105.1513439,105.1663439,105.1574439,
6217.3502,105.1621,105.1783,105.1691,,,6217.3502,105.1508482,105.1670482,105.1578482,
6218.2496,105.1621,105.1784,105.1694,,,6218.2496,105.1508524,105.1671524,105.1581524,
6219.1002,105.1627,105.1798,105.17,,,6219.1002,105.1514565,105.1685565,105.1587565,
6219.9498,105.1618,105.1783,105.1695,,,6219.9498,105.1505605,105.1670605,105.1582605,
6220.8502,105.1627,105.1795,105.1699,,,6220.8502,105.1514647,105.1682647,105.1586647,
6221.7496,105.1622,105.1793,105.1696,,,6221.7496,105.150969,105.168069,105.158369,
6222.65,105.1627,105.1807,105.1704,,,6222.65,105.1514733,105.1694733,105.1591733,
6223.5504,105.1617,105.1797,105.1695,,,6223.5504,105.1504775,105.1684775,105.1582775,
6224.4498,105.1621,105.1787,105.169,,,6224.4498,105.1508818,105.1674818,105.1577818,
6225.3502,105.1603,105.1802,105.1687,,,6225.3502,105.1490861,105.1689861,105.1574861,
6226.2496,105.1599,105.1778,105.1676,,,6226.2496,105.1486903,105.1665903,105.1563903,
6227.15,105.1594,105.1763,105.1664,,,6227.15,105.1481946,105.1650946,105.1551946,
6228.0504,105.1587,105.177,105.1669,,,6228.0504,105.1474989,105.1657989,105.1556989,
6228.9498,105.1584,105.176,105.1659,,,6228.9498,105.1472031,105.1648031,105.1547031,
6229.8502,105.1574,105.1754,105.1651,,,6229.8502,105.1462074,105.1642074,105.1539074,
6230.7496,105.1568,105.1751,105.1646,,,6230.7496,105.1456117,105.1639117,105.1534117,
6231.65,105.1559,105.174,105.1636,,,6231.65,105.1447159,105.1628159,105.1524159,
6232.5504,105.1556,105.1774,105.1658,,,6232.5504,105.1444202,105.1662202,105.1546202,
6233.4498,105.1543,105.1767,105.1638,,,6233.4498,105.1431245,105.1655245,105.1526245,
6234.3502,105.1537,105.1759,105.1629,,,6234.3502,105.1425287,105.1647287,105.1517287,
6235.2496,105.1528,105.1744,105.1611,,,6235.2496,105.141633,105.163233,105.149933,
6236.15,105.1524,105.1728,105.1613,,,6236.15,105.1412372,105.1616372,105.1501372,
6237.0504,105.1513,105.1758,105.1616,,,6237.0504,105.1401415,105.1646415,105.1504415,
6237.9,105.1508,105.1747,105.1614,,,6237.9,105.1396455,105.1635455,105.1502455,
6238.7496,105.1506,105.1833,105.1662,,,6238.7496,105.1394496,105.1721496,105.1550496,
6239.65,105.1496,105.1741,105.1607,,,6239.65,105.1384538,105.1629538,105.1495538,
6240.5504,105.1494,105.1772,105.1612,,,6240.5504,105.1382581,105.1660581,105.1500581,
6241.4498,105.1479,105.1793,105.1622,,,6241.4498,105.1367624,105.1681624,105.1510624,
6242.3502,105.1475,105.1729,105.158,,,6242.3502,105.1363666,105.1617666,105.1468666,
6243.2496,105.1471,105.1727,105.1574,,,6243.2496,105.1359709,105.1615709,105.1462709,
6244.15,105.1469,105.1827,105.1636,,,6244.15,105.1357752,105.1715752,105.1524752,
6245.0504,105.1471,105.183,105.1656,,,6245.0504,105.1359794,105.1718794,105.1544794,
6245.9498,105.1465,105.1821,105.1638,,,6245.9498,105.1353837,105.1709837,105.1526837,
6246.8502,105.1463,105.1762,105.1581,,,6246.8502,105.135188,105.165088,105.146988,
6247.6998,105.1455,105.1763,105.1582,,,6247.6998,105.134392,105.165192,105.147092,
6248.5504,105.1454,105.1735,105.1565,,,6248.5504,105.134296,105.162396,105.145396,
6249.4498,105.1454,105.17,105.1556,,,6249.4498,105.1343003,105.1589003,105.1445003,
6250.3502,105.1441,105.1716,105.1557,,,6250.3502,105.1330045,105.1605045,105.1446045,
6251.2496,105.145,105.179,105.1602,,,6251.2496,105.1339088,105.1679088,105.1491088,
6252.15,105.1439,105.1767,105.1578,,,6252.15,105.1328131,105.1656131,105.1467131,
6253.0504,105.1447,105.172,105.1559,,,6253.0504,105.1336173,105.1609173,105.1448173,
6253.9498,105.1445,105.1692,105.1556,,,6253.9498,105.1334216,105.1581216,105.1445216,
6254.8502,105.1442,105.1725,105.1563,,,6254.8502,105.1331259,105.1614259,105.1452259,
6255.7496,105.1445,105.1693,105.155,,,6255.7496,105.1334301,105.1582301,105.1439301,
6256.65,105.1442,105.1701,105.1547,,,6256.65,105.1331344,105.1590344,105.1436344,
6257.5504,105.1437,105.1696,105.1544,,,6257.5504,105.1326387,105.1585387,105.1433387,
6258.4498,105.1438,105.1715,105.1543,,,6258.4498,105.1327429,105.1604429,105.1432429,
6259.2999,105.1432,105.1758,105.1573,,,6259.2999,105.1321469,105.1647469,105.1462469,
6260.15,105.1439,105.17,105.1547,,,6260.15,105.132851,105.158951,105.143651,
6261.0504,105.1438,105.1747,105.1572,,,6261.0504,105.1327552,105.1636552,105.1461552,
6261.9498,105.1438,105.1731,105.1562,,,6261.9498,105.1327595,105.1620595,105.1451595,
6262.8502,105.1439,105.1705,105.1554,,,6262.8502,105.1328638,105.1594638,105.1443638,
6263.7496,105.1437,105.1707,105.1553,,,6263.7496,105.132668,105.159668,105.144268,
6264.65,105.1449,105.1716,105.1565,,,6264.65,105.1338723,105.1605723,105.1454723,
6265.5504,105.1445,105.1717,105.1557,,,6265.5504,105.1334766,105.1606766,105.1446766,
6266.4498,105.1451,105.1717,105.1565,,,6266.4498,105.1340808,105.1606808,105.1454808,
6267.3502,105.1453,105.1717,105.1568,,,6267.3502,105.1342851,105.1606851,105.1457851,
6268.2496,105.1455,105.1717,105.1568,,,6268.2496,105.1344894,105.1606894,105.1457894,
6269.15,105.1458,105.1725,105.1573,,,6269.15,105.1347936,105.1614936,105.1462936,
6270.0504,105.1462,105.1724,105.1576,,,6270.0504,105.1351979,105.1613979,105.1465979,
6270.9498,105.1466,105.1728,105.158,,,6270.9498,105.1356021,105.1618021,105.1470021,
6271.7999,105.1467,105.1744,105.1582,,,6271.7999,105.1357062,105.1634062,105.1472062,
6272.6998,105.1475,105.1741,105.159,,,6272.6998,105.1365104,105.1631104,105.1480104,
6273.6002,105.1477,105.1737,105.1591,,,6273.6002,105.1367147,105.1627147,105.1481147,
6274.4498,105.1479,105.1747,105.1595,,,6274.4498,105.1369187,105.1637187,105.1485187,
6275.3502,105.1481,105.1747,105.1594,,,6275.3502,105.137123,105.163723,105.148423,
6276.2496,105.1488,105.1758,105.1619,,,6276.2496,105.1378273,105.1648273,105.1509273,
6277.15,105.1508,105.1794,105.1637,,,6277.15,105.1398315,105.1684315,105.1527315,
6278.0504,105.1497,105.1758,105.1611,,,6278.0504,105.1387358,105.1648358,105.1501358,
6278.9498,105.1505,105.1766,105.1618,,,6278.9498,105.1395401,105.1656401,105.1508401,
6279.8502,105.1506,105.177,105.1621,,,6279.8502,105.1396443,105.1660443,105.1511443,
6280.7496,105.1512,105.1772,105.1627,,,6280.7496,105.1402486,105.1662486,105.1517486,
6281.65,105.1517,105.1775,105.1631,,,6281.65,105.1407529,105.1665529,105.1521529,
6282.5504,105.1525,105.1924,105.1701,,,6282.5504,105.1415571,105.1814571,105.1591571,
6283.4498,105.1521,105.1784,105.1636,,,6283.4498,105.1411614,105.1674614,105.1526614,
6284.3502,105.1521,105.1788,105.1644,,,6284.3502,105.1411656,105.1678656,105.1534656,
6285.2496,105.1523,105.179,105.1639,,,6285.2496,105.1413699,105.1680699,105.1529699,
6286.15,105.1523,105.1802,105.1641,,,6286.15,105.1413742,105.1692742,105.1531742,
6287.0504,105.1531,105.1806,105.1647,,,6287.0504,105.1421784,105.1696784,105.1537784,
6287.9498,105.1539,105.1809,105.1653,,,6287.9498,105.1429827,105.1699827,105.1543827,
6288.8502,105.1543,105.1809,105.1653,,,6288.8502,105.143387,105.169987,105.154387,
6289.7496,105.154,105.1802,105.1653,,,6289.7496,105.1430912,105.1692912,105.1543912,
6290.65,105.1541,105.1825,105.1658,,,6290.65,105.1431955,105.1715955,105.1548955,
6291.5001,105.1545,105.1818,105.166,,,6291.5001,105.1435995,105.1708995,105.1550995,
6292.3502,105.1556,105.1831,105.167,,,6292.3502,105.1447036,105.1722036,105.1561036,
6293.2999,105.1544,105.1818,105.1664,,,6293.2999,105.1435081,105.1709081,105.1555081,
6294.1998,105.1557,105.1846,105.1683,,,6294.1998,105.1448123,105.1737123,105.1574123,
6295.0504,105.1571,105.1841,105.1686,,,6295.0504,105.1462163,105.1732163,105.1577163,
6295.9498,105.1563,105.1838,105.1686,,,6295.9498,105.1454206,105.1729206,105.1577206,
6296.8502,105.1561,105.1833,105.1679,,,6296.8502,105.1452249,105.1724249,105.1570249,
6297.7496,105.156,105.1835,105.168,,,6297.7496,105.1451291,105.1726291,105.1571291,
6298.65,105.1556,105.1845,105.1679,,,6298.65,105.1447334,105.1736334,105.1570334,
6299.5504,105.1567,105.1842,105.1687,,,6299.5504,105.1458377,105.1733377,105.1578377,
6300.4498,105.158,105.1903,105.1726,,,6300.4498,105.1471419,105.1794419,105.1617419,
6301.3502,105.1595,105.1991,105.1801,,,6301.3502,105.1486462,105.1882462,105.1692462,
6302.2496,105.1587,105.1916,105.175,,,6302.2496,105.1478505,105.1807505,105.1641505,
6303.15,105.1582,105.1967,105.1776,,,6303.15,105.1473547,105.1858547,105.1667547,
6304.0504,105.1584,105.1873,105.1713,,,6304.0504,105.147559,105.176459,105.160459,
6304.9498,105.1596,105.1877,105.1719,,,6304.9498,105.1487633,105.1768633,105.1610633,
6305.8502,105.1594,105.1873,105.1718,,,6305.8502,105.1485675,105.1764675,105.1609675,
6306.7496,105.16,105.1885,105.1725,,,6306.7496,105.1491718,105.1776718,105.1616718,
6307.65,105.1603,105.1891,105.1729,,,6307.65,105.1494761,105.1782761,105.1620761,
6308.5001,105.1612,105.1998,105.1789,,,6308.5001,105.1503801,105.1889801,105.1680801,
6309.3502,105.1612,105.1938,105.1763,,,6309.3502,105.1503841,105.1829841,105.1654841,
6310.2496,105.1617,105.1919,105.1768,,,6310.2496,105.1508884,105.1810884,105.1659884,
6311.15,105.1635,105.1954,105.1796,,,6311.15,105.1526926,105.1845926,105.1687926,
6312.0504,105.1617,105.1956,105.177,,,6312.0504,105.1508969,105.1847969,105.1661969,
6312.9498,105.1625,105.1948,105.1782,,,6312.9498,105.1517012,105.1840012,105.1674012,
6313.8502,105.1629,105.1907,105.1747,,,6313.8502,105.1521054,105.1799054,105.1639054,
6314.7496,105.1637,105.1987,105.1792,,,6314.7496,105.1529097,105.1879097,105.1684097,
6315.65,105.1641,105.1995,105.1795,,,6315.65,105.153314,105.188714,105.168714,
6316.5504,105.1647,105.2005,105.1802,,,6316.5504,105.1539182,105.1897182,105.1694182,
6317.4498,105.1651,105.2013,105.1804,,,6317.4498,105.1543225,105.1905225,105.1696225,
6318.3502,105.1649,105.1964,105.1787,,,6318.3502,105.1541268,105.1856268,105.1679268,
6319.2496,105.1646,105.2022,105.1822,,,6319.2496,105.153831,105.191431,105.171431,
6320.15,105.166,105.1926,105.1774,,,6320.15,105.1552353,105.1818353,105.1666353,
6321.0001,105.1656,105.1969,105.1786,,,6321.0001,105.1548393,105.1861393,105.1678393,
6321.8502,105.1666,105.1926,105.1777,,,6321.8502,105.1558433,105.1818433,105.1669433,
6322.7496,105.1674,105.1934,105.1783,,,6322.7496,105.1566476,105.1826476,105.1675476,
6323.65,105.1677,105.194,105.1787,,,6323.65,105.1569519,105.1832519,105.1679519,
6324.5504,105.1678,105.1959,105.1793,,,6324.5504,105.1570561,105.1851561,105.1685561,
6325.4498,105.1678,105.2007,105.1813,,,6325.4498,105.1570604,105.1899604,105.1705604,
6326.3502,105.1689,105.2077,105.1857,,,6326.3502,105.1581647,105.1969647,105.1749647,
6327.2496,105.169,105.2055,105.1854,,,6327.2496,105.1582689,105.1947689,105.1746689,
6328.15,105.1697,105.1946,105.1802,,,6328.15,105.1589732,105.1838732,105.1694732,
6329.0504,105.1696,105.1959,105.1806,,,6329.0504,105.1588775,105.1851775,105.1698775,
6329.9498,105.1698,105.1943,105.1798,,,6329.9498,105.1590817,105.1835817,105.1690817,
6330.8502,105.1704,105.194,105.1804,,,6330.8502,105.159686,105.183286,105.169686,
6331.7496,105.1712,105.2073,105.1867,,,6331.7496,105.1604902,105.1965902,105.1759902,
6332.6002,105.1702,105.205,105.1853,,,6332.6002,105.1594943,105.1942943,105.1745943,
6333.4498,105.1709,105.2033,105.184,,,6333.4498,105.1601983,105.1925983,105.1732983,
6334.3502,105.1708,105.2032,105.1851,,,6334.3502,105.1601026,105.1925026,105.1744026,
6335.2496,105.1712,105.1999,105.1841,,,6335.2496,105.1605068,105.1892068,105.1734068,
6336.15,105.1709,105.2049,105.1847,,,6336.15,105.1602111,105.1942111,105.1740111,
6337.0504,105.1716,105.1987,105.183,,,6337.0504,105.1609154,105.1880154,105.1723154,
6337.9498,105.1712,105.1942,105.1805,,,6337.9498,105.1605196,105.1835196,105.1698196,
6338.8502,105.1713,105.1926,105.18,,,6338.8502,105.1606239,105.1819239,105.1693239,
6339.7496,105.1716,105.1936,105.1806,,,6339.7496,105.1609282,105.1829282,105.1699282,
6340.65,105.1716,105.1966,105.1812,,,6340.65,105.1609324,105.1859324,105.1705324,
6341.5001,105.1721,105.1948,105.1808,,,6341.5001,105.1614365,105.1841365,105.1701365,
6342.3502,105.172,105.1935,105.1808,,,6342.3502,105.1613405,105.1828405,105.1701405,
6343.2496,105.1719,105.1994,105.1828,,,6343.2496,105.1612447,105.1887447,105.1721447,
6344.15,105.1719,105.1923,105.1803,,,6344.15,105.161249,105.181649,105.169649,
6345.0504,105.1719,105.1926,105.1799,,,6345.0504,105.1612533,105.1819533,105.1692533,
6345.9498,105.172,105.1917,105.1802,,,6345.9498,105.1613575,105.1810575,105.1695575,
6346.8502,105.1724,105.1924,105.1803,,,6346.8502,105.1617618,105.1817618,105.1696618,
6347.7496,105.1719,105.1909,105.1798,,,6347.7496,105.1612661,105.1802661,105.1691661,
6348.65,105.1716,105.1912,105.18,,,6348.65,105.1609703,105.1805703,105.1693703,
6349.5504,105.1717,105.212,105.1907,,,6349.5504,105.1610746,105.2013746,105.1800746,
6350.4498,105.1709,105.2014,105.1835,,,6350.4498,105.1602789,105.1907789,105.1728789,
6351.3502,105.1717,105.2163,105.1938,,,6351.3502,105.1610831,105.2056831,105.1831831,
6352.2496,105.1712,105.2029,105.1835,,,6352.2496,105.1605874,105.1922874,105.1728874,
6353.1002,105.1709,105.1979,105.1831,,,6353.1002,105.1602914,105.1872914,105.1724914,
6353.9498,105.1712,105.2013,105.1844,,,6353.9498,105.1605954,105.1906954,105.1737954,
6354.8502,105.1712,105.1899,105.1788,,,6354.8502,105.1605997,105.1792997,105.1681997,
6355.7496,105.1713,105.1903,105.1786,,,6355.7496,105.160704,105.179704,105.168004,
6356.65,105.1715,105.199,105.1838,,,6356.65,105.1609082,105.1884082,105.1732082,
6357.5504,105.1708,105.1916,105.1794,,,6357.5504,105.1602125,105.1810125,105.1688125,
6358.4498,105.1709,105.193,105.1801,,,6358.4498,105.1603168,105.1824168,105.1695168,
6359.3502,105.1705,105.1881,105.1779,,,6359.3502,105.159921,105.177521,105.167321,
6360.2496,105.1708,105.1888,105.1777,,,6360.2496,105.1602253,105.1782253,105.1671253,
6361.15,105.1704,105.1877,105.1777,,,6361.15,105.1598296,105.1771296,105.1671296,
6362.0504,105.1702,105.1883,105.1775,,,6362.0504,105.1596338,105.1777338,105.1669338,
6362.9498,105.1697,105.1943,105.1804,,,6362.9498,105.1591381,105.1837381,105.1698381,
6363.7999,105.1694,105.1874,105.1762,,,6363.7999,105.1588421,105.1768421,105.1656421,
6364.65,105.1692,105.1879,105.1766,,,6364.65,105.1586461,105.1773461,105.1660461,
6365.5504,105.169,105.1879,105.1765,,,6365.5504,105.1584504,105.1773504,105.1659504,
6366.4498,105.169,105.1864,105.176,,,6366.4498,105.1584547,105.1758547,105.1654547,
6367.3502,105.1692,105.1869,105.1762,,,6367.3502,105.1586589,105.1763589,105.1656589,
6368.2496,105.1686,105.1893,105.1768,,,6368.2496,105.1580632,105.1787632,105.1662632,
6369.15,105.1688,105.1872,105.1762,,,6369.15,105.1582675,105.1766675,105.1656675,
6370.0504,105.1676,105.1948,105.1797,,,6370.0504,105.1570717,105.1842717,105.1691717,
6370.9498,105.168,105.1857,105.1753,,,6370.9498,105.157476,105.175176,105.164776,
6371.8502,105.1682,105.1848,105.1752,,,6371.8502,105.1576803,105.1742803,105.1646803,
6372.7496,105.1684,105.1862,105.1759,,,6372.7496,105.1578845,105.1756845,105.1653845,
6373.65,105.1678,105.1858,105.1751,,,6373.65,105.1572888,105.1752888,105.1645888,
6374.5504,105.1677,105.1856,105.1756,,,6374.5504,105.1571931,105.1750931,105.1650931,
6375.4498,105.1677,105.1857,105.1747,,,6375.4498,105.1571973,105.1751973,105.1641973,
6376.3502,105.1676,105.1857,105.1746,,,6376.3502,105.1571016,105.1752016,105.1641016,
6377.2496,105.1674,105.1971,105.1809,,,6377.2496,105.1569059,105.1866059,105.1704059,
6378.1002,105.1672,105.1849,105.175,,,6378.1002,105.1567099,105.1744099,105.1645099,
6378.9498,105.1673,105.1856,105.1753,,,6378.9498,105.1568139,105.1751139,105.1648139,
6379.8502,105.1677,105.1865,105.1753,,,6379.8502,105.1572182,105.1760182,105.1648182,
6380.7496,105.1672,105.186,105.1751,,,6380.7496,105.1567224,105.1755224,105.1646224,
6381.65,105.1676,105.1852,105.1747,,,6381.65,105.1571267,105.1747267,105.1642267,
6382.5504,105.1669,105.19,105.1772,,,6382.5504,105.156431,105.179531,105.166731,
6383.4498,105.167,105.186,105.1756,,,6383.4498,105.1565352,105.1755352,105.1651352,
6384.3502,105.1677,105.1854,105.1751,,,6384.3502,105.1572395,105.1749395,105.1646395,
6385.2496,105.1677,105.1861,105.1756,,,6385.2496,105.1572438,105.1756438,105.1651438,
6386.15,105.1682,105.1854,105.1751,,,6386.15,105.157748,105.174948,105.164648,
6387.0504,105.1684,105.1854,105.1757,,,6387.0504,105.1579523,105.1749523,105.1652523,
6387.9498,105.1688,105.1864,105.1764,,,6387.9498,105.1583566,105.1759566,105.1659566,
6388.8502,105.1689,105.1876,105.1761,,,6388.8502,105.1584608,105.1771608,105.1656608,
6389.7496,105.1692,105.1876,105.1769,,,6389.7496,105.1587651,105.1771651,105.1664651,
6390.65,105.1694,105.1876,105.1777,,,6390.65,105.1589693,105.1771693,105.1672693,
6391.5504,105.17,105.1876,105.1779,,,6391.5504,105.1595736,105.1771736,105.1674736,
6392.4498,105.1705,105.1879,105.1786,,,6392.4498,105.1600779,105.1774779,105.1681779,
6393.3502,105.1708,105.1885,105.178,,,6393.3502,105.1603821,105.1780821,105.1675821,
6394.2496,105.1712,105.1884,105.1786,,,6394.2496,105.1607864,105.1779864,105.1681864,
6395.15,105.1723,105.1896,105.1794,,,6395.15,105.1618907,105.1791907,105.1689907,
6396.0504,105.1724,105.1895,105.1797,,,6396.0504,105.1619949,105.1790949,105.1692949,
6396.9,105.1729,105.1901,105.1804,,,6396.9,105.162499,105.179699,105.169999,
6397.7999,105.1736,105.1908,105.1813,,,6397.7999,105.1632032,105.1804032,105.1709032,
6398.6998,105.1741,105.1905,105.1813,,,6398.6998,105.1637075,105.1801075,105.1709075,
6399.6002,105.1744,105.1916,105.1825,,,6399.6002,105.1640118,105.1812118,105.1721118,
6400.5001,105.1749,105.1919,105.1827,,,6400.5001,105.164516,105.181516,105.172316,
6401.3502,105.1751,105.1923,105.1829,,,6401.3502,105.1647201,105.1819201,105.1725201,
6402.2496,105.1759,105.1936,105.1838,,,6402.2496,105.1655243,105.1832243,105.1734243,
6403.15,105.176,105.1921,105.1837,,,6403.15,105.1656286,105.1817286,105.1733286,
6404.0504,105.1766,105.1932,105.184,,,6404.0504,105.1662328,105.1828328,105.1736328,
6404.9498,105.1763,105.1959,105.1869,,,6404.9498,105.1659371,105.1855371,105.1765371,
6405.8502,105.1762,105.1934,105.1846,,,6405.8502,105.1658414,105.1830414,105.1742414,
6406.7496,105.1775,105.1935,105.1849,,,6406.7496,105.1671456,105.1831456,105.1745456,
6407.65,105.1779,105.1932,105.1851,,,6407.65,105.1675499,105.1828499,105.1747499,
6408.5504,105.1783,105.1932,105.1858,,,6408.5504,105.1679542,105.1828542,105.1754542,
6409.4498,105.178,105.1932,105.186,,,6409.4498,105.1676584,105.1828584,105.1756584,
6410.3502,105.178,105.1927,105.1853,,,6410.3502,105.1676627,105.1823627,105.1749627,
6411.2496,105.1782,105.1916,105.1849,,,6411.2496,105.167867,105.181267,105.174567,
6412.15,105.1786,105.1916,105.1852,,,6412.15,105.1682712,105.1812712,105.1748712,
6413.0504,105.1782,105.1917,105.1858,,,6413.0504,105.1678755,105.1813755,105.1754755,
6413.9498,105.1771,105.1909,105.1843,,,6413.9498,105.1667798,105.1805798,105.1739798,
6414.8502,105.1775,105.1911,105.1844,,,6414.8502,105.167184,105.180784,105.174084,
6415.7496,105.1766,105.1901,105.1839,,,6415.7496,105.1662883,105.1797883,105.1735883,
6416.65,105.1766,105.1893,105.1834,,,6416.65,105.1662925,105.1789925,105.1730925,
6417.5504,105.1764,105.1884,105.1829,,,6417.5504,105.1660968,105.1780968,105.1725968,
6418.4498,105.1752,105.1879,105.1825,,,6418.4498,105.1649011,105.1776011,105.1722011,
6419.3502,105.1751,105.1874,105.182,,,6419.3502,105.1648053,105.1771053,105.1717053,
6420.2496,105.1758,105.1868,105.1819,,,6420.2496,105.1655096,105.1765096,105.1716096,
6421.15,105.1748,105.1862,105.1812,,,6421.15,105.1645139,105.1759139,105.1709139,
6422.0504,105.1737,105.1852,105.1805,,,6422.0504,105.1634181,105.1749181,105.1702181,
6422.9,105.1728,105.1838,105.1789,,,6422.9,105.1625222,105.1735222,105.1686222,
6423.7496,105.1716,105.1831,105.1781,,,6423.7496,105.1613262,105.1728262,105.1678262,
6424.65,105.1711,105.1818,105.1771,,,6424.65,105.1608305,105.1715305,105.1668305,
6425.5504,105.1696,105.1807,105.1764,,,6425.5504,105.1593347,105.1704347,105.1661347,
6426.4498,105.1684,105.1802,105.1757,,,6426.4498,105.158139,105.169939,105.165439,
6427.3502,105.1668,105.1787,105.1732,,,6427.3502,105.1565433,105.1684433,105.1629433,
6428.2496,105.1651,105.1768,105.1715,,,6428.2496,105.1548475,105.1665475,105.1612475,
6429.15,105.1634,105.1755,105.1699,,,6429.15,105.1531518,105.1652518,105.1596518,
6430.0504,105.1623,105.174,105.1686,,,6430.0504,105.152056,105.163756,105.158356,
6430.9498,105.1607,105.1728,105.1676,,,6430.9498,105.1504603,105.1625603,105.1573603,
6431.8502,105.1586,105.1717,105.1658,,,6431.8502,105.1483646,105.1614646,105.1555646,
6432.7496,105.1572,105.1704,105.1645,,,6432.7496,105.1469688,105.1601688,105.1542688,
6433.65,105.1556,105.1688,105.1624,,,6433.65,105.1453731,105.1585731,105.1521731,
6434.5504,105.1537,105.1669,105.1606,,,6434.5504,105.1434774,105.1566774,105.1503774,
6435.4498,105.1516,105.165,105.1584,,,6435.4498,105.1413816,105.1547816,105.1481816,
6436.3502,105.1494,105.1629,105.1566,,,6436.3502,105.1391859,105.1526859,105.1463859,
6437.2496,105.1474,105.1633,105.1569,,,6437.2496,105.1371902,105.1530902,105.1466902,
6438.15,105.1455,105.1599,105.1533,,,6438.15,105.1352944,105.1496944,105.1430944,
6439.0504,105.1438,105.158,105.1513,,,6439.0504,105.1335987,105.1477987,105.1410987,
6439.9498,105.1407,105.1561,105.1492,,,6439.9498,105.130503,105.145903,105.139003,
6440.8502,105.1384,105.1536,105.1467,,,6440.8502,105.1282072,105.1434072,105.1365072,
6441.7496,105.136,105.1518,105.1444,,,6441.7496,105.1258115,105.1416115,105.1342115,
6442.65,105.1338,105.1494,105.1419,,,6442.65,105.1236158,105.1392158,105.1317158,
6443.5001,105.1321,105.1477,105.1405,,,6443.5001,105.1219198,105.1375198,105.1303198,
6444.3502,105.1298,105.1454,105.1386,,,6444.3502,105.1196238,105.1352238,105.1284238,
6445.2496,105.1279,105.1432,105.1364,,,6445.2496,105.1177281,105.1330281,105.1262281,
6446.15,105.1252,105.1416,105.1343,,,6446.15,105.1150323,105.1314323,105.1241323,
6447.0504,105.1226,105.1391,105.1313,,,6447.0504,105.1124366,105.1289366,105.1211366,
6447.9498,105.1205,105.1361,105.1287,,,6447.9498,105.1103409,105.1259409,105.1185409,
6448.8502,105.1189,105.1342,105.127,,,6448.8502,105.1087451,105.1240451,105.1168451,
6449.7496,105.1161,105.1324,105.1248,,,6449.7496,105.1059494,105.1222494,105.1146494,
6450.65,105.1138,105.1308,105.1232,,,6450.65,105.1036537,105.1206537,105.1130537,
6451.5504,105.1117,105.1297,105.1224,,,6451.5504,105.1015579,105.1195579,105.1122579,
6452.4498,105.1089,105.1274,105.1196,,,6452.4498,105.0987622,105.1172622,105.1094622,
6453.3502,105.1074,105.1278,105.1207,,,6453.3502,105.0972665,105.1176665,105.1105665,
6454.2496,105.1055,105.1266,105.1193,,,6454.2496,105.0953707,105.1164707,105.1091707,
6455.15,105.1029,105.125,105.1161,,,6455.15,105.092775,105.114875,105.105975,
6456.0504,105.1019,105.1244,105.1158,,,6456.0504,105.0917792,105.1142792,105.1056792,
6456.9498,105.1008,105.1217,105.1138,,,6456.9498,105.0906835,105.1115835,105.1036835,
6457.8502,105.0993,105.1216,105.1135,,,6457.8502,105.0891878,105.1114878,105.1033878,
6458.7496,105.0978,105.1214,105.1123,,,6458.7496,105.087692,105.111292,105.102192,
6459.65,105.0976,105.1204,105.1129,,,6459.65,105.0874963,105.1102963,105.1027963,
6460.5504,105.0972,105.1208,105.1122,,,6460.5504,105.0871006,105.1107006,105.1021006,
6461.4498,105.0968,105.1196,105.1112,,,6461.4498,105.0867048,105.1095048,105.1011048,
6462.2999,105.0968,105.1192,105.1115,,,6462.2999,105.0867089,105.1091089,105.1014089,
6463.15,105.0974,105.118,105.1098,,,6463.15,105.0873129,105.1079129,105.0997129,
6464.0504,105.0974,105.1192,105.1097,,,6464.0504,105.0873172,105.1091172,105.0996172,
6464.9498,105.0976,105.1209,105.1124,,,6464.9498,105.0875214,105.1108214,105.1023214,
6465.8502,105.0994,105.1219,105.1136,,,6465.8502,105.0893257,105.1118257,105.1035257,
6466.7496,105.1007,105.122,105.1121,,,6466.7496,105.0906299,105.1119299,105.1020299,
6467.65,105.1023,105.124,105.1137,,,6467.65,105.0922342,105.1139342,105.1036342,
6468.5504,105.1046,105.1273,105.1178,,,6468.5504,105.0945385,105.1172385,105.1077385,
6469.4498,105.1058,105.131,105.1219,,,6469.4498,105.0957427,105.1209427,105.1118427,
6470.3502,105.1077,105.1322,105.1231,,,6470.3502,105.097647,105.122147,105.113047,
6471.2496,105.1101,105.1334,105.1245,,,6471.2496,105.1000513,105.1233513,105.1144513,
6472.1002,105.1124,105.1363,105.1253,,,6472.1002,105.1023553,105.1262553,105.1152553,
6472.9498,105.1153,105.1364,105.1255,,,6472.9498,105.1052593,105.1263593,105.1154593,
6473.8502,105.1187,105.1392,105.1282,,,6473.8502,105.1086636,105.1291636,105.1181636,
6474.7496,105.122,105.1399,105.13,,,6474.7496,105.1119679,105.1298679,105.1199679,
6475.65,105.1256,105.1494,105.1405,,,6475.65,105.1155721,105.1393721,105.1304721,
6476.5504,105.1283,105.1461,105.1361,,,6476.5504,105.1182764,105.1360764,105.1260764,
6477.4498,105.1314,105.1498,105.1393,,,6477.4498,105.1213807,105.1397807,105.1292807,
6478.3502,105.1352,105.1528,105.1428,,,6478.3502,105.1251849,105.1427849,105.1327849,
6479.2496,105.1384,105.1571,105.1465,,,6479.2496,105.1283892,105.1470892,105.1364892,
6480.15,105.1426,105.1596,105.15,,,6480.15,105.1325934,105.1495934,105.1399934,
6481.0001,105.1451,105.1635,105.1533,,,6481.0001,105.1350975,105.1534975,105.1432975,
6481.8502,105.1489,105.1665,105.1564,,,6481.8502,105.1389015,105.1565015,105.1464015,
6482.7496,105.1514,105.1686,105.1595,,,6482.7496,105.1414058,105.1586058,105.1495058,
6483.65,105.1552,105.1727,105.1629,,,6483.65,105.14521,105.16271,105.15291,
6484.5504,105.1591,105.1764,105.1665,,,6484.5504,105.1491143,105.1664143,105.1565143,
6485.4498,105.1617,105.179,105.1697,,,6485.4498,105.1517186,105.1690186,105.1597186,
6486.3502,105.1649,105.1829,105.1731,,,6486.3502,105.1549228,105.1729228,105.1631228,
6487.2496,105.1686,105.1868,105.1769,,,6487.2496,105.1586271,105.1768271,105.1669271,
6488.1002,105.1719,105.1888,105.1794,,,6488.1002,105.1619311,105.1788311,105.1694311,
6488.9498,105.1743,105.1923,105.1825,,,6488.9498,105.1643351,105.1823351,105.1725351,
6489.8502,105.1774,105.1955,105.1856,,,6489.8502,105.1674394,105.1855394,105.1756394,
6490.7496,105.1805,105.1991,105.1888,,,6490.7496,105.1705437,105.1891437,105.1788437,
6491.65,105.1833,105.2018,105.192,,,6491.65,105.1733479,105.1918479,105.1820479,
6492.5504,105.1866,105.2057,105.1959,,,6492.5504,105.1766522,105.1957522,105.1859522,
6493.4498,105.1892,105.2107,105.1994,,,6493.4498,105.1792565,105.2007565,105.1894565,
6494.3502,105.1916,105.2112,105.2011,,,6494.3502,105.1816607,105.2012607,105.1911607,
6495.2496,105.195,105.2157,105.2045,,,6495.2496,105.185065,105.205765,105.194565,
6496.1002,105.1962,105.219,105.2073,,,6496.1002,105.186269,105.209069,105.197369,
6496.9498,105.199,105.2222,105.2105,,,6496.9498,105.1890731,105.2122731,105.2005731,
6497.8502,105.2013,105.2243,105.2129,,,6497.8502,105.1913773,105.2143773,105.2029773,
6498.7496,105.2045,105.2298,105.2164,,,6498.7496,105.1945816,105.2198816,105.2064816,
6499.65,105.2064,105.2286,105.2175,,,6499.65,105.1964858,105.2186858,105.2075858,
6500.5504,105.2085,105.2323,105.2201,,,6500.5504,105.1985901,105.2223901,105.2101901,
6501.4498,105.2108,105.2329,105.2217,,,6501.4498,105.2008944,105.2229944,105.2117944,
6502.3502,105.2134,105.2342,105.2233,,,6502.3502,105.2034986,105.2242986,105.2133986,
6503.2496,105.2147,105.2366,105.2257,,,6503.2496,105.2048029,105.2267029,105.2158029,
6504.1002,105.2173,105.2452,105.233,,,6504.1002,105.2074069,105.2353069,105.2231069,
6504.9498,105.2177,105.2404,105.2294,,,6504.9498,105.207811,105.230511,105.219511,
6505.8502,105.2202,105.2453,105.2332,,,6505.8502,105.2103152,105.2354152,105.2233152,
6506.7496,105.2229,105.2478,105.2341,,,6506.7496,105.2130195,105.2379195,105.2242195,
6507.65,105.2226,105.2453,105.2332,,,6507.65,105.2127238,105.2354238,105.2233238,
6508.5504,105.2236,105.2476,105.2352,,,6508.5504,105.213728,105.237728,105.225328,
6509.4498,105.2255,105.2484,105.2363,,,6509.4498,105.2156323,105.2385323,105.2264323,
6510.3502,105.2265,105.2541,105.2408,,,6510.3502,105.2166365,105.2442365,105.2309365,
6511.2496,105.2283,105.2564,105.2426,,,6511.2496,105.2184408,105.2465408,105.2327408,
6512.15,105.2292,105.253,105.2399,,,6512.15,105.2193451,105.2431451,105.2300451,
6513.0001,105.2311,105.258,105.2451,,,6513.0001,105.2212491,105.2481491,105.2352491,
6513.8502,105.2319,105.2537,105.2423,,,6513.8502,105.2220531,105.2438531,105.2324531,
6514.7496,105.2337,105.257,105.2436,,,6514.7496,105.2238574,105.2471574,105.2337574,
6515.65,105.2339,105.2564,105.2434,,,6515.65,105.2240617,105.2465617,105.2335617,
6516.5504,105.2351,105.2561,105.244,,,6516.5504,105.2252659,105.2462659,105.2341659,
6517.4498,105.2359,105.2578,105.2451,,,6517.4498,105.2260702,105.2479702,105.2352702,
6518.3502,105.2363,105.2574,105.2449,,,6518.3502,105.2264745,105.2475745,105.2350745,
6519.2496,105.2362,105.2613,105.2464,,,6519.2496,105.2263787,105.2514787,105.2365787,
6520.15,105.237,105.2625,105.2469,,,6520.15,105.227183,105.252683,105.237083,
6521.0504,105.2372,105.2639,105.2489,,,6521.0504,105.2273873,105.2540873,105.2390873,
6521.9498,105.2378,105.2619,105.2471,,,6521.9498,105.2279915,105.2520915,105.2372915,
6522.7999,105.2378,105.2611,105.247,,,6522.7999,105.2279955,105.2512955,105.2371955,
6523.65,105.2386,105.2615,105.2473,,,6523.65,105.2287996,105.2516996,105.2374996,
6524.5504,105.238,105.2629,105.2488,,,6524.5504,105.2282038,105.2531038,105.2390038,
6525.4498,105.2385,105.2601,105.2464,,,6525.4498,105.2287081,105.2503081,105.2366081,
6526.3502,105.2385,105.2621,105.247,,,6526.3502,105.2287124,105.2523124,105.2372124,
6527.2496,105.2386,105.2662,105.2497,,,6527.2496,105.2288166,105.2564166,105.2399166,
6528.15,105.2382,105.2607,105.2464,,,6528.15,105.2284209,105.2509209,105.2366209,
6529.0504,105.2382,105.2636,105.248,,,6529.0504,105.2284252,105.2538252,105.2382252,
6529.9498,105.2376,105.2642,105.248,,,6529.9498,105.2278294,105.2544294,105.2382294,
6530.8502,105.238,105.2621,105.2469,,,6530.8502,105.2282337,105.2523337,105.2371337,
6531.7496,105.2369,105.2624,105.2468,,,6531.7496,105.227138,105.252638,105.237038,
6532.65,105.2373,105.2664,105.2504,,,6532.65,105.2275422,105.2566422,105.2406422,
6533.5504,105.237,105.2628,105.2463,,,6533.5504,105.2272465,105.2530465,105.2365465,
6534.4498,105.2363,105.2636,105.2465,,,6534.4498,105.2265507,105.2538507,105.2367507,
6535.2999,105.2366,105.2678,105.2503,,,6535.2999,105.2268548,105.2580548,105.2405548,
6536.1998,105.2361,105.2711,105.2511,,,6536.1998,105.226359,105.261359,105.241359,
6537.1002,105.2349,105.265,105.2463,,,6537.1002,105.2251633,105.2552633,105.2365633,
6537.9498,105.2347,105.2672,105.2481,,,6537.9498,105.2249673,105.2574673,105.2383673,
6538.8502,105.2343,105.2655,105.2467,,,6538.8502,105.2245716,105.2557716,105.2369716,
6539.7496,105.2342,105.2668,105.2482,,,6539.7496,105.2244759,105.2570759,105.2384759,
6540.65,105.2345,105.2648,105.2464,,,6540.65,105.2247801,105.2550801,105.2366801,
6541.5504,105.2339,105.2642,105.2457,,,6541.5504,105.2241844,105.2544844,105.2359844,
6542.4498,105.2346,105.2623,105.2453,,,6542.4498,105.2248887,105.2525887,105.2355887,
6543.3502,105.2335,105.2615,105.2448,,,6543.3502,105.2237929,105.2517929,105.2350929,
6544.2496,105.2339,105.2629,105.2456,,,6544.2496,105.2241972,105.2531972,105.2358972,
6545.15,105.2338,105.267,105.2466,,,6545.15,105.2241014,105.2573014,105.2369014,
6546.0504,105.2329,105.2647,105.2451,,,6546.0504,105.2232057,105.2550057,105.2354057,
6546.9498,105.233,105.2625,105.2446,,,6546.9498,105.22331,105.25281,105.23491,
6547.7999,105.2335,105.2666,105.2468,,,6547.7999,105.223814,105.256914,105.237114,
6548.65,105.2326,105.2617,105.2437,,,6548.65,105.222918,105.252018,105.234018,
6549.5504,105.2323,105.2615,105.2438,,,6549.5504,105.2226223,105.2518223,105.2341223,
6550.4498,105.232,105.2638,105.2448,,,6550.4498,105.2223266,105.2541266,105.2351266,
6551.3502,105.232,105.2608,105.2435,,,6551.3502,105.2223308,105.2511308,105.2338308,
6552.2496,105.2322,105.2631,105.2449,,,6552.2496,105.2225351,105.2534351,105.2352351,
6553.15,105.2318,105.2634,105.2451,,,6553.15,105.2221394,105.2537394,105.2354394,
6554.0504,105.2316,105.264,105.2458,,,6554.0504,105.2219436,105.2543436,105.2361436,
6554.9498,105.232,105.2634,105.2445,,,6554.9498,105.2223479,105.2537479,105.2348479,
6555.8502,105.232,105.2659,105.2486,,,6555.8502,105.2223522,105.2562522,105.2389522,
6556.7496,105.2314,105.2638,105.2458,,,6556.7496,105.2217564,105.2541564,105.2361564,
6557.6002,105.2316,105.2593,105.2431,,,6557.6002,105.2219604,105.2496604,105.2334604,
6558.4498,105.2316,105.2601,105.2427,,,6558.4498,105.2219645,105.2504645,105.2330645,
6559.3502,105.2314,105.2585,105.2426,,,6559.3502,105.2217687,105.2488687,105.2329687,
6560.2496,105.2319,105.257,105.2421,,,6560.2496,105.222273,105.247373,105.232473,
6561.15,105.232,105.2574,105.242,,,6561.15,105.2223773,105.2477773,105.2323773,
6562.0504,105.2318,105.2588,105.2424,,,6562.0504,105.2221815,105.2491815,105.2327815,
6562.9498,105.2316,105.2574,105.2422,,,6562.9498,105.2219858,105.2477858,105.2325858,
6563.8502,105.2311,105.257,105.2416,,,6563.8502,105.2214901,105.2473901,105.2319901,
6564.7496,105.2326,105.264,105.2477,,,6564.7496,105.2229943,105.2543943,105.2380943,
6565.65,105.2311,105.2576,105.2421,,,6565.65,105.2214986,105.2479986,105.2324986,
6566.5504,105.232,105.2572,105.2421,,,6566.5504,105.2224029,105.2476029,105.2325029,
6567.4498,105.2319,105.2564,105.2418,,,6567.4498,105.2223071,105.2468071,105.2322071,
6568.3502,105.2325,105.2552,105.2419,,,6568.3502,105.2229114,105.2456114,105.2323114,
6569.1998,105.2329,105.2565,105.2423,,,6569.1998,105.2233154,105.2469154,105.2327154,
6570.0504,105.2319,105.2593,105.243,,,6570.0504,105.2223194,105.2497194,105.2334194,
6570.9498,105.2322,105.2572,105.2423,,,6570.9498,105.2226237,105.2476237,105.2327237,
6571.8502,105.2326,105.2592,105.2432,,,6571.8502,105.223028,105.249628,105.233628,
6572.7496,105.2322,105.256,105.2421,,,6572.7496,105.2226322,105.2464322,105.2325322,
6573.65,105.2325,105.2554,105.242,,,6573.65,105.2229365,105.2458365,105.2324365,
6574.5504,105.2327,105.2552,105.2416,,,6574.5504,105.2231408,105.2456408,105.2320408,
6575.4498,105.232,105.2558,105.2416,,,6575.4498,105.222445,105.246245,105.232045,
6576.3502,105.2322,105.2564,105.2414,,,6576.3502,105.2226493,105.2468493,105.2318493,
6577.2496,105.2323,105.2572,105.2421,,,6577.2496,105.2227536,105.2476536,105.2325536,
6578.1002,105.2322,105.2552,105.2415,,,6578.1002,105.2226576,105.2456576,105.2319576,
6579.0001,105.2326,105.2572,105.2418,,,6579.0001,105.2230618,105.2476618,105.2322618,
6579.9,105.2322,105.2561,105.2415,,,6579.9,105.2226661,105.2465661,105.2319661,
6580.7496,105.233,105.2526,105.2408,,,6580.7496,105.2234701,105.2430701,105.2312701,
6581.65,105.2331,105.2548,105.2418,,,6581.65,105.2235744,105.2452744,105.2322744,
6582.5504,105.2333,105.2527,105.2413,,,6582.5504,105.2237787,105.2431787,105.2317787,
6583.4498,105.2334,105.2534,105.2411,,,6583.4498,105.2238829,105.2438829,105.2315829,
6584.3502,105.2339,105.253,105.2414,,,6584.3502,105.2243872,105.2434872,105.2318872,
6585.2496,105.2337,105.2518,105.2414,,,6585.2496,105.2241915,105.2422915,105.2318915,
6586.15,105.2339,105.2533,105.2416,,,6586.15,105.2243957,105.2437957,105.2320957,
6587.0504,105.2342,105.2529,105.2415,,,6587.0504,105.2247,105.2434,105.232,
6587.9498,105.2341,105.2527,105.2412,,,6587.9498,105.2246043,105.2432043,105.2317043,
6588.8502,105.2338,105.2518,105.2413,,,6588.8502,105.2243085,105.2423085,105.2318085,
6589.7496,105.2337,105.2511,105.241,,,6589.7496,105.2242128,105.2416128,105.2315128,
6590.6002,105.2338,105.2522,105.2412,,,6590.6002,105.2243168,105.2427168,105.2317168,
6591.5001,105.2339,105.2514,105.2409,,,6591.5001,105.2244211,105.2419211,105.2314211,
6592.4,105.2335,105.2514,105.2407,,,6592.4,105.2240253,105.2419253,105.2312253,
6593.2496,105.2337,105.2519,105.2409,,,6593.2496,105.2242294,105.2424294,105.2314294,
6594.15,105.2338,105.2519,105.2412,,,6594.15,105.2243336,105.2424336,105.2317336,
6595.0504,105.2342,105.2526,105.2414,,,6595.0504,105.2247379,105.2431379,105.2319379,
6595.9498,105.2342,105.2521,105.2411,,,6595.9498,105.2247422,105.2426422,105.2316422,
6596.8502,105.2342,105.2509,105.2407,,,6596.8502,105.2247464,105.2414464,105.2312464,
6597.7496,105.2342,105.2511,105.2408,,,6597.7496,105.2247507,105.2416507,105.2313507,
6598.65,105.2339,105.2511,105.2407,,,6598.65,105.224455,105.241655,105.231255,
6599.5504,105.2338,105.2511,105.2407,,,6599.5504,105.2243592,105.2416592,105.2312592,
6600.4498,105.2339,105.2502,105.2407,,,6600.4498,105.2244635,105.2407635,105.2312635,
6601.3502,105.2335,105.2507,105.2404,,,6601.3502,105.2240678,105.2412678,105.2309678,
6602.2496,105.2334,105.2505,105.2402,,,6602.2496,105.223972,105.241072,105.230772,
6603.15,105.2331,105.2495,105.2399,,,6603.15,105.2236763,105.2400763,105.2304763,
6604.0504,105.2333,105.2491,105.2399,,,6604.0504,105.2238805,105.2396805,105.2304805,
6604.9498,105.2329,105.2505,105.2398,,,6604.9498,105.2234848,105.2410848,105.2303848,
6605.8502,105.2327,105.249,105.2396,,,6605.8502,105.2232891,105.2395891,105.2301891,
6606.6998,105.2325,105.2503,105.2396,,,6606.6998,105.2230931,105.2408931,105.2301931,
6607.6002,105.2326,105.2505,105.2399,,,6607.6002,105.2231974,105.2410974,105.2304974,
6608.5001,105.2327,105.249,105.2397,,,6608.5001,105.2233016,105.2396016,105.2303016,
6609.4,105.2325,105.2491,105.2398,,,6609.4,105.2231059,105.2397059,105.2304059,
6610.2999,105.2329,105.2494,105.2396,,,6610.2999,105.2235102,105.2400102,105.2302102,
6611.15,105.2329,105.2496,105.24,,,6611.15,105.2235142,105.2402142,105.2306142,
6612.0504,105.2325,105.2488,105.2396,,,6612.0504,105.2231185,105.2394185,105.2302185,
6612.9498,105.2327,105.2494,105.2399,,,6612.9498,105.2233227,105.2400227,105.2305227,
6613.8502,105.2323,105.2488,105.2395,,,6613.8502,105.222927,105.239427,105.230127,
6614.7496,105.232,105.2491,105.2396,,,6614.7496,105.2226312,105.2397312,105.2302312,
6615.65,105.2326,105.2491,105.2395,,,6615.65,105.2232355,105.2397355,105.2301355,
6616.5504,105.2326,105.2478,105.2392,,,6616.5504,105.2232398,105.2384398,105.2298398,
6617.4498,105.2323,105.2484,105.2393,,,6617.4498,105.222944,105.239044,105.229944,
6618.3502,105.2329,105.2499,105.2395,,,6618.3502,105.2235483,105.2405483,105.2301483,
6619.2496,105.2329,105.249,105.2392,,,6619.2496,105.2235526,105.2396526,105.2298526,
6620.15,105.2327,105.2483,105.2391,,,6620.15,105.2233568,105.2389568,105.2297568,
6621.0504,105.2327,105.2482,105.2391,,,6621.0504,105.2233611,105.2388611,105.2297611,
6621.9498,105.2325,105.2486,105.2392,,,6621.9498,105.2231654,105.2392654,105.2298654,
6622.8502,105.2325,105.249,105.2392,,,6622.8502,105.2231696,105.2396696,105.2298696,
6623.7496,105.2322,105.2496,105.2391,,,6623.7496,105.2228739,105.2402739,105.2297739,
6624.65,105.2325,105.2495,105.2391,,,6624.65,105.2231782,105.2401782,105.2297782,
6625.5504,105.2322,105.2484,105.2388,,,6625.5504,105.2228824,105.2390824,105.2294824,
6626.4498,105.2318,105.2491,105.2388,,,6626.4498,105.2224867,105.2397867,105.2294867,
6627.3502,105.2316,105.2482,105.2385,,,6627.3502,105.222291,105.238891,105.229191,
6628.2496,105.2316,105.248,105.2386,,,6628.2496,105.2222952,105.2386952,105.2292952,
6629.15,105.231,105.2487,105.2382,,,6629.15,105.2216995,105.2393995,105.2288995,
6630.0504,105.231,105.2488,105.2381,,,6630.0504,105.2217038,105.2395038,105.2288038,
6630.9498,105.2314,105.2487,105.238,,,6630.9498,105.222108,105.239408,105.228708,
6631.8502,105.231,105.249,105.2379,,,6631.8502,105.2217123,105.2397123,105.2286123,
6632.7496,105.2308,105.249,105.238,,,6632.7496,105.2215165,105.2397165,105.2287165,
6633.6002,105.2311,105.249,105.238,,,6633.6002,105.2218206,105.2397206,105.2287206,
6634.4498,105.2308,105.2488,105.2382,,,6634.4498,105.2215246,105.2395246,105.2289246,
6635.3502,105.2311,105.2483,105.238,,,6635.3502,105.2218289,105.2390289,105.2287289,
6636.2999,105.2307,105.2488,105.238,,,6636.2999,105.2214334,105.2395334,105.2287334,
6637.2496,105.2306,105.2498,105.2381,,,6637.2496,105.2213379,105.2405379,105.2288379,
6638.15,105.231,105.2501,105.2385,,,6638.15,105.2217421,105.2408421,105.2292421,
6639.0001,105.2308,105.2503,105.2388,,,6639.0001,105.2215462,105.2410462,105.2295462,
6639.8502,105.2307,105.2513,105.2393,,,6639.8502,105.2214502,105.2420502,105.2300502,
6640.7999,105.2308,105.2501,105.2387,,,6640.7999,105.2215547,105.2408547,105.2294547,
6641.6998,105.2307,105.2499,105.2383,,,6641.6998,105.221459,105.240659,105.229059,
6642.6002,105.2307,105.2629,105.2459,,,6642.6002,105.2214632,105.2536632,105.2366632,
6643.5001,105.2298,105.2652,105.2477,,,6643.5001,105.2205675,105.2559675,105.2384675,
6644.3502,105.2304,105.251,105.2386,,,6644.3502,105.2211715,105.2417715,105.2293715,
6645.2496,105.2303,105.2517,105.2388,,,6645.2496,105.2210758,105.2424758,105.2295758,
6646.15,105.2304,105.2518,105.2388,,,6646.15,105.22118,105.24258,105.22958,
6647.0504,105.2303,105.253,105.239,,,6647.0504,105.2210843,105.2437843,105.2297843,
6647.9498,105.2299,105.2534,105.2391,,,6647.9498,105.2206886,105.2441886,105.2298886,
6648.8502,105.2295,105.2521,105.2387,,,6648.8502,105.2202928,105.2428928,105.2294928,
6649.7496,105.2306,105.2522,105.2391,,,6649.7496,105.2213971,105.2429971,105.2298971,
6650.65,105.23,105.2519,105.2386,,,6650.65,105.2208014,105.2427014,105.2294014,
6651.5504,105.2303,105.2542,105.2395,,,6651.5504,105.2211056,105.2450056,105.2303056,
6652.4498,105.2302,105.2553,105.2398,,,6652.4498,105.2210099,105.2461099,105.2306099,
6653.3502,105.2304,105.2546,105.2395,,,6653.3502,105.2212142,105.2454142,105.2303142,
6654.2496,105.23,105.2737,105.2526,,,6654.2496,105.2208184,105.2645184,105.2434184,
6655.15,105.2295,105.2566,105.2401,,,6655.15,105.2203227,105.2474227,105.2309227,
6656.0504,105.2298,105.2545,105.2392,,,6656.0504,105.220627,105.245327,105.230027,
6656.9498,105.2298,105.2666,105.2463,,,6656.9498,105.2206312,105.2574312,105.2371312,
6657.8502,105.2298,105.2531,105.2392,,,6657.8502,105.2206355,105.2439355,105.2300355,
6658.7496,105.2296,105.2531,105.2388,,,6658.7496,105.2204397,105.2439397,105.2296397,
6659.65,105.2286,105.2552,105.2386,,,6659.65,105.219444,105.246044,105.229444,
6660.5504,105.23,105.2568,105.2408,,,6660.5504,105.2208483,105.2476483,105.2316483,
6661.4498,105.2296,105.2558,105.2393,,,6661.4498,105.2204525,105.2466525,105.2301525,
6662.2999,105.2298,105.255,105.2395,,,6662.2999,105.2206566,105.2458566,105.2303566,
6663.1998,105.2292,105.2564,105.239,,,6663.1998,105.2200608,105.2472608,105.2298608,
6664.1002,105.2292,105.2564,105.2393,,,6664.1002,105.2200651,105.2472651,105.2301651,
6664.9498,105.2295,105.256,105.2393,,,6664.9498,105.2203691,105.2468691,105.2301691,
6665.8502,105.2291,105.2553,105.2392,,,6665.8502,105.2199734,105.2461734,105.2300734,
6666.7496,105.2286,105.2546,105.2386,,,6666.7496,105.2194776,105.2454776,105.2294776,
6667.65,105.2284,105.2549,105.239,,,6667.65,105.2192819,105.2457819,105.2298819,
6668.5504,105.2286,105.2556,105.2392,,,6668.5504,105.2194862,105.2464862,105.2300862,
6669.5001,105.2288,105.2552,105.239,,,6669.5001,105.2196907,105.2460907,105.2298907,
6670.4,105.2288,105.2548,105.2387,,,6670.4,105.2196949,105.2456949,105.2295949,
6671.2496,105.2288,105.2557,105.2392,,,6671.2496,105.219699,105.246599,105.230099,
6672.15,105.2288,105.2545,105.2394,,,6672.15,105.2197032,105.2454032,105.2303032,
6673.0504,105.2291,105.2541,105.2396,,,6673.0504,105.2200075,105.2450075,105.2305075,
6673.9498,105.2296,105.2749,105.249,,,6673.9498,105.2205118,105.2658118,105.2399118,
6674.8502,105.2298,105.259,105.241,,,6674.8502,105.220716,105.249916,105.231916,
6675.7496,105.2304,105.2615,105.2414,,,6675.7496,105.2213203,105.2524203,105.2323203,
6676.65,105.2308,105.2597,105.2417,,,6676.65,105.2217246,105.2506246,105.2326246,
6677.5504,105.2306,105.2584,105.2419,,,6677.5504,105.2215288,105.2493288,105.2328288,
6678.4498,105.232,105.2642,105.2443,,,6678.4498,105.2229331,105.2551331,105.2352331,
6679.3502,105.2311,105.2609,105.2426,,,6679.3502,105.2220374,105.2518374,105.2335374,
6680.2496,105.2316,105.2605,105.2433,,,6680.2496,105.2225416,105.2514416,105.2342416,
6681.15,105.2312,105.2611,105.2432,,,6681.15,105.2221459,105.2520459,105.2341459,
6682.0504,105.2326,105.2629,105.2441,,,6682.0504,105.2235502,105.2538502,105.2350502,
6682.9498,105.2327,105.264,105.2451,,,6682.9498,105.2236544,105.2549544,105.2360544,
6683.8502,105.2339,105.2634,105.2453,,,6683.8502,105.2248587,105.2543587,105.2362587,
6684.7496,105.2342,105.2666,105.2466,,,6684.7496,105.2251629,105.2575629,105.2375629,
6685.65,105.2345,105.2631,105.2464,,,6685.65,105.2254672,105.2540672,105.2373672,
6686.5504,105.2353,105.2639,105.2468,,,6686.5504,105.2262715,105.2548715,105.2377715,
6687.4498,105.2354,105.266,105.248,,,6687.4498,105.2263757,105.2569757,105.2389757,
6688.3502,105.2363,105.2671,105.249,,,6688.3502,105.22728,105.25808,105.23998,
6689.2496,105.2374,105.2679,105.2494,,,6689.2496,105.2283843,105.2588843,105.2403843,
6690.15,105.2382,105.2693,105.2508,,,6690.15,105.2291885,105.2602885,105.2417885,
6691.0504,105.2388,105.2678,105.2509,,,6691.0504,105.2297928,105.2587928,105.2418928,
6691.9498,105.2394,105.2686,105.2515,,,6691.9498,105.2303971,105.2595971,105.2424971,
6692.8502,105.2404,105.269,105.2525,,,6692.8502,105.2314013,105.2600013,105.2435013,
6693.7496,105.2404,105.2697,105.2526,,,6693.7496,105.2314056,105.2607056,105.2436056,
6694.65,105.2417,105.2741,105.2543,,,6694.65,105.2327099,105.2651099,105.2453099,
6695.5504,105.2421,105.2724,105.2548,,,6695.5504,105.2331141,105.2634141,105.2458141,
6696.4498,105.2431,105.2722,105.2553,,,6696.4498,105.2341184,105.2632184,105.2463184,
6697.2999,105.2439,105.2726,105.2562,,,6697.2999,105.2349224,105.2636224,105.2472224,
6698.1998,105.2448,105.275,105.2572,,,6698.1998,105.2358267,105.2660267,105.2482267,
6699.1002,105.2451,105.2771,105.2581,,,6699.1002,105.2361309,105.2681309,105.2491309,
6700.0001,105.246,105.2772,105.2588,,,6700.0001,105.2370352,105.2682352,105.2498352,
6700.9498,105.2468,105.2769,105.2596,,,6700.9498,105.2378397,105.2679397,105.2506397,
6701.7999,105.2482,105.2775,105.2606,,,6701.7999,105.2392437,105.2685437,105.2516437,
6702.65,105.2488,105.2796,105.2618,,,6702.65,105.2398478,105.2706478,105.2528478,
6703.5504,105.2495,105.2803,105.2624,,,6703.5504,105.240552,105.271352,105.253452,
6704.4498,105.2505,105.2808,105.2632,,,6704.4498,105.2415563,105.2718563,105.2542563,
6705.3502,105.2507,105.2824,105.2634,,,6705.3502,105.2417606,105.2734606,105.2544606,
6706.2496,105.2513,105.2828,105.264,,,6706.2496,105.2423648,105.2738648,105.2550648,
6707.15,105.2519,105.2832,105.265,,,6707.15,105.2429691,105.2742691,105.2560691,
6708.0504,105.2523,105.2839,105.2654,,,6708.0504,105.2433734,105.2749734,105.2564734,
6708.9498,105.2526,105.2843,105.2661,,,6708.9498,105.2436776,105.2753776,105.2571776,
6709.8502,105.2534,105.2847,105.2666,,,6709.8502,105.2444819,105.2757819,105.2576819,
6710.7496,105.2543,105.2858,105.2673,,,6710.7496,105.2453861,105.2768861,105.2583861,
6711.65,105.2549,105.2863,105.268,,,6711.65,105.2459904,105.2773904,105.2590904,
6712.5504,105.2556,105.2863,105.2686,,,6712.5504,105.2466947,105.2773947,105.2596947,
6713.4498,105.2556,105.2866,105.2691,,,6713.4498,105.2466989,105.2776989,105.2601989,
6714.3502,105.2565,105.2871,105.2696,,,6714.3502,105.2476032,105.2782032,105.2607032,
6715.2496,105.257,105.2874,105.2701,,,6715.2496,105.2481075,105.2785075,105.2612075,
6716.15,105.2573,105.2878,105.2704,,,6716.15,105.2484117,105.2789117,105.2615117,
6717.0504,105.2572,105.2894,105.2706,,,6717.0504,105.248316,105.280516,105.261716,
6717.9498,105.2576,105.2893,105.2712,,,6717.9498,105.2487203,105.2804203,105.2623203,
6718.8502,105.2581,105.2901,105.2714,,,6718.8502,105.2492245,105.2812245,105.2625245,
6719.7496,105.2584,105.2906,105.272,,,6719.7496,105.2495288,105.2817288,105.2631288,
6720.65,105.2581,105.2899,105.2718,,,6720.65,105.2492331,105.2810331,105.2629331,
6721.5504,105.2586,105.2901,105.2717,,,6721.5504,105.2497373,105.2812373,105.2628373,
6722.4498,105.2588,105.2905,105.2722,,,6722.4498,105.2499416,105.2816416,105.2633416,
6723.3502,105.2586,105.2905,105.2724,,,6723.3502,105.2497459,105.2816459,105.2635459,
6724.2496,105.2592,105.2906,105.2725,,,6724.2496,105.2503501,105.2817501,105.2636501,
6725.15,105.2601,105.2912,105.2731,,,6725.15,105.2512544,105.2823544,105.2642544,
6726.0504,105.26,105.2908,105.2728,,,6726.0504,105.2511586,105.2819586,105.2639586,
6726.9498,105.2597,105.2906,105.2731,,,6726.9498,105.2508629,105.2817629,105.2642629,
6727.8502,105.2601,105.2906,105.2731,,,6727.8502,105.2512672,105.2817672,105.2642672,
6728.7496,105.2604,105.2921,105.2734,,,6728.7496,105.2515714,105.2832714,105.2645714,
6729.65,105.2605,105.2921,105.2736,,,6729.65,105.2516757,105.2832757,105.2647757,
6730.5504,105.2607,105.2914,105.2735,,,6730.5504,105.25188,105.28258,105.26468,
6731.4498,105.2607,105.2912,105.2736,,,6731.4498,105.2518842,105.2823842,105.2647842,
6732.3502,105.2611,105.2913,105.2738,,,6732.3502,105.2522885,105.2824885,105.2649885,
6733.2496,105.2607,105.2912,105.2735,,,6733.2496,105.2518928,105.2823928,105.2646928,
6734.15,105.2615,105.2922,105.2743,,,6734.15,105.252697,105.283397,105.265497,
6735.0504,105.2621,105.292,105.2743,,,6735.0504,105.2533013,105.2832013,105.2655013,
6735.9498,105.2617,105.2918,105.2742,,,6735.9498,105.2529056,105.2830056,105.2654056,
6736.8502,105.2617,105.2917,105.2741,,,6736.8502,105.2529098,105.2829098,105.2653098,
6737.7496,105.2621,105.2925,105.2745,,,6737.7496,105.2533141,105.2837141,105.2657141,
6738.65,105.2617,105.2914,105.2746,,,6738.65,105.2529184,105.2826184,105.2658184,
6739.5504,105.2621,105.2916,105.2744,,,6739.5504,105.2533226,105.2828226,105.2656226,
6740.4498,105.2623,105.2933,105.2753,,,6740.4498,105.2535269,105.2845269,105.2665269,
6741.3502,105.2627,105.2934,105.2755,,,6741.3502,105.2539311,105.2846311,105.2667311,
6742.2496,105.2624,105.2926,105.2753,,,6742.2496,105.2536354,105.2838354,105.2665354,
6743.15,105.2629,105.2912,105.2751,,,6743.15,105.2541397,105.2824397,105.2663397,
6744.0504,105.2632,105.2914,105.2752,,,6744.0504,105.2544439,105.2826439,105.2664439,
6744.9498,105.2636,105.2918,105.2755,,,6744.9498,105.2548482,105.2830482,105.2667482,
6745.8502,105.2634,105.293,105.276,,,6745.8502,105.2546525,105.2842525,105.2672525,
6746.7496,105.2636,105.2926,105.2759,,,6746.7496,105.2548567,105.2838567,105.2671567,
6747.65,105.2644,105.2926,105.2762,,,6747.65,105.255661,105.283861,105.267461,
6748.5504,105.2642,105.2926,105.2762,,,6748.5504,105.2554653,105.2838653,105.2674653,
6749.4498,105.264,105.2926,105.2761,,,6749.4498,105.2552695,105.2838695,105.2673695,
6750.3502,105.2643,105.2926,105.2761,,,6750.3502,105.2555738,105.2838738,105.2673738,
6751.2496,105.2642,105.2925,105.2761,,,6751.2496,105.2554781,105.2837781,105.2673781,
6752.15,105.2651,105.2934,105.2766,,,6752.15,105.2563823,105.2846823,105.2678823,
6753.0001,105.265,105.2934,105.2767,,,6753.0001,105.2562863,105.2846863,105.2679863,
6753.9,105.2654,105.2934,105.277,,,6753.9,105.2566906,105.2846906,105.2682906,
6754.8502,105.2654,105.2938,105.277,,,6754.8502,105.2566951,105.2850951,105.2682951,
6755.7496,105.2656,105.2934,105.277,,,6755.7496,105.2568994,105.2846994,105.2682994,
6756.65,105.2663,105.2928,105.2771,,,6756.65,105.2576036,105.2841036,105.2684036,
6757.5504,105.2663,105.2925,105.2772,,,6757.5504,105.2576079,105.2838079,105.2685079,
6758.4498,105.2668,105.2929,105.2775,,,6758.4498,105.2581122,105.2842122,105.2688122,
6759.3502,105.2672,105.2934,105.2775,,,6759.3502,105.2585164,105.2847164,105.2688164,
6760.2496,105.2668,105.2924,105.2775,,,6760.2496,105.2581207,105.2837207,105.2688207,
6761.15,105.2671,105.2926,105.2776,,,6761.15,105.258425,105.283925,105.268925,
6762.0504,105.2666,105.2922,105.2773,,,6762.0504,105.2579292,105.2835292,105.2686292,
6762.9498,105.2667,105.2921,105.2773,,,6762.9498,105.2580335,105.2834335,105.2686335,
6763.8502,105.2666,105.2921,105.2773,,,6763.8502,105.2579378,105.2834378,105.2686378,
6764.7496,105.2667,105.2921,105.2772,,,6764.7496,105.258042,105.283442,105.268542,
6765.65,105.267,105.2921,105.2771,,,6765.65,105.2583463,105.2834463,105.2684463,
6766.5504,105.2663,105.2916,105.277,,,6766.5504,105.2576506,105.2829506,105.2683506,
6767.4498,105.2667,105.2902,105.2769,,,6767.4498,105.2580548,105.2815548,105.2682548,
6768.3502,105.2666,105.2902,105.2766,,,6768.3502,105.2579591,105.2815591,105.2679591,
6769.2496,105.2666,105.2898,105.2764,,,6769.2496,105.2579633,105.2811633,105.2677633,
6770.15,105.2664,105.289,105.2762,,,6770.15,105.2577676,105.2803676,105.2675676,
6771.0504,105.266,105.2893,105.276,,,6771.0504,105.2573719,105.2806719,105.2673719,
6771.9498,105.2662,105.2889,105.276,,,6771.9498,105.2575761,105.2802761,105.2673761,
6772.8502,105.2655,105.2882,105.2757,,,6772.8502,105.2568804,105.2795804,105.2670804,
6773.7496,105.2658,105.2882,105.2754,,,6773.7496,105.2571847,105.2795847,105.2667847,
6774.65,105.2654,105.2874,105.2748,,,6774.65,105.2567889,105.2787889,105.2661889,
6775.5504,105.2646,105.287,105.2744,,,6775.5504,105.2559932,105.2783932,105.2657932,
6776.4498,105.2644,105.2865,105.2739,,,6776.4498,105.2557975,105.2778975,105.2652975,
6777.3502,105.2638,105.2861,105.2735,,,6777.3502,105.2552017,105.2775017,105.2649017,
6778.1998,105.2636,105.2858,105.2731,,,6778.1998,105.2550058,105.2772058,105.2645058,
6779.1002,105.2629,105.2863,105.2728,,,6779.1002,105.25431,105.27771,105.26421,
6780.0001,105.2625,105.2848,105.2723,,,6780.0001,105.2539143,105.2762143,105.2637143,
6780.9,105.2615,105.284,105.2717,,,6780.9,105.2529186,105.2754186,105.2631186,
6781.8502,105.2615,105.2847,105.2713,,,6781.8502,105.2529231,105.2761231,105.2627231,
6782.7496,105.2611,105.2843,105.2709,,,6782.7496,105.2525273,105.2757273,105.2623273,
6783.65,105.2609,105.2842,105.2709,,,6783.65,105.2523316,105.2756316,105.2623316,
6784.5001,105.2605,105.2826,105.2703,,,6784.5001,105.2519356,105.2740356,105.2617356,
6785.4,105.2604,105.2831,105.27,,,6785.4,105.2518399,105.2745399,105.2614399,
6786.2999,105.2601,105.2827,105.2696,,,6786.2999,105.2515441,105.2741441,105.2610441,
6787.1998,105.2596,105.2813,105.2692,,,6787.1998,105.2510484,105.2727484,105.2606484,
6788.15,105.2595,105.2818,105.2688,,,6788.15,105.2509529,105.2732529,105.2602529,
6789.0504,105.2586,105.2815,105.2682,,,6789.0504,105.2500572,105.2729572,105.2596572,
6789.9498,105.258,105.2801,105.2673,,,6789.9498,105.2494614,105.2715614,105.2587614,
6790.8502,105.2578,105.2797,105.2668,,,6790.8502,105.2492657,105.2711657,105.2582657,
6791.7496,105.2572,105.2804,105.2665,,,6791.7496,105.24867,105.27187,105.25797,
6792.65,105.2561,105.2793,105.2657,,,6792.65,105.2475742,105.2707742,105.2571742,
6793.5504,105.2558,105.2783,105.2652,,,6793.5504,105.2472785,105.2697785,105.2566785,
6794.4498,105.2552,105.2779,105.2647,,,6794.4498,105.2466828,105.2693828,105.2561828,
6795.3502,105.2545,105.2765,105.2638,,,6795.3502,105.245987,105.267987,105.255287,
6796.2496,105.2535,105.2762,105.2633,,,6796.2496,105.2449913,105.2676913,105.2547913,
6797.1002,105.253,105.2762,105.2626,,,6797.1002,105.2444953,105.2676953,105.2540953,
6798.0001,105.2525,105.2753,105.262,,,6798.0001,105.2439996,105.2667996,105.2534996,
6798.9,105.2518,105.275,105.2613,,,6798.9,105.2433038,105.2665038,105.2528038,
6799.7999,105.251,105.2745,105.2607,,,6799.7999,105.2425081,105.2660081,105.2522081,
6800.7496,105.2505,105.274,105.2602,,,6800.7496,105.2420126,105.2655126,105.2517126,
6801.65,105.2494,105.2729,105.2593,,,6801.65,105.2409169,105.2644169,105.2508169,
6802.5504,105.249,105.2726,105.2585,,,6802.5504,105.2405211,105.2641211,105.2500211,
6803.4,105.2486,105.2713,105.2577,,,6803.4,105.2401252,105.2628252,105.2492252,
6804.2999,105.2479,105.271,105.2572,,,6804.2999,105.2394294,105.2625294,105.2487294,
6805.1998,105.247,105.2701,105.2565,,,6805.1998,105.2385337,105.2616337,105.2480337,
6806.1002,105.2464,105.2702,105.2559,,,6806.1002,105.237938,105.261738,105.247438,
6807.0504,105.2458,105.2701,105.2551,,,6807.0504,105.2373425,105.2616425,105.2466425,
6807.9498,105.2453,105.269,105.2543,,,6807.9498,105.2368467,105.2605467,105.2458467,
6808.8502,105.2444,105.2674,105.2537,,,6808.8502,105.235951,105.258951,105.245251,
6809.7496,105.2437,105.267,105.2529,,,6809.7496,105.2352553,105.2585553,105.2444553,
6810.65,105.2429,105.2663,105.2523,,,6810.65,105.2344595,105.2578595,105.2438595,
6811.5504,105.2424,105.2663,105.2517,,,6811.5504,105.2339638,105.2578638,105.2432638,
6812.4498,105.2415,105.2664,105.251,,,6812.4498,105.2330681,105.2579681,105.2425681,
6813.3502,105.2404,105.2643,105.2502,,,6813.3502,105.2319723,105.2558723,105.2417723,
6814.2496,105.2401,105.2642,105.2495,,,6814.2496,105.2316766,105.2557766,105.2410766,
6815.15,105.2393,105.2624,105.2488,,,6815.15,105.2308808,105.2539808,105.2403808,
6816.0504,105.2385,105.2617,105.248,,,6816.0504,105.2300851,105.2532851,105.2395851,
6816.9498,105.2381,105.2609,105.2472,,,6816.9498,105.2296894,105.2524894,105.2387894,
6817.8502,105.2369,105.2605,105.2466,,,6817.8502,105.2284936,105.2520936,105.2381936,
6818.7496,105.2363,105.2609,105.2461,,,6818.7496,105.2278979,105.2524979,105.2376979,
6819.65,105.2358,105.2603,105.2455,,,6819.65,105.2274022,105.2519022,105.2371022,
6820.5504,105.2353,105.2597,105.2451,,,6820.5504,105.2269064,105.2513064,105.2367064,
6821.4498,105.2347,105.2596,105.2447,,,6821.4498,105.2263107,105.2512107,105.2363107,
6822.3502,105.2343,105.2601,105.2444,,,6822.3502,105.225915,105.251715,105.236015,
6823.2496,105.2342,105.258,105.2438,,,6823.2496,105.2258192,105.2496192,105.2354192,
6824.15,105.2343,105.2578,105.2438,,,6824.15,105.2259235,105.2494235,105.2354235,
6825.0504,105.2338,105.2578,105.2432,,,6825.0504,105.2254278,105.2494278,105.2348278,
6825.9498,105.2334,105.2578,105.2428,,,6825.9498,105.225032,105.249432,105.234432,
6826.8502,105.2329,105.2573,105.2424,,,6826.8502,105.2245363,105.2489363,105.2340363,
6827.7496,105.2325,105.2565,105.2422,,,6827.7496,105.2241406,105.2481406,105.2338406,
6828.65,105.2322,105.2566,105.2419,,,6828.65,105.2238448,105.2482448,105.2335448,
6829.5504,105.2318,105.2565,105.2415,,,6829.5504,105.2234491,105.2481491,105.2331491,
6830.4498,105.2315,105.2565,105.2413,,,6830.4498,105.2231533,105.2481533,105.2329533,
6831.3502,105.2312,105.2561,105.2411,,,6831.3502,105.2228576,105.2477576,105.2327576,
6832.2496,105.231,105.2557,105.2408,,,6832.2496,105.2226619,105.2473619,105.2324619,
6833.15,105.2307,105.2556,105.2409,,,6833.15,105.2223661,105.2472661,105.2325661,
6834.0504,105.2302,105.2558,105.2406,,,6834.0504,105.2218704,105.2474704,105.2322704,
6834.9498,105.2299,105.2554,105.2408,,,6834.9498,105.2215747,105.2470747,105.2324747,
6835.8502,105.23,105.255,105.2405,,,6835.8502,105.2216789,105.2466789,105.2321789,
6836.7496,105.2295,105.2549,105.2402,,,6836.7496,105.2211832,105.2465832,105.2318832,
6837.65,105.2291,105.2562,105.2401,,,6837.65,105.2207875,105.2478875,105.2317875,
6838.5504,105.2284,105.2553,105.2399,,,6838.5504,105.2200917,105.2469917,105.2315917,
6839.4498,105.2286,105.2553,105.2398,,,6839.4498,105.220296,105.246996,105.231496,
6840.3502,105.2286,105.2549,105.2397,,,6840.3502,105.2203003,105.2466003,105.2314003,
6841.2496,105.2275,105.2546,105.2391,,,6841.2496,105.2192045,105.2463045,105.2308045,
6842.15,105.2269,105.255,105.2388,,,6842.15,105.2186088,105.2467088,105.2305088,
6843.0504,105.2268,105.255,105.2388,,,6843.0504,105.2185131,105.2467131,105.2305131,
6843.9498,105.2264,105.2552,105.2383,,,6843.9498,105.2181173,105.2469173,105.2300173,
6844.8502,105.226,105.2546,105.2381,,,6844.8502,105.2177216,105.2463216,105.2298216,
6845.7496,105.2253,105.2541,105.2374,,,6845.7496,105.2170258,105.2458258,105.2291258,
6846.65,105.2245,105.2542,105.2371,,,6846.65,105.2162301,105.2459301,105.2288301,
6847.5504,105.2241,105.2545,105.2369,,,6847.5504,105.2158344,105.2462344,105.2286344,
6848.4498,105.224,105.2543,105.2367,,,6848.4498,105.2157386,105.2460386,105.2284386,
6849.3502,105.2234,105.2545,105.2365,,,6849.3502,105.2151429,105.2462429,105.2282429,
6850.2496,105.2234,105.2541,105.2363,,,6850.2496,105.2151472,105.2458472,105.2280472,
6851.15,105.223,105.2539,105.2361,,,6851.15,105.2147514,105.2456514,105.2278514,
6852.0504,105.2222,105.2539,105.2358,,,6852.0504,105.2139557,105.2456557,105.2275557,
6852.9498,105.2216,105.2535,105.2354,,,6852.9498,105.21336,105.24526,105.22716,
6853.8502,105.221,105.2535,105.235,,,6853.8502,105.2127642,105.2452642,105.2267642,
6854.7496,105.2204,105.2534,105.2346,,,6854.7496,105.2121685,105.2451685,105.2263685,
6855.65,105.2202,105.2542,105.2345,,,6855.65,105.2119728,105.2459728,105.2262728,
6856.5504,105.2193,105.2539,105.2341,,,6856.5504,105.211077,105.245677,105.225877,
6857.4498,105.2189,105.2542,105.234,,,6857.4498,105.2106813,105.2459813,105.2257813,
6858.3502,105.2186,105.2543,105.2338,,,6858.3502,105.2103856,105.2460856,105.2255856,
6859.2496,105.2182,105.2539,105.2333,,,6859.2496,105.2099898,105.2456898,105.2250898,
6860.15,105.2174,105.2535,105.2333,,,6860.15,105.2091941,105.2452941,105.2250941,
6861.0504,105.2166,105.2545,105.233,,,6861.0504,105.2083983,105.2462983,105.2247983,
6861.9498,105.2167,105.2543,105.2327,,,6861.9498,105.2085026,105.2461026,105.2245026,
6862.8502,105.2162,105.2539,105.2324,,,6862.8502,105.2080069,105.2457069,105.2242069,
6863.7496,105.2162,105.2537,105.2322,,,6863.7496,105.2080111,105.2455111,105.2240111,
6864.65,105.2154,105.2527,105.2317,,,6864.65,105.2072154,105.2445154,105.2235154,
6865.5504,105.2154,105.2539,105.2318,,,6865.5504,105.2072197,105.2457197,105.2236197,
6866.4498,105.2154,105.2541,105.2315,,,6866.4498,105.2072239,105.2459239,105.2233239,
6867.3502,105.2151,105.2545,105.2313,,,6867.3502,105.2069282,105.2463282,105.2231282,
6868.2496,105.2142,105.2537,105.2308,,,6868.2496,105.2060325,105.2455325,105.2226325,
6869.15,105.214,105.2521,105.2307,,,6869.15,105.2058367,105.2439367,105.2225367,
6870.0504,105.2142,105.2526,105.2306,,,6870.0504,105.206041,105.244441,105.222441,
6870.9498,105.2136,105.2538,105.2303,,,6870.9498,105.2054453,105.2456453,105.2221453,
6871.8502,105.2135,105.2531,105.2302,,,6871.8502,105.2053495,105.2449495,105.2220495,
6872.7496,105.2132,105.2538,105.23,,,6872.7496,105.2050538,105.2456538,105.2218538,
6873.65,105.2124,105.2523,105.2299,,,6873.65,105.204258,105.244158,105.221758,
6874.5504,105.2131,105.253,105.23,,,6874.5504,105.2049623,105.2448623,105.2218623,
6875.4498,105.213,105.2535,105.2297,,,6875.4498,105.2048666,105.2453666,105.2215666,
6876.3502,105.2127,105.2533,105.23,,,6876.3502,105.2045708,105.2451708,105.2218708,
6877.2496,105.2126,105.253,105.2298,,,6877.2496,105.2044751,105.2448751,105.2216751,
6878.15,105.2126,105.2531,105.2298,,,6878.15,105.2044794,105.2449794,105.2216794,
6879.0504,105.2128,105.2538,105.2297,,,6879.0504,105.2046836,105.2456836,105.2215836,
6879.9498,105.2126,105.2539,105.2298,,,6879.9498,105.2044879,105.2457879,105.2216879,
6880.8502,105.2122,105.2526,105.2297,,,6880.8502,105.2040922,105.2444922,105.2215922,
6881.7496,105.2127,105.2518,105.2296,,,6881.7496,105.2045964,105.2436964,105.2214964,
6882.65,105.2124,105.2534,105.2299,,,6882.65,105.2043007,105.2453007,105.2218007,
6883.5504,105.2123,105.2538,105.2296,,,6883.5504,105.204205,105.245705,105.221505,
6884.4498,105.2124,105.2521,105.2295,,,6884.4498,105.2043092,105.2440092,105.2214092,
6885.3502,105.2122,105.253,105.2297,,,6885.3502,105.2041135,105.2449135,105.2216135,
6886.2496,105.2131,105.2521,105.2298,,,6886.2496,105.2050178,105.2440178,105.2217178,
6887.15,105.2135,105.2537,105.2301,,,6887.15,105.205422,105.245622,105.222022,
6888.0504,105.2131,105.253,105.2301,,,6888.0504,105.2050263,105.2449263,105.2220263,
6888.9498,105.2134,105.2539,105.2303,,,6888.9498,105.2053305,105.2458305,105.2222305,
6889.8502,105.2128,105.2548,105.2302,,,6889.8502,105.2047348,105.2467348,105.2221348,
6890.7496,105.2143,105.2546,105.2303,,,6890.7496,105.2062391,105.2465391,105.2222391,
6891.65,105.2142,105.2553,105.2306,,,6891.65,105.2061433,105.2472433,105.2225433,
6892.5504,105.2147,105.2553,105.2309,,,6892.5504,105.2066476,105.2472476,105.2228476,
6893.4498,105.215,105.2556,105.2312,,,6893.4498,105.2069519,105.2475519,105.2231519,
6894.3502,105.2153,105.2558,105.2313,,,6894.3502,105.2072561,105.2477561,105.2232561,
6895.2496,105.2158,105.2553,105.2314,,,6895.2496,105.2077604,105.2472604,105.2233604,
6896.15,105.2158,105.2561,105.2316,,,6896.15,105.2077647,105.2480647,105.2235647,
6897.0504,105.2161,105.2561,105.2319,,,6897.0504,105.2080689,105.2480689,105.2238689,
6897.9498,105.2161,105.2574,105.2321,,,6897.9498,105.2080732,105.2493732,105.2240732,
6898.8502,105.2171,105.2557,105.2326,,,6898.8502,105.2090775,105.2476775,105.2245775,
6899.7496,105.2171,105.2573,105.2328,,,6899.7496,105.2090817,105.2492817,105.2247817,
6900.65,105.2175,105.2569,105.2331,,,6900.65,105.209486,105.248886,105.225086,
6901.5504,105.2179,105.257,105.2334,,,6901.5504,105.2098903,105.2489903,105.2253903,
6902.4498,105.2181,105.2569,105.2336,,,6902.4498,105.2100945,105.2488945,105.2255945,
6903.3502,105.2185,105.2565,105.2337,,,6903.3502,105.2104988,105.2484988,105.2256988,
6904.2496,105.2183,105.2592,105.2338,,,6904.2496,105.210303,105.251203,105.225803,
6905.15,105.2183,105.2556,105.2338,,,6905.15,105.2103073,105.2476073,105.2258073,
6906.0504,105.2185,105.2561,105.2339,,,6906.0504,105.2105116,105.2481116,105.2259116,
6906.9498,105.2183,105.2558,105.2339,,,6906.9498,105.2103158,105.2478158,105.2259158,
6907.8502,105.2185,105.2569,105.2338,,,6907.8502,105.2105201,105.2489201,105.2258201,
6908.7496,105.2182,105.2564,105.2335,,,6908.7496,105.2102244,105.2484244,105.2255244,
6909.65,105.2182,105.2561,105.2332,,,6909.65,105.2102286,105.2481286,105.2252286,
6910.5504,105.2178,105.2553,105.2329,,,6910.5504,105.2098329,105.2473329,105.2249329,
6911.4498,105.2173,105.2558,105.2326,,,6911.4498,105.2093372,105.2478372,105.2246372,
6912.3502,105.2161,105.2542,105.2319,,,6912.3502,105.2081414,105.2462414,105.2239414,
6913.2496,105.2139,105.2526,105.231,,,6913.2496,105.2059457,105.2446457,105.2230457,
6914.15,105.2132,105.2534,105.2302,,,6914.15,105.20525,105.24545,105.22225,
6915.0504,105.2115,105.2534,105.2291,,,6915.0504,105.2035542,105.2454542,105.2211542,
6915.9498,105.2106,105.2513,105.2279,,,6915.9498,105.2026585,105.2433585,105.2199585,
6916.8502,105.2104,105.2499,105.2268,,,6916.8502,105.2024628,105.2419628,105.2188628,
6917.7496,105.2093,105.2472,105.2253,,,6917.7496,105.201367,105.239267,105.217367,
6918.65,105.2084,105.2455,105.224,,,6918.65,105.2004713,105.2375713,105.2160713,
6919.5504,105.2076,105.2462,105.2229,,,6919.5504,105.1996755,105.2382755,105.2149755,
6920.4498,105.2073,105.2462,105.2229,,,6920.4498,105.1993798,105.2382798,105.2149798,
6921.3502,105.206,105.2453,105.2219,,,6921.3502,105.1980841,105.2373841,105.2139841,
6922.2496,105.2041,105.2441,105.2198,,,6922.2496,105.1961883,105.2361883,105.2118883,
6923.15,105.2018,105.242,105.2178,,,6923.15,105.1938926,105.2340926,105.2098926,
6924.0504,105.1999,105.2398,105.2159,,,6924.0504,105.1919969,105.2318969,105.2079969,
6924.9498,105.1979,105.2376,105.2139,,,6924.9498,105.1900011,105.2297011,105.2060011,
6925.8502,105.196,105.2363,105.2119,,,6925.8502,105.1881054,105.2284054,105.2040054,
6926.7496,105.1943,105.2338,105.2099,,,6926.7496,105.1864097,105.2259097,105.2020097,
6927.65,105.1923,105.2327,105.2078,,,6927.65,105.1844139,105.2248139,105.1999139,
6928.5504,105.19,105.2304,105.2056,,,6928.5504,105.1821182,105.2225182,105.1977182,
6929.4498,105.1872,105.2286,105.2032,,,6929.4498,105.1793225,105.2207225,105.1953225,
6930.3502,105.1853,105.226,105.2009,,,6930.3502,105.1774267,105.2181267,105.1930267,
6931.2496,105.1829,105.2236,105.1986,,,6931.2496,105.175031,105.215731,105.190731,
6932.15,105.1805,105.2209,105.1961,,,6932.15,105.1726353,105.2130353,105.1882353,
6933.0504,105.1775,105.221,105.1939,,,6933.0504,105.1696395,105.2131395,105.1860395,
6933.9498,105.1754,105.2174,105.1915,,,6933.9498,105.1675438,105.2095438,105.1836438,
6934.8502,105.1721,105.2143,105.1886,,,6934.8502,105.164248,105.206448,105.180748,
6935.7496,105.17,105.2124,105.1859,,,6935.7496,105.1621523,105.2045523,105.1780523,
6936.6002,105.1662,105.2081,105.1831,,,6936.6002,105.1583563,105.2002563,105.1752563,
6937.4498,105.1638,105.2053,105.1804,,,6937.4498,105.1559604,105.1974604,105.1725604,
6938.3502,105.161,105.2041,105.1777,,,6938.3502,105.1531646,105.1962646,105.1698646,
6939.2496,105.1578,105.2002,105.175,,,6939.2496,105.1499689,105.1923689,105.1671689,
6940.15,105.1555,105.1973,105.1721,,,6940.15,105.1476732,105.1894732,105.1642732,
6941.0504,105.1529,105.1947,105.1694,,,6941.0504,105.1450774,105.1868774,105.1615774,
6941.9498,105.1498,105.1928,105.1668,,,6941.9498,105.1419817,105.1849817,105.1589817,
6942.8502,105.147,105.1893,105.164,,,6942.8502,105.139186,105.181486,105.156186,
6943.6998,105.1441,105.1874,105.1609,,,6943.6998,105.13629,105.17959,105.15309,
6944.5504,105.1408,105.1848,105.1582,,,6944.5504,105.132994,105.176994,105.150394,
6945.4498,105.1381,105.1806,105.1556,,,6945.4498,105.1302983,105.1727983,105.1477983,
6946.3502,105.1355,105.1803,105.1529,,,6946.3502,105.1277025,105.1725025,105.1451025,
6947.2496,105.1328,105.178,105.1503,,,6947.2496,105.1250068,105.1702068,105.1425068,
6948.15,105.1298,105.1747,105.1476,,,6948.15,105.1220111,105.1669111,105.1398111,
6949.0504,105.1271,105.172,105.1448,,,6949.0504,105.1193153,105.1642153,105.1370153,
6949.9498,105.1243,105.1705,105.1422,,,6949.9498,105.1165196,105.1627196,105.1344196,
6950.8502,105.1219,105.1673,105.1397,,,6950.8502,105.1141239,105.1595239,105.1319239,
6951.6998,105.1193,105.1654,105.1375,,,6951.6998,105.1115279,105.1576279,105.1297279,
6952.5504,105.1172,105.1646,105.1355,,,6952.5504,105.1094319,105.1568319,105.1277319,
6953.4498,105.1153,105.1612,105.1334,,,6953.4498,105.1075362,105.1534362,105.1256362,
6954.3502,105.1129,105.16,105.1315,,,6954.3502,105.1051404,105.1522404,105.1237404,
6955.2496,105.111,105.1603,105.1298,,,6955.2496,105.1032447,105.1525447,105.1220447,
6956.15,105.1099,105.1574,105.1284,,,6956.15,105.102149,105.149649,105.120649,
6957.0001,105.1082,105.157,105.1268,,,6957.0001,105.100453,105.149253,105.119053,
6957.8502,105.1074,105.1565,105.1258,,,6957.8502,105.099657,105.148757,105.118057,
6958.7496,105.1063,105.1556,105.1251,,,6958.7496,105.0985613,105.1478613,105.1173613,
6959.65,105.1056,105.1563,105.1246,,,6959.65,105.0978656,105.1485656,105.1168656,
6960.5504,105.1052,105.1553,105.1242,,,6960.5504,105.0974698,105.1475698,105.1164698,
6961.4498,105.1046,105.1552,105.1239,,,6961.4498,105.0968741,105.1474741,105.1161741,
6962.2999,105.1042,105.157,105.124,,,6962.2999,105.0964781,105.1492781,105.1162781,
6963.15,105.1042,105.157,105.1242,,,6963.15,105.0964821,105.1492821,105.1164821,
6964.0504,105.1044,105.1574,105.1245,,,6964.0504,105.0966864,105.1496864,105.1167864,
6964.9498,105.1048,105.16,105.1251,,,6964.9498,105.0970907,105.1522907,105.1173907,
6965.7999,105.1062,105.1588,105.1259,,,6965.7999,105.0984947,105.1510947,105.1181947,
6966.65,105.1068,105.1622,105.127,,,6966.65,105.0990987,105.1544987,105.1192987,
6967.5504,105.1077,105.1651,105.1282,,,6967.5504,105.100003,105.157403,105.120503,
6968.4498,105.1095,105.1656,105.1298,,,6968.4498,105.1018073,105.1579073,105.1221073,
6969.3502,105.111,105.1665,105.1316,,,6969.3502,105.1033115,105.1588115,105.1239115,
6970.1998,105.113,105.1684,105.1332,,,6970.1998,105.1053156,105.1607156,105.1255156,
6971.0504,105.1146,105.1711,105.135,,,6971.0504,105.1069196,105.1634196,105.1273196,
6971.9498,105.1168,105.1739,105.137,,,6971.9498,105.1091238,105.1662238,105.1293238,
6972.8502,105.1193,105.1764,105.1395,,,6972.8502,105.1116281,105.1687281,105.1318281,
6973.7496,105.1222,105.1778,105.1417,,,6973.7496,105.1145324,105.1701324,105.1340324,
6974.65,105.1247,105.1821,105.1443,,,6974.65,105.1170366,105.1744366,105.1366366,
6975.5001,105.1279,105.1857,105.1477,,,6975.5001,105.1202407,105.1780407,105.1400407,
6976.3502,105.1321,105.1868,105.1512,,,6976.3502,105.1244447,105.1791447,105.1435447,
6977.2496,105.1356,105.1905,105.1545,,,6977.2496,105.127949,105.182849,105.146849,
6978.15,105.1388,105.1932,105.1584,,,6978.15,105.1311532,105.1855532,105.1507532,
6979.0504,105.1432,105.1975,105.1625,,,6979.0504,105.1355575,105.1898575,105.1548575,
6979.9498,105.1475,105.1997,105.1667,,,6979.9498,105.1398618,105.1920618,105.1590618,
6980.8502,105.1521,105.2045,105.1709,,,6980.8502,105.144466,105.196866,105.163266,
6981.7496,105.1565,105.2075,105.175,,,6981.7496,105.1488703,105.1998703,105.1673703,
6982.6002,105.1604,105.212,105.1793,,,6982.6002,105.1527743,105.2043743,105.1716743,
6983.4498,105.1641,105.2144,105.1831,,,6983.4498,105.1564783,105.2067783,105.1754783,
6984.3502,105.1688,105.2192,105.1871,,,6984.3502,105.1611826,105.2115826,105.1794826,
6985.2496,105.1721,105.2221,105.1911,,,6985.2496,105.1644869,105.2144869,105.1834869,
6986.15,105.176,105.2252,105.195,,,6986.15,105.1683911,105.2175911,105.1873911,
6987.0504,105.1801,105.2288,105.1989,,,6987.0504,105.1724954,105.2211954,105.1912954,
6987.9498,105.1841,105.2311,105.2027,,,6987.9498,105.1764997,105.2234997,105.1950997,
6988.8502,105.1873,105.2347,105.2062,,,6988.8502,105.1797039,105.2271039,105.1986039,
6989.7496,105.1912,105.237,105.2095,,,6989.7496,105.1836082,105.2294082,105.2019082,
6990.6002,105.1942,105.2401,105.2127,,,6990.6002,105.1866122,105.2325122,105.2051122,
6991.4498,105.1981,105.2427,105.2161,,,6991.4498,105.1905162,105.2351162,105.2085162,
6992.3502,105.202,105.2458,105.2197,,,6992.3502,105.1944205,105.2382205,105.2121205,
6993.2496,105.2056,105.248,105.2227,,,6993.2496,105.1980248,105.2404248,105.2151248,
6994.15,105.2085,105.2513,105.226,,,6994.15,105.200929,105.243729,105.218429,
6995.0504,105.212,105.2543,105.229,,,6995.0504,105.2044333,105.2467333,105.2214333,
6995.9498,105.2151,105.2568,105.2316,,,6995.9498,105.2075376,105.2492376,105.2240376,
6996.8502,105.2179,105.2584,105.2344,,,6996.8502,105.2103418,105.2508418,105.2268418,
6997.7496,105.2205,105.2621,105.237,,,6997.7496,105.2129461,105.2545461,105.2294461,
6998.65,105.2233,105.264,105.2396,,,6998.65,105.2157504,105.2564504,105.2320504,
6999.5504,105.2264,105.2651,105.2421,,,6999.5504,105.2188546,105.2575546,105.2345546,
7000.4498,105.2287,105.267,105.2444,,,7000.4498,105.2211589,105.2594589,105.2368589,
7001.2999,105.2306,105.2699,105.2461,,,7001.2999,105.2230629,105.2623629,105.2385629,
7002.15,105.2325,105.2697,105.2474,,,7002.15,105.2249669,105.2621669,105.2398669,
7003.0504,105.2342,105.2707,105.249,,,7003.0504,105.2266712,105.2631712,105.2414712,
7003.9498,105.2357,105.2718,105.2506,,,7003.9498,105.2281755,105.2642755,105.2430755,
7004.8502,105.2378,105.2728,105.2523,,,7004.8502,105.2302797,105.2652797,105.2447797,
7005.7496,105.2388,105.2737,105.2534,,,7005.7496,105.231284,105.266184,105.245884,
7006.65,105.2404,105.2749,105.2548,,,7006.65,105.2328883,105.2673883,105.2472883,
7007.5504,105.2423,105.2766,105.2562,,,7007.5504,105.2347925,105.2690925,105.2486925,
7008.4,105.2436,105.2776,105.2573,,,7008.4,105.2360966,105.2700966,105.2497966,
7009.2999,105.2451,105.2793,105.2587,,,7009.2999,105.2376008,105.2718008,105.2512008,
7010.1998,105.2466,105.2791,105.2599,,,7010.1998,105.2391051,105.2716051,105.2524051,
7011.0504,105.2474,105.2793,105.2608,,,7011.0504,105.2399091,105.2718091,105.2533091,
7011.9498,105.2479,105.2807,105.2617,,,7011.9498,105.2404134,105.2732134,105.2542134,
7012.8502,105.2495,105.2815,105.2626,,,7012.8502,105.2420177,105.2740177,105.2551177,
7013.7496,105.2492,105.2808,105.2632,,,7013.7496,105.2417219,105.2733219,105.2557219,
7014.65,105.251,105.2824,105.264,,,7014.65,105.2435262,105.2749262,105.2565262,
7015.5504,105.2507,105.2823,105.2644,,,7015.5504,105.2432304,105.2748304,105.2569304,
7016.4498,105.2514,105.2824,105.2648,,,7016.4498,105.2439347,105.2749347,105.2573347,
7017.3502,105.2523,105.2832,105.2653,,,7017.3502,105.244839,105.275739,105.257839,
7018.2496,105.2526,105.2836,105.2657,,,7018.2496,105.2451432,105.2761432,105.2582432,
7019.15,105.2531,105.2843,105.2661,,,7019.15,105.2456475,105.2768475,105.2586475,
7020.0001,105.2539,105.2842,105.2665,,,7020.0001,105.2464515,105.2767515,105.2590515,
7020.8502,105.2542,105.284,105.2669,,,7020.8502,105.2467556,105.2765556,105.2594556,
7021.7496,105.2549,105.284,105.2672,,,7021.7496,105.2474598,105.2765598,105.2597598,
7022.65,105.255,105.2836,105.2673,,,7022.65,105.2475641,105.2761641,105.2598641,
7023.5504,105.2548,105.2847,105.2675,,,7023.5504,105.2473684,105.2772684,105.2600684,
7024.4498,105.2554,105.2851,105.2678,,,7024.4498,105.2479726,105.2776726,105.2603726,
7025.3502,105.2556,105.285,105.268,,,7025.3502,105.2481769,105.2775769,105.2605769,
7026.2496,105.2558,105.2862,105.2681,,,7026.2496,105.2483811,105.2787811,105.2606811,
7027.15,105.256,105.2844,105.2683,,,7027.15,105.2485854,105.2769854,105.2608854,
7028.0504,105.2561,105.2844,105.2684,,,7028.0504,105.2486897,105.2769897,105.2609897,
7028.9498,105.256,105.285,105.2683,,,7028.9498,105.2485939,105.2775939,105.2608939,
7029.7999,105.2556,105.2863,105.2684,,,7029.7999,105.248198,105.278898,105.260998,
7030.65,105.256,105.2852,105.2684,,,7030.65,105.248602,105.277802,105.261002,
7031.5504,105.256,105.2847,105.2683,,,7031.5504,105.2486063,105.2773063,105.2609063,
7032.4498,105.2562,105.285,105.2685,,,7032.4498,105.2488105,105.2776105,105.2611105,
7033.3502,105.2565,105.2843,105.2686,,,7033.3502,105.2491148,105.2769148,105.2612148,
7034.2496,105.2573,105.2847,105.2687,,,7034.2496,105.2499191,105.2773191,105.2613191,
7035.15,105.2572,105.2848,105.2689,,,7035.15,105.2498233,105.2774233,105.2615233,
7036.0504,105.2577,105.2859,105.269,,,7036.0504,105.2503276,105.2785276,105.2616276,
7036.9498,105.2576,105.2848,105.2691,,,7036.9498,105.2502318,105.2774318,105.2617318,
7037.8502,105.258,105.2848,105.2694,,,7037.8502,105.2506361,105.2774361,105.2620361,
7038.7496,105.2581,105.2852,105.2696,,,7038.7496,105.2507404,105.2778404,105.2622404,
7039.65,105.2589,105.2857,105.2699,,,7039.65,105.2515446,105.2783446,105.2625446,
7040.5504,105.2592,105.2855,105.2699,,,7040.5504,105.2518489,105.2781489,105.2625489,
7041.4498,105.2585,105.2852,105.27,,,7041.4498,105.2511532,105.2778532,105.2626532,
7042.2999,105.2593,105.2854,105.2701,,,7042.2999,105.2519572,105.2780572,105.2627572,
7043.15,105.2595,105.2852,105.2702,,,7043.15,105.2521612,105.2778612,105.2628612,
7044.0504,105.2597,105.2857,105.2704,,,7044.0504,105.2523655,105.2783655,105.2630655,
7044.9498,105.2601,105.2861,105.2709,,,7044.9498,105.2527698,105.2787698,105.2635698,
7045.8502,105.2603,105.2862,105.2709,,,7045.8502,105.252974,105.278874,105.263574,
7046.7496,105.2609,105.2866,105.2712,,,7046.7496,105.2535783,105.2792783,105.2638783,
7047.65,105.2612,105.2862,105.2715,,,7047.65,105.2538826,105.2788826,105.2641826,
7048.5504,105.2616,105.2865,105.2717,,,7048.5504,105.2542868,105.2791868,105.2643868,
7049.4498,105.2612,105.2869,105.2719,,,7049.4498,105.2538911,105.2795911,105.2645911,
7050.3502,105.262,105.287,105.2719,,,7050.3502,105.2546953,105.2796953,105.2645953,
7051.2496,105.2623,105.2866,105.272,,,7051.2496,105.2549996,105.2792996,105.2646996,
7052.15,105.2627,105.2875,105.2722,,,7052.15,105.2554039,105.2802039,105.2649039,
7053.0504,105.2625,105.287,105.2724,,,7053.0504,105.2552081,105.2797081,105.2651081,
7053.9498,105.2621,105.2871,105.2725,,,7053.9498,105.2548124,105.2798124,105.2652124,
7054.8502,105.2631,105.2874,105.2726,,,7054.8502,105.2558167,105.2801167,105.2653167,
7055.6998,105.2634,105.2867,105.2729,,,7055.6998,105.2561207,105.2794207,105.2656207,
7056.5504,105.2631,105.2878,105.2728,,,7056.5504,105.2558247,105.2805247,105.2655247,
7057.4498,105.2634,105.287,105.2729,,,7057.4498,105.256129,105.279729,105.265629,
7058.3502,105.2631,105.2879,105.2731,,,7058.3502,105.2558333,105.2806333,105.2658333,
7059.2496,105.2635,105.2878,105.2733,,,7059.2496,105.2562375,105.2805375,105.2660375,
7060.15,105.2636,105.2879,105.2736,,,7060.15,105.2563418,105.2806418,105.2663418,
7061.0504,105.2643,105.2885,105.2737,,,7061.0504,105.257046,105.281246,105.266446,
7061.9498,105.264,105.2878,105.2739,,,7061.9498,105.2567503,105.2805503,105.2666503,
7062.8502,105.2642,105.289,105.274,,,7062.8502,105.2569546,105.2817546,105.2667546,
7063.7496,105.2647,105.289,105.2742,,,7063.7496,105.2574588,105.2817588,105.2669588,
7064.65,105.2651,105.2887,105.2743,,,7064.65,105.2578631,105.2814631,105.2670631,
7065.5504,105.2651,105.2883,105.2745,,,7065.5504,105.2578674,105.2810674,105.2672674,
7066.4498,105.2651,105.2902,105.2748,,,7066.4498,105.2578716,105.2829716,105.2675716,
7067.3502,105.266,105.2895,105.2749,,,7067.3502,105.2587759,105.2822759,105.2676759,
7068.2496,105.2658,105.2894,105.2751,,,7068.2496,105.2585802,105.2821802,105.2678802,
7069.1002,105.2658,105.2894,105.2751,,,7069.1002,105.2585842,105.2821842,105.2678842,
7069.9498,105.2659,105.2904,105.2752,,,7069.9498,105.2586882,105.2831882,105.2679882,
7070.8502,105.2663,105.2899,105.2753,,,7070.8502,105.2590925,105.2826925,105.2680925,
7071.7496,105.2666,105.2898,105.2756,,,7071.7496,105.2593967,105.2825967,105.2683967,
7072.65,105.2667,105.2904,105.2758,,,7072.65,105.259501,105.283201,105.268601,
7073.5504,105.2668,105.2899,105.2758,,,7073.5504,105.2596053,105.2827053,105.2686053,
7074.4498,105.2667,105.2902,105.2758,,,7074.4498,105.2595095,105.2830095,105.2686095,
7075.3502,105.2668,105.2906,105.276,,,7075.3502,105.2596138,105.2834138,105.2688138,
7076.2496,105.2671,105.2905,105.2761,,,7076.2496,105.2599181,105.2833181,105.2689181,
7077.15,105.2671,105.2901,105.276,,,7077.15,105.2599223,105.2829223,105.2688223,
7078.0504,105.2671,105.2901,105.2763,,,7078.0504,105.2599266,105.2829266,105.2691266,
7078.9498,105.2668,105.2897,105.2763,,,7078.9498,105.2596309,105.2825309,105.2691309,
7079.8502,105.2671,105.2904,105.2764,,,7079.8502,105.2599351,105.2832351,105.2692351,
7080.7496,105.2676,105.2901,105.2764,,,7080.7496,105.2604394,105.2829394,105.2692394,
7081.65,105.2676,105.2906,105.2764,,,7081.65,105.2604437,105.2834437,105.2692437,
7082.5504,105.2678,105.291,105.2763,,,7082.5504,105.2606479,105.2838479,105.2691479,
7083.4498,105.2675,105.2909,105.2764,,,7083.4498,105.2603522,105.2837522,105.2692522,
7084.3502,105.2675,105.2905,105.2763,,,7084.3502,105.2603565,105.2833565,105.2691565,
7085.2496,105.2678,105.2895,105.2763,,,7085.2496,105.2606607,105.2823607,105.2691607,
7086.15,105.2679,105.2898,105.2765,,,7086.15,105.260765,105.282665,105.269365,
7087.0504,105.2681,105.2906,105.2765,,,7087.0504,105.2609693,105.2834693,105.2693693,
7087.9498,105.2682,105.2898,105.2766,,,7087.9498,105.2610735,105.2826735,105.2694735,
7088.8502,105.2683,105.2895,105.2766,,,7088.8502,105.2611778,105.2823778,105.2694778,
7089.7496,105.2689,105.2901,105.2767,,,7089.7496,105.261782,105.282982,105.269582,
7090.65,105.269,105.2908,105.2769,,,7090.65,105.2618863,105.2836863,105.2697863,
7091.5504,105.2687,105.2904,105.277,,,7091.5504,105.2615906,105.2832906,105.2698906,
7092.4,105.269,105.2901,105.2772,,,7092.4,105.2618946,105.2829946,105.2700946,
7093.2999,105.2689,105.2914,105.2773,,,7093.2999,105.2617989,105.2842989,105.2701989,
7094.1998,105.2694,105.2909,105.2774,,,7094.1998,105.2623031,105.2838031,105.2703031,
7095.0504,105.2694,105.2902,105.2774,,,7095.0504,105.2623072,105.2831072,105.2703072,
7095.9498,105.269,105.291,105.2775,,,7095.9498,105.2619114,105.2839114,105.2704114,
7096.8502,105.269,105.2916,105.2775,,,7096.8502,105.2619157,105.2845157,105.2704157,
7097.7496,105.2691,105.2912,105.2777,,,7097.7496,105.2620199,105.2841199,105.2706199,
7098.65,105.2695,105.2912,105.2779,,,7098.65,105.2624242,105.2841242,105.2708242,
7099.5504,105.2698,105.2913,105.2781,,,7099.5504,105.2627285,105.2842285,105.2710285,
7100.4498,105.2698,105.2913,105.2782,,,7100.4498,105.2627327,105.2842327,105.2711327,
7101.3502,105.2699,105.2924,105.2784,,,7101.3502,105.262837,105.285337,105.271337,
7102.2496,105.2699,105.2921,105.2786,,,7102.2496,105.2628413,105.2850413,105.2715413,
7103.15,105.2701,105.2918,105.2788,,,7103.15,105.2630455,105.2847455,105.2717455,
7104.0504,105.2705,105.2922,105.2791,,,7104.0504,105.2634498,105.2851498,105.2720498,
7104.9498,105.2707,105.2932,105.2793,,,7104.9498,105.2636541,105.2861541,105.2722541,
7105.8502,105.2705,105.2934,105.2796,,,7105.8502,105.2634583,105.2863583,105.2725583,
7106.7496,105.2709,105.2937,105.2798,,,7106.7496,105.2638626,105.2866626,105.2727626,
7107.65,105.2711,105.2934,105.28,,,7107.65,105.2640669,105.2863669,105.2729669,
7108.5504,105.2711,105.2936,105.2799,,,7108.5504,105.2640711,105.2865711,105.2728711,
7109.4498,105.271,105.2937,105.28,,,7109.4498,105.2639754,105.2866754,105.2729754,
7110.3502,105.2715,105.2943,105.2803,,,7110.3502,105.2644797,105.2872797,105.2732797,
7111.2496,105.2719,105.2943,105.2807,,,7111.2496,105.2648839,105.2872839,105.2736839,
7112.15,105.2725,105.2941,105.2812,,,7112.15,105.2654882,105.2870882,105.2741882,
7113.0504,105.2728,105.2947,105.2813,,,7113.0504,105.2657925,105.2876925,105.2742925,
7113.9498,105.2733,105.2945,105.2817,,,7113.9498,105.2662967,105.2874967,105.2746967,
7114.7999,105.2737,105.2949,105.2819,,,7114.7999,105.2667007,105.2879007,105.2749007,
7115.6998,105.2736,105.2945,105.2822,,,7115.6998,105.266605,105.287505,105.275205,
7116.6002,105.274,105.2956,105.2826,,,7116.6002,105.2670093,105.2886093,105.2756093,
7117.5001,105.2746,105.2959,105.2828,,,7117.5001,105.2676135,105.2889135,105.2758135,
7118.4,105.275,105.2959,105.2831,,,7118.4,105.2680178,105.2889178,105.2761178,
7119.2999,105.2753,105.2963,105.2835,,,7119.2999,105.2683221,105.2893221,105.2765221,
7120.1998,105.2754,105.2965,105.2838,,,7120.1998,105.2684263,105.2895263,105.2768263,
7121.0504,105.2758,105.2968,105.284,,,7121.0504,105.2688304,105.2898304,105.2770304,
7121.9498,105.2757,105.2967,105.2842,,,7121.9498,105.2687346,105.2897346,105.2772346,
7122.8502,105.2758,105.2972,105.2844,,,7122.8502,105.2688389,105.2902389,105.2774389,
7123.7999,105.2761,105.2969,105.2845,,,7123.7999,105.2691434,105.2899434,105.2775434,
7124.6998,105.2764,105.2963,105.2848,,,7124.6998,105.2694477,105.2893477,105.2778477,
7125.6002,105.2768,105.2968,105.285,,,7125.6002,105.2698519,105.2898519,105.2780519,
7126.5504,105.2768,105.2975,105.2852,,,7126.5504,105.2698564,105.2905564,105.2782564,
7127.4498,105.2772,105.2973,105.2855,,,7127.4498,105.2702607,105.2903607,105.2785607,
7128.3502,105.2776,105.298,105.2857,,,7128.3502,105.270665,105.291065,105.278765,
7129.1998,105.2777,105.298,105.2859,,,7129.1998,105.270769,105.291069,105.278969,
7130.1002,105.2773,105.2983,105.286,,,7130.1002,105.2703732,105.2913732,105.2790732,
7131.0504,105.2777,105.2984,105.2861,,,7131.0504,105.2707777,105.2914777,105.2791777,
7131.9498,105.2777,105.2994,105.2865,,,7131.9498,105.270782,105.292482,105.279582,
7132.8502,105.2781,105.2996,105.2865,,,7132.8502,105.2711863,105.2926863,105.2795863,
7133.6998,105.2777,105.2991,105.2866,,,7133.6998,105.2707903,105.2921903,105.2796903,
7134.6002,105.2783,105.2988,105.2866,,,7134.6002,105.2713946,105.2918946,105.2796946,
7135.5001,105.2783,105.299,105.2866,,,7135.5001,105.2713988,105.2920988,105.2796988,
7136.4,105.2777,105.2991,105.2866,,,7136.4,105.2708031,105.2922031,105.2797031,
7137.3502,105.2779,105.2991,105.2866,,,7137.3502,105.2710076,105.2922076,105.2797076,
7138.2496,105.2783,105.2994,105.2868,,,7138.2496,105.2714119,105.2925119,105.2799119,
7139.15,105.2781,105.299,105.2869,,,7139.15,105.2712161,105.2921161,105.2800161,
7140.0001,105.2779,105.2995,105.2868,,,7140.0001,105.2710202,105.2926202,105.2799202,
7140.9,105.2783,105.2996,105.287,,,7140.9,105.2714244,105.2927244,105.2801244,
7141.7999,105.2783,105.2994,105.2872,,,7141.7999,105.2714287,105.2925287,105.2803287,
7142.6998,105.2784,105.3,105.2873,,,7142.6998,105.2715329,105.2931329,105.2804329,
7143.6002,105.2783,105.2992,105.2874,,,7143.6002,105.2714372,105.2923372,105.2805372,
7144.5001,105.2781,105.2991,105.2875,,,7144.5001,105.2712415,105.2922415,105.2806415,
7145.4498,105.2777,105.2994,105.2877,,,7145.4498,105.270846,105.292546,105.280846,
7146.3502,105.278,105.2998,105.2877,,,7146.3502,105.2711502,105.2929502,105.2808502,
7147.2496,105.2783,105.2999,105.2878,,,7147.2496,105.2714545,105.2930545,105.2809545,
7148.15,105.278,105.2996,105.2878,,,7148.15,105.2711588,105.2927588,105.2809588,
7149.0504,105.2777,105.2994,105.2876,,,7149.0504,105.270863,105.292563,105.280763,
7149.9498,105.2781,105.2995,105.2876,,,7149.9498,105.2712673,105.2926673,105.2807673,
7150.8502,105.2777,105.2991,105.2875,,,7150.8502,105.2708716,105.2922716,105.2806716,
7151.7496,105.2785,105.2995,105.2874,,,7151.7496,105.2716758,105.2926758,105.2805758,
7152.65,105.2784,105.2988,105.2874,,,7152.65,105.2715801,105.2919801,105.2805801,
7153.5504,105.2787,105.2987,105.2874,,,7153.5504,105.2718844,105.2918844,105.2805844,
7154.4,105.2787,105.2988,105.2874,,,7154.4,105.2718884,105.2919884,105.2805884,
7155.2999,105.2783,105.2996,105.2874,,,7155.2999,105.2714927,105.2927927,105.2805927,
7156.2496,105.2785,105.2991,105.2873,,,7156.2496,105.2716972,105.2922972,105.2804972,
7157.15,105.2784,105.2996,105.2873,,,7157.15,105.2716014,105.2928014,105.2805014,
7158.0504,105.2783,105.2994,105.2871,,,7158.0504,105.2715057,105.2926057,105.2803057,
7158.9498,105.2781,105.2995,105.2872,,,7158.9498,105.2713099,105.2927099,105.2804099,
7159.8502,105.2783,105.2995,105.2872,,,7159.8502,105.2715142,105.2927142,105.2804142,
7160.6998,105.2784,105.2995,105.2873,,,7160.6998,105.2716182,105.2927182,105.2805182,
7161.6002,105.2781,105.2999,105.2873,,,7161.6002,105.2713225,105.2931225,105.2805225,
7162.5001,105.2785,105.2999,105.2872,,,7162.5001,105.2717268,105.2931268,105.2804268,
7163.4,105.2783,105.2999,105.287,,,7163.4,105.271531,105.293131,105.280231,
7164.3502,105.278,105.2995,105.2868,,,7164.3502,105.2712355,105.2927355,105.2800355,
7165.2496,105.2781,105.2988,105.2869,,,7165.2496,105.2713398,105.2920398,105.2801398,
7166.15,105.2781,105.2999,105.2868,,,7166.15,105.2713441,105.2931441,105.2800441,
7167.0504,105.2785,105.3003,105.2869,,,7167.0504,105.2717483,105.2935483,105.2801483,
7167.9498,105.2779,105.2987,105.2869,,,7167.9498,105.2711526,105.2919526,105.2801526,
7168.8502,105.278,105.3003,105.2871,,,7168.8502,105.2712569,105.2935569,105.2803569,
7169.7496,105.2784,105.2999,105.2871,,,7169.7496,105.2716611,105.2931611,105.2803611,
7170.65,105.2785,105.2998,105.287,,,7170.65,105.2717654,105.2930654,105.2802654,
7171.5504,105.2788,105.3003,105.2871,,,7171.5504,105.2720697,105.2935697,105.2803697,
7172.4498,105.2789,105.3002,105.2871,,,7172.4498,105.2721739,105.2934739,105.2803739,
7173.3502,105.2785,105.3002,105.2871,,,7173.3502,105.2717782,105.2934782,105.2803782,
7174.2496,105.2787,105.2999,105.2871,,,7174.2496,105.2719824,105.2931824,105.2803824,
7175.15,105.2791,105.3004,105.287,,,7175.15,105.2723867,105.2936867,105.2802867,
7176.0504,105.2788,105.3012,105.287,,,7176.0504,105.272091,105.294491,105.280291,
7176.9498,105.2788,105.3002,105.287,,,7176.9498,105.2720952,105.2934952,105.2802952,
7177.8502,105.2787,105.3,105.2869,,,7177.8502,105.2719995,105.2932995,105.2801995,
7178.7496,105.2784,105.3004,105.2868,,,7178.7496,105.2717038,105.2937038,105.2801038,
7179.65,105.2785,105.3002,105.287,,,7179.65,105.271808,105.293508,105.280308,
7180.6002,105.2787,105.3,105.287,,,7180.6002,105.2720125,105.2933125,105.2803125,
7181.5001,105.2783,105.3002,105.2868,,,7181.5001,105.2716168,105.2935168,105.2801168,
7182.4,105.2783,105.2992,105.2868,,,7182.4,105.2716211,105.2925211,105.2801211,
7183.3502,105.2781,105.3006,105.2868,,,7183.3502,105.2714256,105.2939256,105.2801256,
7184.2496,105.2783,105.2996,105.2867,,,7184.2496,105.2716298,105.2929298,105.2800298,
7185.15,105.2777,105.2999,105.2866,,,7185.15,105.2710341,105.2932341,105.2799341,
7186.0504,105.2779,105.3007,105.2865,,,7186.0504,105.2712384,105.2940384,105.2798384,
7186.9498,105.278,105.2994,105.2864,,,7186.9498,105.2713426,105.2927426,105.2797426,
7187.8502,105.2773,105.3004,105.2862,,,7187.8502,105.2706469,105.2937469,105.2795469,
7188.7496,105.2773,105.2999,105.286,,,7188.7496,105.2706512,105.2932512,105.2793512,
7189.65,105.2772,105.299,105.2859,,,7189.65,105.2705554,105.2923554,105.2792554,
7190.5504,105.2769,105.3,105.2858,,,7190.5504,105.2702597,105.2933597,105.2791597,
7191.4498,105.2768,105.2996,105.2857,,,7191.4498,105.2701639,105.2929639,105.2790639,
7192.3502,105.2768,105.2991,105.2857,,,7192.3502,105.2701682,105.2924682,105.2790682,
7193.2496,105.2766,105.3004,105.2856,,,7193.2496,105.2699725,105.2937725,105.2789725,
7194.15,105.2766,105.2985,105.2855,,,7194.15,105.2699767,105.2918767,105.2788767,
7195.1002,105.2765,105.2985,105.2853,,,7195.1002,105.2698812,105.2918812,105.2786812,
7196.0001,105.2758,105.2988,105.285,,,7196.0001,105.2691855,105.2921855,105.2783855,
7196.9,105.2757,105.2999,105.285,,,7196.9,105.2690898,105.2932898,105.2783898,
7197.8502,105.2753,105.2987,105.2848,,,7197.8502,105.2686943,105.2920943,105.2781943,
7198.7496,105.2749,105.2988,105.2845,,,7198.7496,105.2682985,105.2921985,105.2778985,
7199.65,105.2745,105.2983,105.2844,,,7199.65,105.2679028,105.2917028,105.2778028,
7200.5504,105.2748,105.2984,105.2844,,,7200.5504,105.2682071,105.2918071,105.2778071,
7201.4498,105.2741,105.2977,105.2839,,,7201.4498,105.2675113,105.2911113,105.2773113,
7202.3502,105.2738,105.2968,105.2834,,,7202.3502,105.2672156,105.2902156,105.2768156,
7203.2496,105.2734,105.2959,105.2829,,,7203.2496,105.2668199,105.2893199,105.2763199,
7204.15,105.2729,105.2976,105.2826,,,7204.15,105.2663241,105.2910241,105.2760241,
7205.0504,105.2724,105.2964,105.2822,,,7205.0504,105.2658284,105.2898284,105.2756284,
7206.0001,105.2721,105.2959,105.2817,,,7206.0001,105.2655329,105.2893329,105.2751329,
7206.9,105.2717,105.2947,105.2812,,,7206.9,105.2651372,105.2881372,105.2746372,
7207.7999,105.271,105.2938,105.2807,,,7207.7999,105.2644414,105.2872414,105.2741414,
7208.7496,105.2703,105.2937,105.2799,,,7208.7496,105.2637459,105.2871459,105.2733459,
7209.65,105.2698,105.2921,105.279,,,7209.65,105.2632502,105.2855502,105.2724502,
7210.5504,105.2691,105.2921,105.2786,,,7210.5504,105.2625545,105.2855545,105.2720545,
7211.4498,105.2687,105.292,105.2781,,,7211.4498,105.2621587,105.2854587,105.2715587,
7212.3502,105.2675,105.2909,105.2775,,,7212.3502,105.260963,105.284363,105.270963,
7213.2496,105.267,105.2899,105.2766,,,7213.2496,105.2604672,105.2833672,105.2700672,
7214.1998,105.2663,105.2887,105.2756,,,7214.1998,105.2597717,105.2821717,105.2690717,
7215.1002,105.2654,105.2873,105.2747,,,7215.1002,105.258876,105.280776,105.268176,
7216.0001,105.2646,105.2861,105.2737,,,7216.0001,105.2580803,105.2795803,105.2671803,
7216.9498,105.2632,105.2854,105.273,,,7216.9498,105.2566848,105.2788848,105.2664848,
7217.8502,105.2627,105.2851,105.2723,,,7217.8502,105.256189,105.278589,105.265789,
7218.7496,105.262,105.2846,105.2714,,,7218.7496,105.2554933,105.2780933,105.2648933,
7219.65,105.2613,105.2832,105.2704,,,7219.65,105.2547976,105.2766976,105.2638976,
7220.5504,105.2605,105.2819,105.2695,,,7220.5504,105.2540018,105.2754018,105.2630018,
7221.4498,105.2593,105.2818,105.2687,,,7221.4498,105.2528061,105.2753061,105.2622061,
7222.3502,105.2585,105.2816,105.2678,,,7222.3502,105.2520104,105.2751104,105.2613104,
7223.2496,105.2577,105.2809,105.2669,,,7223.2496,105.2512146,105.2744146,105.2604146,
7224.15,105.2568,105.2799,105.266,,,7224.15,105.2503189,105.2734189,105.2595189,
7225.0504,105.2566,105.2788,105.2651,,,7225.0504,105.2501232,105.2723232,105.2586232,
7225.9498,105.2557,105.2777,105.2644,,,7225.9498,105.2492274,105.2712274,105.2579274,
7226.8502,105.2545,105.2762,105.2634,,,7226.8502,105.2480317,105.2697317,105.2569317,
7227.7496,105.2533,105.2758,105.2624,,,7227.7496,105.246836,105.269336,105.255936,
7228.65,105.2527,105.275,105.2615,,,7228.65,105.2462402,105.2685402,105.2550402,
7229.5504,105.2517,105.2744,105.2606,,,7229.5504,105.2452445,105.2679445,105.2541445,
7230.4498,105.2509,105.2733,105.2597,,,7230.4498,105.2444488,105.2668488,105.2532488,
7231.3502,105.2503,105.2721,105.259,,,7231.3502,105.243853,105.265653,105.252553,
7232.2496,105.2495,105.2711,105.2585,,,7232.2496,105.2430573,105.2646573,105.2520573,
7233.15,105.2494,105.2711,105.258,,,7233.15,105.2429615,105.2646615,105.2515615,
7234.0504,105.2487,105.2697,105.2573,,,7234.0504,105.2422658,105.2632658,105.2508658,
7234.9498,105.2482,105.2687,105.2568,,,7234.9498,105.2417701,105.2622701,105.2503701,
7235.8502,105.2472,105.2689,105.2561,,,7235.8502,105.2407743,105.2624743,105.2496743,
7236.7496,105.2467,105.2679,105.2557,,,7236.7496,105.2402786,105.2614786,105.2492786,
7237.65,105.2464,105.2671,105.2553,,,7237.65,105.2399829,105.2606829,105.2488829,
7238.6002,105.2456,105.2675,105.2549,,,7238.6002,105.2391874,105.2610874,105.2484874,
7239.5504,105.2458,105.2667,105.2543,,,7239.5504,105.2393919,105.2602919,105.2478919,
7240.4,105.2451,105.2659,105.2541,,,7240.4,105.2386959,105.2594959,105.2476959,
7241.2999,105.2448,105.266,105.2535,,,7241.2999,105.2384002,105.2596002,105.2471002,
7242.2496,105.2441,105.2648,105.253,,,7242.2496,105.2377047,105.2584047,105.2466047,
7243.15,105.2439,105.2639,105.2526,,,7243.15,105.2375089,105.2575089,105.2462089,
7244.0504,105.2433,105.2638,105.252,,,7244.0504,105.2369132,105.2574132,105.2456132,
7244.9498,105.2436,105.2627,105.2517,,,7244.9498,105.2372175,105.2563175,105.2453175,
7245.8502,105.2429,105.2631,105.2515,,,7245.8502,105.2365217,105.2567217,105.2451217,
7246.7496,105.2429,105.2624,105.2512,,,7246.7496,105.236526,105.256026,105.244826,
7247.65,105.2428,105.2628,105.251,,,7247.65,105.2364303,105.2564303,105.2446303,
7248.5504,105.2429,105.2628,105.2507,,,7248.5504,105.2365345,105.2564345,105.2443345,
7249.4498,105.2428,105.2615,105.2504,,,7249.4498,105.2364388,105.2551388,105.2440388,
7250.3502,105.2427,105.2613,105.2503,,,7250.3502,105.236343,105.254943,105.243943,
7251.2496,105.2425,105.2604,105.2498,,,7251.2496,105.2361473,105.2540473,105.2434473,
7252.15,105.2419,105.2612,105.2495,,,7252.15,105.2355516,105.2548516,105.2431516,
7253.0504,105.2419,105.26,105.2492,,,7253.0504,105.2355558,105.2536558,105.2428558,
7253.9498,105.2415,105.2603,105.2488,,,7253.9498,105.2351601,105.2539601,105.2424601,
7254.8502,105.2413,105.2603,105.2485,,,7254.8502,105.2349644,105.2539644,105.2421644,
7255.7496,105.2411,105.2593,105.2479,,,7255.7496,105.2347686,105.2529686,105.2415686,
7256.65,105.2405,105.258,105.2475,,,7256.65,105.2341729,105.2516729,105.2411729,
7257.5504,105.2398,105.2593,105.2473,,,7257.5504,105.2334772,105.2529772,105.2409772,
7258.5001,105.2397,105.2578,105.247,,,7258.5001,105.2333817,105.2514817,105.2406817,
7259.4498,105.2397,105.2584,105.2468,,,7259.4498,105.2333862,105.2520862,105.2404862,
7260.3502,105.2389,105.2577,105.2463,,,7260.3502,105.2325904,105.2513904,105.2399904,
7261.2496,105.2385,105.2574,105.2458,,,7261.2496,105.2321947,105.2510947,105.2394947,
7262.15,105.2382,105.2564,105.2455,,,7262.15,105.231899,105.250099,105.239199,
7263.0504,105.238,105.2569,105.2452,,,7263.0504,105.2317032,105.2506032,105.2389032,
7263.9498,105.2374,105.2568,105.245,,,7263.9498,105.2311075,105.2505075,105.2387075,
7264.8502,105.2374,105.2564,105.2448,,,7264.8502,105.2311118,105.2501118,105.2385118,
7265.7496,105.2367,105.256,105.2445,,,7265.7496,105.230416,105.249716,105.238216,
7266.65,105.2367,105.2553,105.2443,,,7266.65,105.2304203,105.2490203,105.2380203,
7267.5504,105.2362,105.2556,105.2439,,,7267.5504,105.2299246,105.2493246,105.2376246,
7268.4498,105.2358,105.2557,105.2435,,,7268.4498,105.2295288,105.2494288,105.2372288,
7269.3502,105.2349,105.2543,105.2431,,,7269.3502,105.2286331,105.2480331,105.2368331,
7270.2496,105.2343,105.2543,105.2428,,,7270.2496,105.2280373,105.2480373,105.2365373,
7271.15,105.2341,105.2543,105.2424,,,7271.15,105.2278416,105.2480416,105.2361416,
7272.0504,105.2343,105.2543,105.2423,,,7272.0504,105.2280459,105.2480459,105.2360459,
7272.9498,105.2334,105.2535,105.2419,,,7272.9498,105.2271501,105.2472501,105.2356501,
7273.8502,105.233,105.253,105.2417,,,7273.8502,105.2267544,105.2467544,105.2354544,
7274.7496,105.2326,105.2533,105.2414,,,7274.7496,105.2263587,105.2470587,105.2351587,
7275.6998,105.2326,105.2527,105.2412,,,7275.6998,105.2263632,105.2464632,105.2349632,
7276.6002,105.232,105.2523,105.241,,,7276.6002,105.2257674,105.2460674,105.2347674,
7277.5001,105.2318,105.2526,105.2409,,,7277.5001,105.2255717,105.2463717,105.2346717,
7278.4,105.2323,105.2529,105.2408,,,7278.4,105.226076,105.246676,105.234576,
7279.2999,105.2318,105.2522,105.2407,,,7279.2999,105.2255802,105.2459802,105.2344802,
7280.2496,105.2315,105.2517,105.2405,,,7280.2496,105.2252847,105.2454847,105.2342847,
7281.15,105.2316,105.2525,105.2402,,,7281.15,105.225389,105.246289,105.233989,
7282.0504,105.2316,105.2511,105.24,,,7282.0504,105.2253933,105.2448933,105.2337933,
7282.9498,105.2308,105.251,105.2398,,,7282.9498,105.2245975,105.2447975,105.2335975,
7283.8502,105.2307,105.2509,105.2396,,,7283.8502,105.2245018,105.2447018,105.2334018,
7284.7496,105.231,105.251,105.2395,,,7284.7496,105.2248061,105.2448061,105.2333061,
7285.65,105.2314,105.251,105.2393,,,7285.65,105.2252103,105.2448103,105.2331103,
7286.5504,105.231,105.2506,105.2391,,,7286.5504,105.2248146,105.2444146,105.2329146,
7287.4498,105.2307,105.2499,105.2388,,,7287.4498,105.2245188,105.2437188,105.2326188,
7288.3502,105.2302,105.2496,105.2385,,,7288.3502,105.2240231,105.2434231,105.2323231,
7289.2496,105.2299,105.2499,105.2382,,,7289.2496,105.2237274,105.2437274,105.2320274,
7290.15,105.23,105.2499,105.238,,,7290.15,105.2238316,105.2437316,105.2318316,
7291.0504,105.2292,105.2492,105.2377,,,7291.0504,105.2230359,105.2430359,105.2315359,
7291.9498,105.2288,105.2491,105.2374,,,7291.9498,105.2226402,105.2429402,105.2312402,
7292.8502,105.2288,105.2488,105.2372,,,7292.8502,105.2226444,105.2426444,105.2310444,
7293.7496,105.2287,105.2492,105.2371,,,7293.7496,105.2225487,105.2430487,105.2309487,
7294.65,105.2288,105.2496,105.2368,,,7294.65,105.222653,105.243453,105.230653,
7295.5504,105.2283,105.2484,105.2366,,,7295.5504,105.2221572,105.2422572,105.2304572,
7296.4498,105.228,105.2482,105.2363,,,7296.4498,105.2218615,105.2420615,105.2301615,
7297.3502,105.2276,105.2478,105.2359,,,7297.3502,105.2214658,105.2416658,105.2297658,
7298.2496,105.2272,105.2478,105.2359,,,7298.2496,105.22107,105.24167,105.22977,
7299.15,105.2275,105.2487,105.2356,,,7299.15,105.2213743,105.2425743,105.2294743,
7300.0504,105.2268,105.2479,105.2355,,,7300.0504,105.2206786,105.2417786,105.2293786,
7300.9498,105.2271,105.2476,105.2352,,,7300.9498,105.2209828,105.2414828,105.2290828,
7301.8502,105.2265,105.2468,105.2348,,,7301.8502,105.2203871,105.2406871,105.2286871,
7302.7496,105.2265,105.2468,105.2347,,,7302.7496,105.2203913,105.2406913,105.2285913,
7303.65,105.2263,105.2466,105.2345,,,7303.65,105.2201956,105.2404956,105.2283956,
7304.5504,105.2263,105.247,105.2345,,,7304.5504,105.2201999,105.2408999,105.2283999,
7305.4498,105.2261,105.2464,105.2344,,,7305.4498,105.2200041,105.2403041,105.2283041,
7306.4,105.2264,105.2459,105.2342,,,7306.4,105.2203086,105.2398086,105.2281086,
7307.3502,105.2252,105.2459,105.234,,,7307.3502,105.2191131,105.2398131,105.2279131,
7308.2496,105.2256,105.246,105.2337,,,7308.2496,105.2195174,105.2399174,105.2276174,
7309.15,105.2252,105.2462,105.2335,,,7309.15,105.2191217,105.2401217,105.2274217,
7310.0504,105.2251,105.2458,105.2333,,,7310.0504,105.2190259,105.2397259,105.2272259,
7310.9498,105.2249,105.2448,105.233,,,7310.9498,105.2188302,105.2387302,105.2269302,
7311.8502,105.2248,105.2448,105.2326,,,7311.8502,105.2187345,105.2387345,105.2265345,
7312.7496,105.2247,105.2447,105.2325,,,7312.7496,105.2186387,105.2386387,105.2264387,
7313.65,105.2234,105.2445,105.2322,,,7313.65,105.217343,105.238443,105.226143,
7314.5504,105.2237,105.2441,105.2319,,,7314.5504,105.2176473,105.2380473,105.2258473,
7315.4498,105.2239,105.2445,105.2317,,,7315.4498,105.2178515,105.2384515,105.2256515,
7316.3502,105.2236,105.2436,105.2315,,,7316.3502,105.2175558,105.2375558,105.2254558,
7317.2496,105.2233,105.2429,105.2313,,,7317.2496,105.2172601,105.2368601,105.2252601,
7318.15,105.223,105.2436,105.2311,,,7318.15,105.2169643,105.2375643,105.2250643,
7319.0504,105.2232,105.2437,105.2309,,,7319.0504,105.2171686,105.2376686,105.2248686,
7319.9498,105.2226,105.2432,105.231,,,7319.9498,105.2165728,105.2371728,105.2249728,
7320.8502,105.2226,105.2427,105.2306,,,7320.8502,105.2165771,105.2366771,105.2245771,
7321.7496,105.2224,105.2433,105.2303,,,7321.7496,105.2163814,105.2372814,105.2242814,
7322.65,105.2225,105.2421,105.2302,,,7322.65,105.2164856,105.2360856,105.2241856,
7323.5504,105.2224,105.2424,105.2299,,,7323.5504,105.2163899,105.2363899,105.2238899,
7324.4498,105.222,105.242,105.2296,,,7324.4498,105.2159942,105.2359942,105.2235942,
7325.3502,105.2218,105.2421,105.2295,,,7325.3502,105.2157984,105.2360984,105.2234984,
7326.2496,105.2213,105.2409,105.2293,,,7326.2496,105.2153027,105.2349027,105.2233027,
7327.15,105.2216,105.2409,105.2292,,,7327.15,105.215607,105.234907,105.223207,
7328.0504,105.2216,105.2415,105.2292,,,7328.0504,105.2156112,105.2355112,105.2232112,
7328.9498,105.2217,105.2411,105.2291,,,7328.9498,105.2157155,105.2351155,105.2231155,
7329.8502,105.2222,105.2413,105.2292,,,7329.8502,105.2162198,105.2353198,105.2232198,
7330.7496,105.2221,105.2406,105.2289,,,7330.7496,105.216124,105.234624,105.222924,
7331.65,105.2221,105.2405,105.2288,,,7331.65,105.2161283,105.2345283,105.2228283,
7332.5504,105.2217,105.2404,105.2288,,,7332.5504,105.2157326,105.2344326,105.2228326,
7333.4498,105.2217,105.2402,105.2286,,,7333.4498,105.2157368,105.2342368,105.2226368,
7334.3502,105.2214,105.2396,105.2284,,,7334.3502,105.2154411,105.2336411,105.2224411,
7335.2496,105.2212,105.2392,105.2281,,,7335.2496,105.2152453,105.2332453,105.2221453,
7336.15,105.2212,105.24,105.2278,,,7336.15,105.2152496,105.2340496,105.2218496,
7337.0504,105.2209,105.2396,105.2276,,,7337.0504,105.2149539,105.2336539,105.2216539,
7337.9498,105.221,105.2393,105.2275,,,7337.9498,105.2150581,105.2333581,105.2215581,
7338.8502,105.2206,105.239,105.2273,,,7338.8502,105.2146624,105.2330624,105.2213624,
7339.7999,105.2205,105.2393,105.2267,,,7339.7999,105.2145669,105.2333669,105.2207669,
7340.6998,105.2204,105.2384,105.2268,,,7340.6998,105.2144712,105.2324712,105.2208712,
7341.6002,105.2204,105.2378,105.2266,,,7341.6002,105.2144754,105.2318754,105.2206754,
7342.5504,105.2201,105.2386,105.2267,,,7342.5504,105.2141799,105.2326799,105.2207799,
7343.4498,105.2201,105.239,105.2264,,,7343.4498,105.2141842,105.2330842,105.2204842,
7344.3502,105.2201,105.2377,105.2263,,,7344.3502,105.2141885,105.2317885,105.2203885,
7345.2496,105.2196,105.2382,105.226,,,7345.2496,105.2136927,105.2322927,105.2200927,
7346.15,105.219,105.2377,105.2257,,,7346.15,105.213097,105.231797,105.219797,
7347.0504,105.2192,105.2384,105.2257,,,7347.0504,105.2133013,105.2325013,105.2198013,
7347.9498,105.219,105.2382,105.2254,,,7347.9498,105.2131055,105.2323055,105.2195055,
7348.8502,105.2182,105.2374,105.2249,,,7348.8502,105.2123098,105.2315098,105.2190098,
7349.7496,105.2182,105.2367,105.2245,,,7349.7496,105.2123141,105.2308141,105.2186141,
7350.65,105.2178,105.2365,105.2245,,,7350.65,105.2119183,105.2306183,105.2186183,
7351.5504,105.2178,105.2365,105.2243,,,7351.5504,105.2119226,105.2306226,105.2184226,
7352.4498,105.2181,105.2362,105.2242,,,7352.4498,105.2122268,105.2303268,105.2183268,
7353.3502,105.2174,105.2366,105.2239,,,7353.3502,105.2115311,105.2307311,105.2180311,
7354.2496,105.217,105.2359,105.2236,,,7354.2496,105.2111354,105.2300354,105.2177354,
7355.15,105.2171,105.2357,105.2235,,,7355.15,105.2112396,105.2298396,105.2176396,
7356.0504,105.2169,105.2354,105.2233,,,7356.0504,105.2110439,105.2295439,105.2174439,
7356.9498,105.2163,105.2354,105.2233,,,7356.9498,105.2104482,105.2295482,105.2174482,
7357.8502,105.2161,105.235,105.2231,,,7357.8502,105.2102524,105.2291524,105.2172524,
7358.7496,105.2161,105.235,105.2231,,,7358.7496,105.2102567,105.2291567,105.2172567,
7359.65,105.2159,105.2347,105.2229,,,7359.65,105.210061,105.228861,105.217061,
7360.5504,105.2158,105.2342,105.2229,,,7360.5504,105.2099652,105.2283652,105.2170652,
7361.4498,105.2161,105.235,105.2227,,,7361.4498,105.2102695,105.2291695,105.2168695,
7362.3502,105.2155,105.2346,105.2225,,,7362.3502,105.2096738,105.2287738,105.2166738,
7363.2496,105.2153,105.2346,105.2223,,,7363.2496,105.209478,105.228778,105.216478,
7364.15,105.2154,105.2346,105.2224,,,7364.15,105.2095823,105.2287823,105.2165823,
7365.0504,105.2154,105.233,105.2224,,,7365.0504,105.2095866,105.2271866,105.2165866,
7365.9498,105.2153,105.2325,105.2222,,,7365.9498,105.2094908,105.2266908,105.2163908,
7366.8502,105.2157,105.2322,105.2222,,,7366.8502,105.2098951,105.2263951,105.2163951,
7367.7496,105.2151,105.2319,105.222,,,7367.7496,105.2092993,105.2260993,105.2161993,
7368.65,105.2147,105.2319,105.222,,,7368.65,105.2089036,105.2261036,105.2162036,
7369.5504,105.2147,105.2316,105.2219,,,7369.5504,105.2089079,105.2258079,105.2161079,
7370.4498,105.2144,105.2311,105.2217,,,7370.4498,105.2086121,105.2253121,105.2159121,
7371.3502,105.2147,105.2306,105.2215,,,7371.3502,105.2089164,105.2248164,105.2157164,
7372.2496,105.2146,105.23,105.2212,,,7372.2496,105.2088207,105.2242207,105.2154207,
7373.15,105.2139,105.2295,105.2208,,,7373.15,105.2081249,105.2237249,105.2150249,
7374.0504,105.2135,105.2291,105.2205,,,7374.0504,105.2077292,105.2233292,105.2147292,
7374.9498,105.2136,105.2284,105.2203,,,7374.9498,105.2078335,105.2226335,105.2145335,
7375.8502,105.2126,105.228,105.2197,,,7375.8502,105.2068377,105.2222377,105.2139377,
7376.7496,105.2124,105.2272,105.2191,,,7376.7496,105.206642,105.221442,105.213342,
7377.65,105.2119,105.2265,105.2186,,,7377.65,105.2061463,105.2207463,105.2128463,
7378.5504,105.2118,105.226,105.2182,,,7378.5504,105.2060505,105.2202505,105.2124505,
7379.4498,105.2116,105.2252,105.2178,,,7379.4498,105.2058548,105.2194548,105.2120548,
7380.3502,105.211,105.2241,105.2172,,,7380.3502,105.2052591,105.2183591,105.2114591,
7381.2496,105.2106,105.2237,105.2167,,,7381.2496,105.2048633,105.2179633,105.2109633,
7382.15,105.2099,105.2232,105.2162,,,7382.15,105.2041676,105.2174676,105.2104676,
7383.0504,105.2099,105.2222,105.2157,,,7383.0504,105.2041719,105.2164719,105.2099719,
7384.0001,105.2093,105.2214,105.2152,,,7384.0001,105.2035764,105.2156764,105.2094764,
7384.9498,105.2089,105.2202,105.2147,,,7384.9498,105.2031809,105.2144809,105.2089809,
7385.8502,105.2085,105.2194,105.2142,,,7385.8502,105.2027851,105.2136851,105.2084851,
7386.7496,105.208,105.2189,105.2135,,,7386.7496,105.2022894,105.2131894,105.2077894,
7387.65,105.2077,105.2178,105.213,,,7387.65,105.2019936,105.2120936,105.2072936,
7388.5504,105.2071,105.2174,105.2124,,,7388.5504,105.2013979,105.2116979,105.2066979,
7389.4498,105.2071,105.2167,105.2119,,,7389.4498,105.2014022,105.2110022,105.2062022,
7390.3502,105.2061,105.2157,105.2112,,,7390.3502,105.2004064,105.2100064,105.2055064,
7391.2496,105.2058,105.2146,105.2105,,,7391.2496,105.2001107,105.2089107,105.2048107,
7392.15,105.2052,105.2139,105.2097,,,7392.15,105.199515,105.208215,105.204015,
7393.0504,105.2044,105.2131,105.2091,,,7393.0504,105.1987192,105.2074192,105.2034192,
7393.9498,105.2032,105.212,105.2084,,,7393.9498,105.1975235,105.2063235,105.2027235,
7394.8502,105.2032,105.2112,105.2078,,,7394.8502,105.1975278,105.2055278,105.2021278,
7395.7496,105.2025,105.2104,105.2071,,,7395.7496,105.196832,105.204732,105.201432,
7396.65,105.2018,105.2095,105.2062,,,7396.65,105.1961363,105.2038363,105.2005363,
7397.5504,105.2013,105.2087,105.2053,,,7397.5504,105.1956406,105.2030406,105.1996406,
7398.4498,105.2009,105.2075,105.2047,,,7398.4498,105.1952448,105.2018448,105.1990448,
7399.3502,105.1999,105.2067,105.2038,,,7399.3502,105.1942491,105.2010491,105.1981491,
7400.2496,105.1994,105.2056,105.2029,,,7400.2496,105.1937533,105.1999533,105.1972533,
7401.15,105.1983,105.2045,105.2018,,,7401.15,105.1926576,105.1988576,105.1961576,
7402.0504,105.1971,105.2034,105.2009,,,7402.0504,105.1914619,105.1977619,105.1952619,
7402.9498,105.1962,105.2025,105.1999,,,7402.9498,105.1905661,105.1968661,105.1942661,
7403.8502,105.1952,105.201,105.1986,,,7403.8502,105.1895704,105.1953704,105.1929704,
7404.7496,105.1942,105.2003,105.1973,,,7404.7496,105.1885747,105.1946747,105.1916747,
7405.65,105.1932,105.199,105.1963,,,7405.65,105.1875789,105.1933789,105.1906789,
7406.5504,105.1924,105.1977,105.1951,,,7406.5504,105.1867832,105.1920832,105.1894832,
7407.4498,105.1909,105.1966,105.1939,,,7407.4498,105.1852875,105.1909875,105.1882875,
7408.3502,105.1899,105.1956,105.1927,,,7408.3502,105.1842917,105.1899917,105.1870917,
7409.2496,105.1885,105.1942,105.1915,,,7409.2496,105.182896,105.188596,105.185896,
7410.15,105.1872,105.193,105.19,,,7410.15,105.1816003,105.1874003,105.1844003,
7411.0504,105.1857,105.1912,105.1885,,,7411.0504,105.1801045,105.1856045,105.1829045,
7411.9498,105.1845,105.1899,105.187,,,7411.9498,105.1789088,105.1843088,105.1814088,
7412.8502,105.183,105.188,105.1855,,,7412.8502,105.1774131,105.1824131,105.1799131,
7413.7496,105.1813,105.1865,105.1841,,,7413.7496,105.1757173,105.1809173,105.1785173,
7414.65,105.1799,105.1846,105.1824,,,7414.65,105.1743216,105.1790216,105.1768216,
7415.5504,105.1783,105.1829,105.1807,,,7415.5504,105.1727259,105.1773259,105.1751259,
7416.4498,105.1764,105.1815,105.1792,,,7416.4498,105.1708301,105.1759301,105.1736301,
7417.3502,105.1747,105.1798,105.1773,,,7417.3502,105.1691344,105.1742344,105.1717344,
7418.2496,105.1729,105.1782,105.1756,,,7418.2496,105.1673386,105.1726386,105.1700386,
7419.15,105.1713,105.1762,105.1738,,,7419.15,105.1657429,105.1706429,105.1682429,
7420.0504,105.1696,105.1747,105.172,,,7420.0504,105.1640472,105.1691472,105.1664472,
7420.9498,105.1673,105.1724,105.17,,,7420.9498,105.1617514,105.1668514,105.1644514,
7421.8502,105.1654,105.1701,105.1681,,,7421.8502,105.1598557,105.1645557,105.1625557,
7422.7496,105.1634,105.1681,105.1661,,,7422.7496,105.15786,105.16256,105.16056,
7423.65,105.1612,105.1658,105.1639,,,7423.65,105.1556642,105.1602642,105.1583642,
7424.5504,105.1591,105.1635,105.1615,,,7424.5504,105.1535685,105.1579685,105.1559685,
7425.4498,105.1572,105.1614,105.1595,,,7425.4498,105.1516728,105.1558728,105.1539728,
7426.3502,105.1547,105.1591,105.1572,,,7426.3502,105.149177,105.153577,105.151677,
7427.2496,105.1524,105.157,105.1549,,,7427.2496,105.1468813,105.1514813,105.1493813,
7428.15,105.1502,105.1545,105.1526,,,7428.15,105.1446856,105.1489856,105.1470856,
7429.0504,105.1475,105.152,105.1501,,,7429.0504,105.1419898,105.1464898,105.1445898,
7429.9498,105.1451,105.1496,105.1475,,,7429.9498,105.1395941,105.1440941,105.1419941,
7430.8502,105.1426,105.1466,105.1447,,,7430.8502,105.1370984,105.1410984,105.1391984,
7431.7496,105.1399,105.1438,105.1418,,,7431.7496,105.1344026,105.1383026,105.1363026,
7432.65,105.1369,105.1407,105.1391,,,7432.65,105.1314069,105.1352069,105.1336069,
7433.5504,105.1338,105.138,105.1363,,,7433.5504,105.1283111,105.1325111,105.1308111,
7434.4498,105.1314,105.1353,105.1336,,,7434.4498,105.1259154,105.1298154,105.1281154,
7435.3502,105.1285,105.132,105.1304,,,7435.3502,105.1230197,105.1265197,105.1249197,
7436.2999,105.1256,105.1293,105.1276,,,7436.2999,105.1201242,105.1238242,105.1221242,
7437.1998,105.1224,105.1261,105.1245,,,7437.1998,105.1169284,105.1206284,105.1190284,
7438.1002,105.1195,105.123,105.1215,,,7438.1002,105.1140327,105.1175327,105.1160327,
7439.0001,105.1165,105.1199,105.1184,,,7439.0001,105.111037,105.114437,105.112937,
7439.9,105.1132,105.1173,105.1156,,,7439.9,105.1077412,105.1118412,105.1101412,
7440.8502,105.1107,105.1144,105.1128,,,7440.8502,105.1052457,105.1089457,105.1073457,
7441.7496,105.1079,105.1117,105.1098,,,7441.7496,105.10245,105.10625,105.10435,
7442.65,105.1051,105.1086,105.107,,,7442.65,105.0996543,105.1031543,105.1015543,
7443.5504,105.1023,105.1056,105.1041,,,7443.5504,105.0968585,105.1001585,105.0986585,
7444.4498,105.0994,105.1027,105.1013,,,7444.4498,105.0939628,105.0972628,105.0958628,
7445.3502,105.0969,105.1003,105.0986,,,7445.3502,105.0914671,105.0948671,105.0931671,
7446.2496,105.0942,105.0976,105.0961,,,7446.2496,105.0887713,105.0921713,105.0906713,
7447.15,105.0918,105.0956,105.0939,,,7447.15,105.0863756,105.0901756,105.0884756,
7448.0504,105.0895,105.0931,105.0916,,,7448.0504,105.0840799,105.0876799,105.0861799,
7448.9498,105.0876,105.0913,105.0895,,,7448.9498,105.0821841,105.0858841,105.0840841,
7449.8502,105.0854,105.0894,105.0875,,,7449.8502,105.0799884,105.0839884,105.0820884,
7450.7496,105.0836,105.0875,105.0857,,,7450.7496,105.0781926,105.0820926,105.0802926,
7451.65,105.0819,105.0859,105.0842,,,7451.65,105.0764969,105.0804969,105.0787969,
7452.5504,105.0806,105.0847,105.0829,,,7452.5504,105.0752012,105.0793012,105.0775012,
7453.4498,105.0797,105.0836,105.0819,,,7453.4498,105.0743054,105.0782054,105.0765054,
7454.3502,105.079,105.0827,105.0809,,,7454.3502,105.0736097,105.0773097,105.0755097,
7455.2496,105.0781,105.0819,105.0803,,,7455.2496,105.072714,105.076514,105.074914,
7456.15,105.0774,105.0815,105.0797,,,7456.15,105.0720182,105.0761182,105.0743182,
7457.0504,105.0771,105.0813,105.0795,,,7457.0504,105.0717225,105.0759225,105.0741225,
7457.9498,105.0773,105.0812,105.0796,,,7457.9498,105.0719268,105.0758268,105.0742268,
7458.8502,105.0773,105.0813,105.0796,,,7458.8502,105.071931,105.075931,105.074231,
7459.7496,105.0776,105.082,105.0801,,,7459.7496,105.0722353,105.0766353,105.0747353,
7460.65,105.0781,105.0825,105.0808,,,7460.65,105.0727396,105.0771396,105.0754396,
7461.5504,105.0789,105.0836,105.0816,,,7461.5504,105.0735438,105.0782438,105.0762438,
7462.4498,105.0797,105.0847,105.0826,,,7462.4498,105.0743481,105.0793481,105.0772481,
7463.3502,105.0808,105.0862,105.0837,,,7463.3502,105.0754524,105.0808524,105.0783524,
7464.2496,105.0819,105.0876,105.0849,,,7464.2496,105.0765566,105.0822566,105.0795566,
7465.15,105.0833,105.0895,105.0866,,,7465.15,105.0779609,105.0841609,105.0812609,
7466.0504,105.0849,105.0913,105.0882,,,7466.0504,105.0795651,105.0859651,105.0828651,
7466.9498,105.086,105.0929,105.0897,,,7466.9498,105.0806694,105.0875694,105.0843694,
7467.8502,105.0882,105.0952,105.0917,,,7467.8502,105.0828737,105.0898737,105.0863737,
7468.6998,105.0899,105.097,105.0936,,,7468.6998,105.0845777,105.0916777,105.0882777,
7469.5504,105.0917,105.0997,105.0956,,,7469.5504,105.0863817,105.0943817,105.0902817,
7470.4498,105.0935,105.1017,105.0977,,,7470.4498,105.088186,105.096386,105.092386,
7471.3502,105.0956,105.104,105.0998,,,7471.3502,105.0902903,105.0986903,105.0944903,
7472.2496,105.0977,105.1064,105.1019,,,7472.2496,105.0923945,105.1010945,105.0965945,
7473.15,105.1001,105.1086,105.104,,,7473.15,105.0947988,105.1032988,105.0986988,
7474.0504,105.1015,105.1109,105.1061,,,7474.0504,105.0962031,105.1056031,105.1008031,
7474.9498,105.1033,105.1132,105.1078,,,7474.9498,105.0980073,105.1079073,105.1025073,
7475.8502,105.1054,105.1158,105.1102,,,7475.8502,105.1001116,105.1105116,105.1049116,
7476.7496,105.107,105.1176,105.1116,,,7476.7496,105.1017158,105.1123158,105.1063158,
7477.65,105.109,105.12,105.1138,,,7477.65,105.1037201,105.1147201,105.1085201,
7478.5504,105.1113,105.1219,105.1159,,,7478.5504,105.1060244,105.1166244,105.1106244,
7479.4498,105.1129,105.1242,105.1178,,,7479.4498,105.1076286,105.1189286,105.1125286,
7480.3502,105.115,105.1262,105.1198,,,7480.3502,105.1097329,105.1209329,105.1145329,
7481.2496,105.1164,105.1283,105.1215,,,7481.2496,105.1111372,105.1230372,105.1162372,
7482.15,105.1181,105.13,105.1231,,,7482.15,105.1128414,105.1247414,105.1178414,
7483.0504,105.1195,105.1321,105.1246,,,7483.0504,105.1142457,105.1268457,105.1193457,
7483.9498,105.1209,105.1341,105.1261,,,7483.9498,105.11565,105.12885,105.12085,
7484.8502,105.1226,105.1352,105.1275,,,7484.8502,105.1173542,105.1299542,105.1222542,
7485.7496,105.1236,105.1367,105.129,,,7485.7496,105.1183585,105.1314585,105.1237585,
7486.65,105.1254,105.1387,105.1305,,,7486.65,105.1201628,105.1334628,105.1252628,
7487.5504,105.1265,105.1396,105.1319,,,7487.5504,105.121267,105.134367,105.126667,
7488.4498,105.1281,105.1416,105.1332,,,7488.4498,105.1228713,105.1363713,105.1279713,
7489.3502,105.1291,105.1431,105.1345,,,7489.3502,105.1238756,105.1378756,105.1292756,
7490.2496,105.1303,105.1438,105.1355,,,7490.2496,105.1250798,105.1385798,105.1302798,
7491.15,105.1312,105.1449,105.1366,,,7491.15,105.1259841,105.1396841,105.1313841,
7492.0504,105.1322,105.1455,105.1377,,,7492.0504,105.1269883,105.1402883,105.1324883,
7492.9498,105.1332,105.1467,105.1389,,,7492.9498,105.1279926,105.1414926,105.1336926,
7493.8502,105.1347,105.1486,105.14,,,7493.8502,105.1294969,105.1433969,105.1347969,
7494.7496,105.1353,105.1496,105.1409,,,7494.7496,105.1301011,105.1444011,105.1357011,
7495.65,105.1363,105.1505,105.1417,,,7495.65,105.1311054,105.1453054,105.1365054,
7496.5504,105.1367,105.1512,105.1424,,,7496.5504,105.1315097,105.1460097,105.1372097,
7497.4498,105.1371,105.1514,105.143,,,7497.4498,105.1319139,105.1462139,105.1378139,
7498.3502,105.1377,105.152,105.1436,,,7498.3502,105.1325182,105.1468182,105.1384182,
7499.2496,105.1379,105.1532,105.144,,,7499.2496,105.1327225,105.1480225,105.1388225,
7500.15,105.1381,105.1529,105.1441,,,7500.15,105.1329267,105.1477267,105.1389267,
7501.0504,105.138,105.1528,105.1442,,,7501.0504,105.132831,105.147631,105.139031,
7501.9498,105.1387,105.1539,105.1446,,,7501.9498,105.1335353,105.1487353,105.1394353,
7502.8502,105.1387,105.1549,105.1451,,,7502.8502,105.1335395,105.1497395,105.1399395,
7503.7496,105.1394,105.1544,105.1453,,,7503.7496,105.1342438,105.1492438,105.1401438,
7504.6998,105.1399,105.1544,105.1456,,,7504.6998,105.1347483,105.1492483,105.1404483,
7505.65,105.14,105.1547,105.146,,,7505.65,105.1348528,105.1495528,105.1408528,
7506.5504,105.1399,105.1553,105.1461,,,7506.5504,105.1347571,105.1501571,105.1409571,
7507.4498,105.1399,105.1565,105.1462,,,7507.4498,105.1347613,105.1513613,105.1410613,
7508.3502,105.1394,105.1561,105.146,,,7508.3502,105.1342656,105.1509656,105.1408656,
7509.2496,105.1395,105.1563,105.1458,,,7509.2496,105.1343698,105.1511698,105.1406698,
7510.15,105.1392,105.156,105.1457,,,7510.15,105.1340741,105.1508741,105.1405741,
7511.0504,105.1383,105.1563,105.1455,,,7511.0504,105.1331784,105.1511784,105.1403784,
7511.9498,105.1385,105.1565,105.1455,,,7511.9498,105.1333826,105.1513826,105.1403826,
7512.8502,105.1391,105.1572,105.1456,,,7512.8502,105.1339869,105.1520869,105.1404869,
7513.7496,105.1385,105.1559,105.1454,,,7513.7496,105.1333912,105.1507912,105.1402912,
7514.65,105.138,105.1565,105.1453,,,7514.65,105.1328954,105.1513954,105.1401954,
7515.6002,105.1387,105.1565,105.1452,,,7515.6002,105.1335999,105.1513999,105.1400999,
7516.5504,105.1385,105.1568,105.1453,,,7516.5504,105.1334044,105.1517044,105.1402044,
7517.4498,105.1387,105.1564,105.145,,,7517.4498,105.1336087,105.1513087,105.1399087,
7518.3502,105.1388,105.1561,105.1449,,,7518.3502,105.133713,105.151013,105.139813,
7519.2496,105.1385,105.1565,105.1449,,,7519.2496,105.1334172,105.1514172,105.1398172,
7520.15,105.1385,105.1557,105.1448,,,7520.15,105.1334215,105.1506215,105.1397215,
7521.0504,105.138,105.1564,105.1448,,,7521.0504,105.1329258,105.1513258,105.1397258,
7521.9498,105.138,105.156,105.1448,,,7521.9498,105.13293,105.15093,105.13973,
7522.8502,105.138,105.1555,105.1445,,,7522.8502,105.1329343,105.1504343,105.1394343,
7523.7999,105.1377,105.1557,105.1442,,,7523.7999,105.1326388,105.1506388,105.1391388,
7524.7496,105.1377,105.1553,105.1441,,,7524.7496,105.1326433,105.1502433,105.1390433,
7525.65,105.1377,105.1559,105.144,,,7525.65,105.1326476,105.1508476,105.1389476,
7526.5504,105.1375,105.1551,105.144,,,7526.5504,105.1324518,105.1500518,105.1389518,
7527.4498,105.1373,105.1553,105.1438,,,7527.4498,105.1322561,105.1502561,105.1387561,
7528.3502,105.1371,105.1549,105.1436,,,7528.3502,105.1320604,105.1498604,105.1385604,
7529.2496,105.1371,105.1547,105.1434,,,7529.2496,105.1320646,105.1496646,105.1383646,
7530.15,105.1365,105.1547,105.1432,,,7530.15,105.1314689,105.1496689,105.1381689,
7531.0504,105.1361,105.1549,105.1429,,,7531.0504,105.1310732,105.1498732,105.1378732,
7532.0001,105.1364,105.1545,105.1429,,,7532.0001,105.1313777,105.1494777,105.1378777,
7532.9498,105.136,105.1547,105.1428,,,7532.9498,105.1309822,105.1496822,105.1377822,
7533.8502,105.1359,105.1551,105.1427,,,7533.8502,105.1308864,105.1500864,105.1376864,
7534.7496,105.1357,105.1549,105.1427,,,7534.7496,105.1306907,105.1498907,105.1376907,
7535.65,105.1356,105.1549,105.1424,,,7535.65,105.1305949,105.1498949,105.1373949,
7536.5504,105.1351,105.1548,105.1422,,,7536.5504,105.1300992,105.1497992,105.1371992,
7537.4498,105.1349,105.154,105.1419,,,7537.4498,105.1299035,105.1490035,105.1369035,
7538.4,105.1345,105.1543,105.1416,,,7538.4,105.129508,105.149308,105.136608,
7539.3502,105.1344,105.1544,105.1415,,,7539.3502,105.1294125,105.1494125,105.1365125,
7540.2496,105.1341,105.154,105.1413,,,7540.2496,105.1291167,105.1490167,105.1363167,
7541.15,105.134,105.1536,105.1412,,,7541.15,105.129021,105.148621,105.136221,
7542.0504,105.1338,105.154,105.1409,,,7542.0504,105.1288253,105.1490253,105.1359253,
7542.9498,105.133,105.1533,105.1407,,,7542.9498,105.1280295,105.1483295,105.1357295,
7543.8502,105.133,105.154,105.1406,,,7543.8502,105.1280338,105.1490338,105.1356338,
7544.7496,105.1332,105.1531,105.1405,,,7544.7496,105.1282381,105.1481381,105.1355381,
7545.65,105.1329,105.1537,105.1405,,,7545.65,105.1279423,105.1487423,105.1355423,
7546.5504,105.1324,105.1531,105.1405,,,7546.5504,105.1274466,105.1481466,105.1355466,
7547.4498,105.1326,105.1536,105.1403,,,7547.4498,105.1276509,105.1486509,105.1353509,
7548.3502,105.1324,105.1528,105.1402,,,7548.3502,105.1274551,105.1478551,105.1352551,
7549.2999,105.132,105.1524,105.1399,,,7549.2999,105.1270596,105.1474596,105.1349596,
7550.2496,105.1318,105.1535,105.1396,,,7550.2496,105.1268641,105.1485641,105.1346641,
7551.15,105.1312,105.1521,105.1395,,,7551.15,105.1262684,105.1471684,105.1345684,
7552.0504,105.1318,105.1523,105.1394,,,7552.0504,105.1268727,105.1473727,105.1344727,
7552.9498,105.1318,105.1521,105.1395,,,7552.9498,105.1268769,105.1471769,105.1345769,
7553.8502,105.1317,105.1523,105.1394,,,7553.8502,105.1267812,105.1473812,105.1344812,
7554.7496,105.1317,105.1523,105.1392,,,7554.7496,105.1267854,105.1473854,105.1342854,
7555.65,105.1314,105.1516,105.1391,,,7555.65,105.1264897,105.1466897,105.1341897,
7556.5504,105.1313,105.1517,105.1388,,,7556.5504,105.126394,105.146794,105.133894,
7557.5001,105.1309,105.151,105.1387,,,7557.5001,105.1259985,105.1460985,105.1337985,
7558.4498,105.131,105.1508,105.1387,,,7558.4498,105.126103,105.145903,105.133803,
7559.3502,105.1309,105.151,105.1387,,,7559.3502,105.1260072,105.1461072,105.1338072,
7560.2496,105.1314,105.1509,105.1388,,,7560.2496,105.1265115,105.1460115,105.1339115,
7561.15,105.1316,105.1513,105.1386,,,7561.15,105.1267158,105.1464158,105.1337158,
7562.0504,105.1317,105.1512,105.1386,,,7562.0504,105.12682,105.14632,105.13372,
7562.9498,105.1313,105.1509,105.1385,,,7562.9498,105.1264243,105.1460243,105.1336243,
7563.8502,105.1313,105.1508,105.1382,,,7563.8502,105.1264286,105.1459286,105.1333286,
7564.7496,105.131,105.1505,105.1381,,,7564.7496,105.1261328,105.1456328,105.1332328,
7565.65,105.1312,105.1497,105.138,,,7565.65,105.1263371,105.1448371,105.1331371,
7566.5504,105.1309,105.1497,105.138,,,7566.5504,105.1260414,105.1448414,105.1331414,
7567.4498,105.1308,105.1494,105.1378,,,7567.4498,105.1259456,105.1445456,105.1329456,
7568.3502,105.1306,105.15,105.1376,,,7568.3502,105.1257499,105.1451499,105.1327499,
7569.2496,105.1305,105.1501,105.1375,,,7569.2496,105.1256542,105.1452542,105.1326542,
7570.1998,105.1302,105.1492,105.1373,,,7570.1998,105.1253587,105.1443587,105.1324587,
7571.15,105.1305,105.149,105.1371,,,7571.15,105.1256632,105.1441632,105.1322632,
7572.0504,105.1301,105.1494,105.1369,,,7572.0504,105.1252674,105.1445674,105.1320674,
7572.9498,105.1301,105.1498,105.1367,,,7572.9498,105.1252717,105.1449717,105.1318717,
7573.8502,105.1302,105.1496,105.1367,,,7573.8502,105.125376,105.144776,105.131876,
7574.7496,105.1298,105.1486,105.1365,,,7574.7496,105.1249802,105.1437802,105.1316802,
7575.65,105.1294,105.1497,105.1361,,,7575.65,105.1245845,105.1448845,105.1312845,
7576.5504,105.1294,105.1484,105.1359,,,7576.5504,105.1245888,105.1435888,105.1310888,
7577.4498,105.1295,105.1475,105.1358,,,7577.4498,105.124693,105.142693,105.130993,
7578.3502,105.129,105.1475,105.1357,,,7578.3502,105.1241973,105.1426973,105.1308973,
7579.2496,105.1289,105.1473,105.1355,,,7579.2496,105.1241015,105.1425015,105.1307015,
7580.15,105.1287,105.1477,105.1352,,,7580.15,105.1239058,105.1429058,105.1304058,
7581.0504,105.1283,105.1474,105.1351,,,7581.0504,105.1235101,105.1426101,105.1303101,
7581.9498,105.1279,105.1462,105.1348,,,7581.9498,105.1231143,105.1414143,105.1300143,
7582.8502,105.1275,105.1459,105.1346,,,7582.8502,105.1227186,105.1411186,105.1298186,
7583.7496,105.1278,105.1461,105.1344,,,7583.7496,105.1230229,105.1413229,105.1296229,
7584.65,105.1275,105.1459,105.1341,,,7584.65,105.1227271,105.1411271,105.1293271,
7585.5504,105.1271,105.1453,105.134,,,7585.5504,105.1223314,105.1405314,105.1292314,
7586.4498,105.1271,105.1453,105.1338,,,7586.4498,105.1223357,105.1405357,105.1290357,
7587.3502,105.1263,105.1458,105.1338,,,7587.3502,105.1215399,105.1410399,105.1290399,
7588.2496,105.1267,105.1454,105.1337,,,7588.2496,105.1219442,105.1406442,105.1289442,
7589.1998,105.1261,105.1451,105.1335,,,7589.1998,105.1213487,105.1403487,105.1287487,
7590.15,105.1258,105.1442,105.1331,,,7590.15,105.1210532,105.1394532,105.1283532,
7591.0504,105.1256,105.1439,105.133,,,7591.0504,105.1208575,105.1391575,105.1282575,
7591.9498,105.1256,105.1441,105.1328,,,7591.9498,105.1208617,105.1393617,105.1280617,
7592.7999,105.1255,105.1438,105.1328,,,7592.7999,105.1207658,105.1390658,105.1280658,
7593.6998,105.1254,105.1432,105.1327,,,7593.6998,105.12067,105.13847,105.12797,
7594.65,105.125,105.1437,105.1324,,,7594.65,105.1202745,105.1389745,105.1276745,
7595.5504,105.125,105.1441,105.1322,,,7595.5504,105.1202788,105.1393788,105.1274788,
7596.4498,105.1247,105.1422,105.1321,,,7596.4498,105.119983,105.137483,105.127383,
7597.3502,105.1251,105.1423,105.132,,,7597.3502,105.1203873,105.1375873,105.1272873,
7598.2496,105.1247,105.1423,105.1318,,,7598.2496,105.1199916,105.1375916,105.1270916,
7599.15,105.125,105.1423,105.1317,,,7599.15,105.1202958,105.1375958,105.1269958,
7600.0504,105.1247,105.1419,105.1317,,,7600.0504,105.1200001,105.1372001,105.1270001,
7600.9498,105.1246,105.1415,105.1314,,,7600.9498,105.1199044,105.1368044,105.1267044,
7601.8502,105.1244,105.1414,105.1313,,,7601.8502,105.1197086,105.1367086,105.1266086,
7602.7496,105.1244,105.141,105.131,,,7602.7496,105.1197129,105.1363129,105.1263129,
7603.65,105.1242,105.1412,105.1309,,,7603.65,105.1195172,105.1365172,105.1262172,
7604.5504,105.124,105.1406,105.1308,,,7604.5504,105.1193214,105.1359214,105.1261214,
7605.4498,105.1242,105.1398,105.1307,,,7605.4498,105.1195257,105.1351257,105.1260257,
7606.3502,105.1239,105.1396,105.1305,,,7606.3502,105.11923,105.13493,105.12583,
7607.2496,105.1236,105.1394,105.1302,,,7607.2496,105.1189342,105.1347342,105.1255342,
7608.15,105.1234,105.1388,105.13,,,7608.15,105.1187385,105.1341385,105.1253385,
7609.0504,105.1236,105.1384,105.1298,,,7609.0504,105.1189428,105.1337428,105.1251428,
7609.9498,105.1232,105.138,105.1295,,,7609.9498,105.118547,105.133347,105.124847,
7610.8502,105.1234,105.1377,105.1293,,,7610.8502,105.1187513,105.1330513,105.1246513,
7611.7496,105.1234,105.1369,105.1293,,,7611.7496,105.1187555,105.1322555,105.1246555,
7612.65,105.1231,105.1364,105.129,,,7612.65,105.1184598,105.1317598,105.1243598,
7613.5504,105.1231,105.1357,105.1288,,,7613.5504,105.1184641,105.1310641,105.1241641,
7614.5001,105.1227,105.1357,105.1284,,,7614.5001,105.1180686,105.1310686,105.1237686,
7615.4,105.1223,105.1351,105.128,,,7615.4,105.1176728,105.1304728,105.1233728,
7616.2496,105.1219,105.1341,105.1275,,,7616.2496,105.1172769,105.1294769,105.1228769,
7617.15,105.1212,105.1336,105.1271,,,7617.15,105.1165811,105.1289811,105.1224811,
7618.0504,105.1211,105.1333,105.1268,,,7618.0504,105.1164854,105.1286854,105.1221854,
7619.0001,105.1211,105.1329,105.1265,,,7619.0001,105.1164899,105.1282899,105.1218899,
7619.9498,105.1208,105.1321,105.126,,,7619.9498,105.1161944,105.1274944,105.1213944,
7620.8502,105.1199,105.1317,105.1256,,,7620.8502,105.1152987,105.1270987,105.1209987,
7621.7496,105.12,105.1309,105.1251,,,7621.7496,105.1154029,105.1263029,105.1205029,
7622.65,105.1196,105.1302,105.1247,,,7622.65,105.1150072,105.1256072,105.1201072,
7623.5504,105.1191,105.1295,105.1242,,,7623.5504,105.1145115,105.1249115,105.1196115,
7624.4498,105.1188,105.129,105.1239,,,7624.4498,105.1142157,105.1244157,105.1193157,
7625.3502,105.1181,105.1283,105.1232,,,7625.3502,105.11352,105.12372,105.11862,
7626.2496,105.118,105.1275,105.1228,,,7626.2496,105.1134243,105.1229243,105.1182243,
7627.15,105.1173,105.127,105.1223,,,7627.15,105.1127285,105.1224285,105.1177285,
7628.0504,105.1171,105.1263,105.1219,,,7628.0504,105.1125328,105.1217328,105.1173328,
7628.9498,105.1161,105.1256,105.1213,,,7628.9498,105.111537,105.121037,105.116737,
7629.8502,105.1157,105.1251,105.1206,,,7629.8502,105.1111413,105.1205413,105.1160413,
7630.7496,105.1153,105.1243,105.1202,,,7630.7496,105.1107456,105.1197456,105.1156456,
7631.65,105.1149,105.124,105.1197,,,7631.65,105.1103498,105.1194498,105.1151498,
7632.5504,105.1144,105.1234,105.1192,,,7632.5504,105.1098541,105.1188541,105.1146541,
7633.4498,105.114,105.1228,105.1188,,,7633.4498,105.1094584,105.1182584,105.1142584,
7634.3502,105.1137,105.1222,105.1183,,,7634.3502,105.1091626,105.1176626,105.1137626,
7635.2496,105.1129,105.1215,105.1177,,,7635.2496,105.1083669,105.1169669,105.1131669,
7636.15,105.1126,105.1204,105.1171,,,7636.15,105.1080712,105.1158712,105.1125712,
7637.0504,105.1121,105.1197,105.1166,,,7637.0504,105.1075754,105.1151754,105.1120754,
7637.9498,105.1117,105.1193,105.116,,,7637.9498,105.1071797,105.1147797,105.1114797,
7638.8502,105.1113,105.1187,105.1154,,,7638.8502,105.106784,105.114184,105.110884,
7639.7496,105.1109,105.1176,105.1148,,,7639.7496,105.1063882,105.1130882,105.1102882,
7640.65,105.1105,105.1171,105.1143,,,7640.65,105.1059925,105.1125925,105.1097925,
7641.5504,105.1099,105.1162,105.1137,,,7641.5504,105.1053968,105.1116968,105.1091968,
7642.4498,105.1094,105.1158,105.113,,,7642.4498,105.104901,105.111301,105.108501,
7643.3502,105.1089,105.1152,105.1124,,,7643.3502,105.1044053,105.1107053,105.1079053,
7644.2496,105.1086,105.1144,105.1118,,,7644.2496,105.1041095,105.1099095,105.1073095,
7645.15,105.1082,105.1134,105.1112,,,7645.15,105.1037138,105.1089138,105.1067138,
7646.0504,105.1079,105.1129,105.1105,,,7646.0504,105.1034181,105.1084181,105.1060181,
7646.9498,105.107,105.1119,105.1099,,,7646.9498,105.1025223,105.1074223,105.1054223,
7647.8502,105.1064,105.1113,105.1091,,,7647.8502,105.1019266,105.1068266,105.1046266,
7648.7496,105.1058,105.1106,105.1084,,,7648.7496,105.1013309,105.1061309,105.1039309,
7649.65,105.1054,105.1101,105.1079,,,7649.65,105.1009351,105.1056351,105.1034351,
7650.5504,105.1051,105.1095,105.1073,,,7650.5504,105.1006394,105.1050394,105.1028394,
7651.4498,105.1043,105.1089,105.1067,,,7651.4498,105.0998437,105.1044437,105.1022437,
7652.3502,105.1035,105.1082,105.106,,,7652.3502,105.0990479,105.1037479,105.1015479,
7653.2496,105.1028,105.1075,105.1053,,,7653.2496,105.0983522,105.1030522,105.1008522,
7654.15,105.1021,105.1068,105.1047,,,7654.15,105.0976565,105.1023565,105.1002565,
7655.0504,105.1015,105.1062,105.1039,,,7655.0504,105.0970607,105.1017607,105.0994607,
7655.9498,105.1007,105.1051,105.1032,,,7655.9498,105.096265,105.100665,105.098765,
7656.8502,105.0999,105.1044,105.1025,,,7656.8502,105.0954693,105.0999693,105.0980693,
7657.7496,105.0992,105.1038,105.1017,,,7657.7496,105.0947735,105.0993735,105.0972735,
7658.65,105.0985,105.1028,105.101,,,7658.65,105.0940778,105.0983778,105.0965778,
7659.5504,105.0977,105.1021,105.1002,,,7659.5504,105.093282,105.097682,105.095782,
7660.5001,105.097,105.1012,105.0994,,,7660.5001,105.0925865,105.0967865,105.0949865,
7661.4,105.096,105.1005,105.0986,,,7661.4,105.0915908,105.0960908,105.0941908,
7662.2496,105.0952,105.0997,105.0978,,,7662.2496,105.0907948,105.0952948,105.0933948,
7663.15,105.0945,105.0991,105.0971,,,7663.15,105.0900991,105.0946991,105.0926991,
7664.1002,105.0939,105.0981,105.0965,,,7664.1002,105.0895036,105.0937036,105.0921036,
7665.0504,105.0935,105.0973,105.0957,,,7665.0504,105.0891081,105.0929081,105.0913081,
7665.9498,105.0925,105.0965,105.095,,,7665.9498,105.0881124,105.0921124,105.0906124,
7666.8502,105.0917,105.0958,105.0941,,,7666.8502,105.0873166,105.0914166,105.0897166,
7667.7496,105.0907,105.0947,105.0934,,,7667.7496,105.0863209,105.0903209,105.0890209,
7668.65,105.0902,105.0942,105.0927,,,7668.65,105.0858252,105.0898252,105.0883252,
7669.5504,105.0896,105.0934,105.092,,,7669.5504,105.0852294,105.0890294,105.0876294,
7670.4498,105.089,105.0926,105.0911,,,7670.4498,105.0846337,105.0882337,105.0867337,
7671.3502,105.0878,105.0917,105.0903,,,7671.3502,105.083438,105.087338,105.085938,
7672.2496,105.0876,105.091,105.0895,,,7672.2496,105.0832422,105.0866422,105.0851422,
7673.15,105.0868,105.0902,105.0888,,,7673.15,105.0824465,105.0858465,105.0844465,
7674.0504,105.0863,105.0894,105.088,,,7674.0504,105.0819508,105.0850508,105.0836508,
7674.9498,105.0857,105.0887,105.0873,,,7674.9498,105.081355,105.084355,105.082955,
7675.8502,105.0848,105.088,105.0868,,,7675.8502,105.0804593,105.0836593,105.0824593,
7676.7496,105.0844,105.0872,105.086,,,7676.7496,105.0800635,105.0828635,105.0816635,
7677.65,105.0839,105.0866,105.0853,,,7677.65,105.0795678,105.0822678,105.0809678,
7678.5504,105.0832,105.0859,105.0847,,,7678.5504,105.0788721,105.0815721,105.0803721,
7679.4498,105.0824,105.0852,105.084,,,7679.4498,105.0780763,105.0808763,105.0796763,
7680.3502,105.0816,105.0845,105.0832,,,7680.3502,105.0772806,105.0801806,105.0788806,
7681.2496,105.081,105.0836,105.0825,,,7681.2496,105.0766849,105.0792849,105.0781849,
7682.15,105.0802,105.0829,105.0817,,,7682.15,105.0758891,105.0785891,105.0773891,
7683.0504,105.0796,105.0821,105.0811,,,7683.0504,105.0752934,105.0777934,105.0767934,
7683.9498,105.0785,105.0812,105.0802,,,7683.9498,105.0741977,105.0768977,105.0758977,
7684.8502,105.0777,105.0806,105.0795,,,7684.8502,105.0734019,105.0763019,105.0752019,
7685.7496,105.0771,105.0798,105.0786,,,7685.7496,105.0728062,105.0755062,105.0743062,
7686.65,105.0763,105.079,105.0778,,,7686.65,105.0720105,105.0747105,105.0735105,
7687.5504,105.0753,105.0782,105.077,,,7687.5504,105.0710147,105.0739147,105.0727147,
7688.4498,105.0745,105.0777,105.0764,,,7688.4498,105.070219,105.073419,105.072119,
7689.3502,105.0738,105.0773,105.0757,,,7689.3502,105.0695233,105.0730233,105.0714233,
7690.2999,105.0733,105.0766,105.0751,,,7690.2999,105.0690278,105.0723278,105.0708278,
7691.1998,105.0723,105.0761,105.0744,,,7691.1998,105.068032,105.071832,105.070132,
7692.0504,105.0712,105.0754,105.0735,,,7692.0504,105.0669361,105.0711361,105.0692361,
7692.9498,105.0702,105.0747,105.0728,,,7692.9498,105.0659403,105.0704403,105.0685403,
7693.8502,105.0696,105.0742,105.0721,,,7693.8502,105.0653446,105.0699446,105.0678446,
7694.7496,105.0687,105.0737,105.0714,,,7694.7496,105.0644488,105.0694488,105.0671488,
7695.6998,105.0679,105.073,105.0705,,,7695.6998,105.0636533,105.0687533,105.0662533,
7696.65,105.0671,105.0722,105.0696,,,7696.65,105.0628578,105.0679578,105.0653578,
7697.5504,105.0663,105.0712,105.0688,,,7697.5504,105.0620621,105.0669621,105.0645621,
7698.4498,105.0653,105.0704,105.0679,,,7698.4498,105.0610664,105.0661664,105.0636664,
7699.3502,105.0645,105.0695,105.0672,,,7699.3502,105.0602706,105.0652706,105.0629706,
7700.2496,105.0634,105.0684,105.0661,,,7700.2496,105.0591749,105.0641749,105.0618749,
7701.1002,105.0625,105.0673,105.0651,,,7701.1002,105.0582789,105.0630789,105.0608789,
7702.0001,105.0614,105.0664,105.0639,,,7702.0001,105.0571832,105.0621832,105.0596832,
7702.9498,105.0612,105.0656,105.0631,,,7702.9498,105.0569877,105.0613877,105.0588877,
7703.8502,105.0598,105.066,105.0628,,,7703.8502,105.055592,105.061792,105.058592,
7704.7496,105.0586,105.0649,105.0617,,,7704.7496,105.0543962,105.0606962,105.0574962,
7705.65,105.0578,105.0634,105.0607,,,7705.65,105.0536005,105.0592005,105.0565005,
7706.5504,105.057,105.063,105.0598,,,7706.5504,105.0528048,105.0588048,105.0556048,
7707.4498,105.0562,105.0624,105.0592,,,7707.4498,105.052009,105.058209,105.055009,
7708.3502,105.055,105.0622,105.0585,,,7708.3502,105.0508133,105.0580133,105.0543133,
7709.2496,105.054,105.061,105.0573,,,7709.2496,105.0498175,105.0568175,105.0531175,
7710.15,105.0524,105.0598,105.0558,,,7710.15,105.0482218,105.0556218,105.0516218,
7711.0504,105.0511,105.0594,105.0549,,,7711.0504,105.0469261,105.0552261,105.0507261,
7711.9498,105.0506,105.0593,105.0547,,,7711.9498,105.0464303,105.0551303,105.0505303,
7712.8502,105.05,105.0582,105.054,,,7712.8502,105.0458346,105.0540346,105.0498346,
7713.7496,105.0493,105.057,105.0529,,,7713.7496,105.0451389,105.0528389,105.0487389,
7714.65,105.0481,105.0573,105.0525,,,7714.65,105.0439431,105.0531431,105.0483431,
7715.5504,105.0477,105.0567,105.0516,,,7715.5504,105.0435474,105.0525474,105.0474474,
7716.4498,105.0471,105.0563,105.0508,,,7716.4498,105.0429517,105.0521517,105.0466517,
7717.3502,105.0457,105.0554,105.0497,,,7717.3502,105.0415559,105.0512559,105.0455559,
7718.2496,105.0445,105.0546,105.0486,,,7718.2496,105.0403602,105.0504602,105.0444602,
7719.1998,105.0432,105.0534,105.0474,,,7719.1998,105.0390647,105.0492647,105.0432647,
7720.15,105.0421,105.0527,105.0463,,,7720.15,105.0379692,105.0485692,105.0421692,
7721.0504,105.041,105.0519,105.0452,,,7721.0504,105.0368735,105.0477735,105.0410735,
7721.9498,105.0397,105.0511,105.0442,,,7721.9498,105.0355777,105.0469777,105.0400777,
7722.8502,105.0385,105.05,105.0431,,,7722.8502,105.034382,105.045882,105.038982,
7723.7496,105.0374,105.0493,105.042,,,7723.7496,105.0332863,105.0451863,105.0378863,
7724.65,105.0366,105.0487,105.041,,,7724.65,105.0324905,105.0445905,105.0368905,
7725.5504,105.0355,105.0472,105.04,,,7725.5504,105.0313948,105.0430948,105.0358948,
7726.4498,105.0347,105.0465,105.039,,,7726.4498,105.0305991,105.0423991,105.0348991,
7727.3502,105.0336,105.046,105.0379,,,7727.3502,105.0295033,105.0419033,105.0338033,
7728.2496,105.0327,105.0449,105.0371,,,7728.2496,105.0286076,105.0408076,105.0330076,
7729.15,105.0313,105.0433,105.036,,,7729.15,105.0272118,105.0392118,105.0319118,
7730.0504,105.0303,105.0421,105.035,,,7730.0504,105.0262161,105.0380161,105.0309161,
7730.9498,105.0295,105.042,105.034,,,7730.9498,105.0254204,105.0379204,105.0299204,
7731.8502,105.0284,105.0411,105.0331,,,7731.8502,105.0243246,105.0370246,105.0290246,
7732.7496,105.0274,105.0402,105.0321,,,7732.7496,105.0233289,105.0361289,105.0280289,
7733.65,105.0265,105.0389,105.0312,,,7733.65,105.0224332,105.0348332,105.0271332,
7734.5504,105.0256,105.0385,105.0302,,,7734.5504,105.0215374,105.0344374,105.0261374,
7735.4498,105.0242,105.0381,105.029,,,7735.4498,105.0201417,105.0340417,105.0249417,
7736.3502,105.023,105.0371,105.0281,,,7736.3502,105.018946,105.033046,105.024046,
7737.2496,105.0222,105.0356,105.0272,,,7737.2496,105.0181502,105.0315502,105.0231502,
7738.15,105.0213,105.0343,105.0265,,,7738.15,105.0172545,105.0302545,105.0224545,
7739.0504,105.0207,105.0342,105.0258,,,7739.0504,105.0166588,105.0301588,105.0217588,
7740.0001,105.0202,105.0338,105.025,,,7740.0001,105.0161633,105.0297633,105.0209633,
7740.9498,105.0188,105.0332,105.0242,,,7740.9498,105.0147678,105.0291678,105.0201678,
7741.8502,105.0178,105.0319,105.0235,,,7741.8502,105.013772,105.027872,105.019472,
7742.7496,105.0171,105.0311,105.0227,,,7742.7496,105.0130763,105.0270763,105.0186763,
7743.65,105.0163,105.0307,105.0217,,,7743.65,105.0122806,105.0266806,105.0176806,
7744.5504,105.0152,105.03,105.0209,,,7744.5504,105.0111848,105.0259848,105.0168848,
7745.4498,105.0145,105.0287,105.0203,,,7745.4498,105.0104891,105.0246891,105.0162891,
7746.3502,105.0143,105.028,105.0197,,,7746.3502,105.0102934,105.0239934,105.0156934,
7747.2496,105.0132,105.0274,105.019,,,7747.2496,105.0091976,105.0233976,105.0149976,
7748.15,105.0124,105.0274,105.0182,,,7748.15,105.0084019,105.0234019,105.0142019,
7749.0504,105.0115,105.0268,105.0173,,,7749.0504,105.0075061,105.0228061,105.0133061,
7749.9498,105.0105,105.0258,105.0165,,,7749.9498,105.0065104,105.0218104,105.0125104,
7750.8502,105.0098,105.0245,105.0158,,,7750.8502,105.0058147,105.0205147,105.0118147,
7751.7496,105.0096,105.0245,105.0154,,,7751.7496,105.0056189,105.0205189,105.0114189,
7752.65,105.009,105.0246,105.0149,,,7752.65,105.0050232,105.0206232,105.0109232,
7753.5504,105.0081,105.0239,105.0143,,,7753.5504,105.0041275,105.0199275,105.0103275,
7754.4498,105.0073,105.0233,105.0136,,,7754.4498,105.0033317,105.0193317,105.0096317,
7755.3502,105.0068,105.0225,105.0128,,,7755.3502,105.002836,105.018536,105.008836,
7756.2496,105.0061,105.0213,105.0122,,,7756.2496,105.0021403,105.0173403,105.0082403,
7757.15,105.0055,105.0209,105.0114,,,7757.15,105.0015445,105.0169445,105.0074445,
7758.0504,105.0047,105.0209,105.0109,,,7758.0504,105.0007488,105.0169488,105.0069488,
7758.9498,105.0039,105.0202,105.0103,,,7758.9498,104.9999531,105.0162531,105.0063531,
7759.8502,105.0033,105.0191,105.0097,,,7759.8502,104.9993573,105.0151573,105.0057573,
7760.7496,105.0027,105.0184,105.0089,,,7760.7496,104.9987616,105.0144616,105.0049616,
7761.65,105.0022,105.018,105.0083,,,7761.65,104.9982658,105.0140658,105.0043658,
7762.5504,105.0008,105.0175,105.0074,,,7762.5504,104.9968701,105.0135701,105.0034701,
7763.4498,105.0002,105.016,105.0065,,,7763.4498,104.9962744,105.0120744,105.0025744,
7764.3502,104.9994,105.016,105.0059,,,7764.3502,104.9954786,105.0120786,105.0019786,
7765.2999,104.9984,105.0159,105.0051,,,7765.2999,104.9944831,105.0119831,105.0011831,
7766.1998,104.9983,105.0148,105.0046,,,7766.1998,104.9943874,105.0108874,105.0006874,
7767.1002,104.9972,105.0141,105.0037,,,7767.1002,104.9932917,105.0101917,104.9997917,
7768.0001,104.9967,105.0127,105.003,,,7768.0001,104.9927959,105.0087959,104.9990959,
7768.8502,104.9959,105.0117,105.0024,,,7768.8502,104.992,105.0078,104.9985,
7769.7999,104.9955,105.0107,105.0015,,,7769.7999,104.9916045,105.0068045,104.9976045,
7770.6998,104.9947,105.0108,105.001,,,7770.6998,104.9908087,105.0069087,104.9971087,
7771.6002,104.9943,105.0107,105.0004,,,7771.6002,104.990413,105.006813,104.996513,
7772.5504,104.9932,105.0089,104.9996,,,7772.5504,104.9893175,105.0050175,104.9957175,
7773.4498,104.9928,105.0084,104.999,,,7773.4498,104.9889218,105.0045218,104.9951218,
7774.3502,104.9921,105.0077,104.9982,,,7774.3502,104.988226,105.003826,104.994326,
7775.2496,104.9913,105.007,104.9974,,,7775.2496,104.9874303,105.0031303,104.9935303,
7776.15,104.9906,105.0061,104.9967,,,7776.15,104.9867346,105.0022346,104.9928346,
7777.0504,104.9898,105.0054,104.996,,,7777.0504,104.9859388,105.0015388,104.9921388,
7777.9498,104.9893,105.0049,104.9953,,,7777.9498,104.9854431,105.0010431,104.9914431,
7778.8502,104.989,105.0047,104.9949,,,7778.8502,104.9851474,105.0008474,104.9910474,
7779.7496,104.9885,105.0033,104.9944,,,7779.7496,104.9846516,104.9994516,104.9905516,
7780.65,104.9879,105.0021,104.9937,,,7780.65,104.9840559,104.9982559,104.9898559,
7781.5504,104.9877,105.0018,104.9931,,,7781.5504,104.9838601,104.9979601,104.9892601,
7782.4498,104.9873,105.001,104.9925,,,7782.4498,104.9834644,104.9971644,104.9886644,
7783.3502,104.9863,105.0008,104.9918,,,7783.3502,104.9824687,104.9969687,104.9879687,
7784.2496,104.9859,104.9996,104.9911,,,7784.2496,104.9820729,104.9957729,104.9872729,
7785.15,104.9851,104.9984,104.9903,,,7785.15,104.9812772,104.9945772,104.9864772,
7786.0504,104.9847,104.9986,104.9897,,,7786.0504,104.9808815,104.9947815,104.9858815,
7786.9498,104.9841,104.9982,104.9892,,,7786.9498,104.9802857,104.9943857,104.9853857,
7787.8502,104.983,104.998,104.9886,,,7787.8502,104.97919,104.99419,104.98479,
7788.7496,104.9828,104.9964,104.9878,,,7788.7496,104.9789943,104.9925943,104.9839943,
7789.65,104.9823,104.9959,104.9873,,,7789.65,104.9784985,104.9920985,104.9834985,
7790.5504,104.9819,104.9956,104.9867,,,7790.5504,104.9781028,104.9918028,104.9829028,
7791.4498,104.9808,104.9948,104.9861,,,7791.4498,104.9770071,104.9910071,104.9823071,
7792.3502,104.9804,104.9941,104.9856,,,7792.3502,104.9766113,104.9903113,104.9818113,
7793.2496,104.98,104.9941,104.9852,,,7793.2496,104.9762156,104.9903156,104.9814156,
7794.15,104.9796,104.9939,104.9847,,,7794.15,104.9758199,104.9901199,104.9809199,
7795.1002,104.9787,104.9935,104.984,,,7795.1002,104.9749244,104.9897244,104.9802244,
7796.0001,104.9784,104.992,104.9835,,,7796.0001,104.9746286,104.9882286,104.9797286,
7796.9,104.9781,104.9916,104.9829,,,7796.9,104.9743329,104.9878329,104.9791329,
7797.7999,104.9776,104.9913,104.9823,,,7797.7999,104.9738371,104.9875371,104.9785371,
7798.6998,104.9772,104.991,104.982,,,7798.6998,104.9734414,104.9872414,104.9782414,
7799.65,104.9761,104.9904,104.9815,,,7799.65,104.9723459,104.9866459,104.9777459,
7800.5504,104.976,104.9892,104.981,,,7800.5504,104.9722502,104.9854502,104.9772502,
7801.4498,104.9752,104.9886,104.9805,,,7801.4498,104.9714544,104.9848544,104.9767544,
7802.3502,104.9749,104.9886,104.9801,,,7802.3502,104.9711587,104.9848587,104.9763587,
7803.2496,104.9746,104.9885,104.9794,,,7803.2496,104.970863,104.984763,104.975663,
7804.15,104.9734,104.9875,104.9787,,,7804.15,104.9696672,104.9837672,104.9749672,
7805.0504,104.9733,104.9862,104.9783,,,7805.0504,104.9695715,104.9824715,104.9745715,
7805.9498,104.9726,104.9862,104.9777,,,7805.9498,104.9688758,104.9824758,104.9739758,
7806.8502,104.9724,104.9859,104.9772,,,7806.8502,104.96868,104.98218,104.97348,
7807.7496,104.971,104.9855,104.9766,,,7807.7496,104.9672843,104.9817843,104.9728843,
7808.65,104.9708,104.9851,104.9761,,,7808.65,104.9670886,104.9813886,104.9723886,
7809.5504,104.9704,104.9845,104.9754,,,7809.5504,104.9666928,104.9807928,104.9716928,
7810.4498,104.9699,104.9838,104.9753,,,7810.4498,104.9661971,104.9800971,104.9715971,
7811.3502,104.9695,104.9824,104.9745,,,7811.3502,104.9658014,104.9787014,104.9708014,
7812.2496,104.9693,104.9824,104.9741,,,7812.2496,104.9656056,104.9787056,104.9704056,
7813.15,104.9687,104.9816,104.9736,,,7813.15,104.9650099,104.9779099,104.9699099,
7814.0504,104.9681,104.981,104.973,,,7814.0504,104.9644141,104.9773141,104.9693141,
7814.9498,104.9674,104.9807,104.9723,,,7814.9498,104.9637184,104.9770184,104.9686184,
7815.8502,104.9669,104.9795,104.9717,,,7815.8502,104.9632227,104.9758227,104.9680227,
7816.7496,104.9663,104.9788,104.9712,,,7816.7496,104.9626269,104.9751269,104.9675269,
7817.65,104.9659,104.9779,104.9707,,,7817.65,104.9622312,104.9742312,104.9670312,
7818.5504,104.9656,104.9776,104.9703,,,7818.5504,104.9619355,104.9739355,104.9666355,
7819.4498,104.9644,104.9767,104.9696,,,7819.4498,104.9607397,104.9730397,104.9659397,
7820.3502,104.964,104.9764,104.969,,,7820.3502,104.960344,104.972744,104.965344,
7821.2496,104.9635,104.9759,104.9682,,,7821.2496,104.9598483,104.9722483,104.9645483,
7822.15,104.9628,104.9748,104.9676,,,7822.15,104.9591525,104.9711525,104.9639525,
7823.0504,104.9623,104.9742,104.967,,,7823.0504,104.9586568,104.9705568,104.9633568,
7823.9498,104.9619,104.9733,104.9662,,,7823.9498,104.9582611,104.9696611,104.9625611,
7824.8502,104.9613,104.9728,104.966,,,7824.8502,104.9576653,104.9691653,104.9623653,
7825.7496,104.9608,104.9717,104.9654,,,7825.7496,104.9571696,104.9680696,104.9617696,
7826.65,104.9604,104.9712,104.9648,,,7826.65,104.9567739,104.9675739,104.9611739,
7827.5504,104.9596,104.9704,104.9643,,,7827.5504,104.9559781,104.9667781,104.9606781,
7828.4498,104.9591,104.9695,104.9637,,,7828.4498,104.9554824,104.9658824,104.9600824,
7829.3502,104.9581,104.9687,104.963,,,7829.3502,104.9544866,104.9650866,104.9593866,
7830.2496,104.958,104.9675,104.9624,,,7830.2496,104.9543909,104.9638909,104.9587909,
7831.15,104.9576,104.9667,104.9618,,,7831.15,104.9539952,104.9630952,104.9581952,
7832.0504,104.9568,104.9659,104.9611,,,7832.0504,104.9531994,104.9622994,104.9574994,
7832.9498,104.9565,104.965,104.9606,,,7832.9498,104.9529037,104.9614037,104.9570037,
7833.8502,104.9557,104.9639,104.9599,,,7833.8502,104.952108,104.960308,104.956308,
7834.7496,104.9554,104.963,104.9592,,,7834.7496,104.9518122,104.9594122,104.9556122,
7835.65,104.9546,104.962,104.9584,,,7835.65,104.9510165,104.9584165,104.9548165,
7836.5504,104.9541,104.9611,104.9577,,,7836.5504,104.9505208,104.9575208,104.9541208,
7837.4498,104.9532,104.9603,104.9569,,,7837.4498,104.949625,104.956725,104.953325,
7838.3502,104.9525,104.9593,104.9562,,,7838.3502,104.9489293,104.9557293,104.9526293,
7839.2496,104.9521,104.958,104.9552,,,7839.2496,104.9485336,104.9544336,104.9516336,
7840.15,104.9514,104.957,104.9545,,,7840.15,104.9478378,104.9534378,104.9509378,
7841.0504,104.9509,104.9562,104.9536,,,7841.0504,104.9473421,104.9526421,104.9500421,
7841.9498,104.9502,104.955,104.9528,,,7841.9498,104.9466464,104.9514464,104.9492464,
7842.9,104.9491,104.9541,104.9519,,,7842.9,104.9455509,104.9505509,104.9483509,
7843.8502,104.9481,104.953,104.9508,,,7843.8502,104.9445554,104.9494554,104.9472554,
7844.7496,104.9476,104.9518,104.9499,,,7844.7496,104.9440596,104.9482596,104.9463596,
7845.65,104.9471,104.9509,104.949,,,7845.65,104.9435639,104.9473639,104.9454639,
7846.5504,104.9459,104.9499,104.9481,,,7846.5504,104.9423682,104.9463682,104.9445682,
7847.4498,104.9452,104.9491,104.9473,,,7847.4498,104.9416724,104.9455724,104.9437724,
7848.3502,104.9444,104.9482,104.9464,,,7848.3502,104.9408767,104.9446767,104.9428767,
7849.2496,104.9436,104.9474,104.9455,,,7849.2496,104.9400809,104.9438809,104.9419809,
7850.15,104.9427,104.9463,104.9447,,,7850.15,104.9391852,104.9427852,104.9411852,
7851.0504,104.9416,104.9454,104.9439,,,7851.0504,104.9380895,104.9418895,104.9403895,
7851.9498,104.9408,104.9447,104.9429,,,7851.9498,104.9372937,104.9411937,104.9393937,
7852.8502,104.9397,104.9437,104.942,,,7852.8502,104.936198,104.940198,104.938498,
7853.7496,104.939,104.9427,104.9411,,,7853.7496,104.9355023,104.9392023,104.9376023,
7854.65,104.9381,104.9419,104.9402,,,7854.65,104.9346065,104.9384065,104.9367065,
7855.5504,104.9372,104.9409,104.9393,,,7855.5504,104.9337108,104.9374108,104.9358108,
7856.4498,104.9361,104.94,104.9383,,,7856.4498,104.9326151,104.9365151,104.9348151,
7857.3502,104.9347,104.9389,104.9373,,,7857.3502,104.9312193,104.9354193,104.9338193,
7858.2496,104.9337,104.938,104.9363,,,7858.2496,104.9302236,104.9345236,104.9328236,
7859.15,104.9325,104.937,104.9353,,,7859.15,104.9290279,104.9335279,104.9318279,
7860.0504,104.9314,104.9362,104.9343,,,7860.0504,104.9279321,104.9327321,104.9308321,
7860.9498,104.9306,104.9352,104.9333,,,7860.9498,104.9271364,104.9317364,104.9298364,
7861.8502,104.9291,104.9343,104.9324,,,7861.8502,104.9256406,104.9308406,104.9289406,
7862.7496,104.9284,104.9334,104.9313,,,7862.7496,104.9249449,104.9299449,104.9278449,
7863.6998,104.9272,104.9323,104.9304,,,7863.6998,104.9237494,104.9288494,104.9269494,
7864.65,104.926,104.9313,104.9293,,,7864.65,104.9225539,104.9278539,104.9258539,
7865.5504,104.9245,104.9303,104.9282,,,7865.5504,104.9210582,104.9268582,104.9247582,
7866.4498,104.9236,104.9294,104.9271,,,7866.4498,104.9201624,104.9259624,104.9236624,
7867.3502,104.9223,104.9286,104.9262,,,7867.3502,104.9188667,104.9251667,104.9227667,
7868.2496,104.9217,104.9272,104.9251,,,7868.2496,104.918271,104.923771,104.921671,
7869.15,104.9201,104.9259,104.924,,,7869.15,104.9166752,104.9224752,104.9205752,
7870.0504,104.9192,104.9251,104.9229,,,7870.0504,104.9157795,104.9216795,104.9194795,
7870.9498,104.9182,104.924,104.9217,,,7870.9498,104.9147838,104.9205838,104.9182838,
7871.8502,104.9167,104.9229,104.9206,,,7871.8502,104.913288,104.919488,104.917188,
7872.7496,104.9158,104.9217,104.9195,,,7872.7496,104.9123923,104.9182923,104.9160923,
7873.65,104.9147,104.9206,104.9183,,,7873.65,104.9112966,104.9171966,104.9148966,
7874.5504,104.9137,104.9197,104.9172,,,7874.5504,104.9103008,104.9163008,104.9138008,
7875.4498,104.9123,104.9186,104.916,,,7875.4498,104.9089051,104.9152051,104.9126051,
7876.3502,104.911,104.9174,104.9149,,,7876.3502,104.9076094,104.9140094,104.9115094,
7877.2496,104.9102,104.9163,104.9137,,,7877.2496,104.9068136,104.9129136,104.9103136,
7878.1998,104.909,104.9153,104.9126,,,7878.1998,104.9056181,104.9119181,104.9092181,
7879.15,104.908,104.9142,104.9116,,,7879.15,104.9046226,104.9108226,104.9082226,
7880.0504,104.9068,104.9126,104.9102,,,7880.0504,104.9034269,104.9092269,104.9068269,
7880.9498,104.9056,104.9119,104.909,,,7880.9498,104.9022312,104.9085312,104.9056312,
7881.8502,104.9045,104.9103,104.9077,,,7881.8502,104.9011354,104.9069354,104.9043354,
7882.7496,104.9035,104.9092,104.9065,,,7882.7496,104.9001397,104.9058397,104.9031397,
7883.65,104.9022,104.9079,104.9052,,,7883.65,104.8988439,104.9045439,104.9018439,
7884.5504,104.9008,104.9065,104.9039,,,7884.5504,104.8974482,104.9031482,104.9005482,
7885.4498,104.8993,104.9053,104.9024,,,7885.4498,104.8959525,104.9019525,104.8990525,
7886.3502,104.8983,104.9039,104.9013,,,7886.3502,104.8949567,104.9005567,104.8979567,
7887.2496,104.897,104.9029,104.9,,,7887.2496,104.893661,104.899561,104.896661,
7888.15,104.8957,104.9014,104.8988,,,7888.15,104.8923653,104.8980653,104.8954653,
7889.1002,104.894,104.9005,104.8974,,,7889.1002,104.8906698,104.8971698,104.8940698,
7890.0504,104.893,104.8989,104.8959,,,7890.0504,104.8896743,104.8955743,104.8925743,
7890.9498,104.8912,104.8978,104.8947,,,7890.9498,104.8878785,104.8944785,104.8913785,
7891.8502,104.89,104.8963,104.8933,,,7891.8502,104.8866828,104.8929828,104.8899828,
7892.7496,104.8881,104.8949,104.8917,,,7892.7496,104.8847871,104.8915871,104.8883871,
7893.65,104.8864,104.8932,104.89,,,7893.65,104.8830913,104.8898913,104.8866913,
7894.5504,104.8856,104.8918,104.8885,,,7894.5504,104.8822956,104.8884956,104.8851956,
7895.4498,104.8841,104.8903,104.887,,,7895.4498,104.8807999,104.8869999,104.8836999,
7896.3502,104.8828,104.8887,104.8855,,,7896.3502,104.8795041,104.8854041,104.8822041,
7897.2496,104.8805,104.8872,104.8839,,,7897.2496,104.8772084,104.8839084,104.8806084,
7898.15,104.8794,104.8856,104.8824,,,7898.15,104.8761127,104.8823127,104.8791127,
7899.0504,104.8781,104.8841,104.881,,,7899.0504,104.8748169,104.8808169,104.8777169,
7899.9498,104.8764,104.8828,104.8794,,,7899.9498,104.8731212,104.8795212,104.8761212,
7900.8502,104.8744,104.8811,104.8779,,,7900.8502,104.8711255,104.8778255,104.8746255,
7901.7496,104.873,104.8795,104.8764,,,7901.7496,104.8697297,104.8762297,104.8731297,
7902.65,104.8713,104.8779,104.8748,,,7902.65,104.868034,104.874634,104.871534,
7903.6002,104.8696,104.8766,104.8733,,,7903.6002,104.8663385,104.8733385,104.8700385,
7904.5504,104.8678,104.8746,104.8715,,,7904.5504,104.864543,104.871343,104.868243,
7905.4,104.8662,104.8732,104.8699,,,7905.4,104.862947,104.869947,104.866647,
7906.2999,104.8649,104.8711,104.8682,,,7906.2999,104.8616513,104.8678513,104.8649513,
7907.2496,104.8642,104.8691,104.867,,,7907.2496,104.8609558,104.8658558,104.8637558,
7908.15,104.8626,104.8674,104.8652,,,7908.15,104.85936,104.86416,104.86196,
7909.0504,104.8601,104.8653,104.8629,,,7909.0504,104.8568643,104.8620643,104.8596643,
7909.9498,104.8579,104.8635,104.8612,,,7909.9498,104.8546686,104.8602686,104.8579686,
7910.8502,104.8576,104.8622,104.8601,,,7910.8502,104.8543728,104.8589728,104.8568728,
7911.7496,104.856,104.8607,104.8585,,,7911.7496,104.8527771,104.8574771,104.8552771,
7912.65,104.8531,104.8588,104.8564,,,7912.65,104.8498814,104.8555814,104.8531814,
7913.5504,104.8513,104.8571,104.8544,,,7913.5504,104.8480856,104.8538856,104.8511856,
7914.4498,104.8494,104.8552,104.8527,,,7914.4498,104.8461899,104.8519899,104.8494899,
7915.3502,104.848,104.8533,104.8508,,,7915.3502,104.8447942,104.8500942,104.8475942,
7916.2496,104.8458,104.8511,104.8488,,,7916.2496,104.8425984,104.8478984,104.8455984,
7917.15,104.8438,104.8492,104.8468,,,7917.15,104.8406027,104.8460027,104.8436027,
7918.0504,104.8417,104.8474,104.8448,,,7918.0504,104.838507,104.844207,104.841607,
7919.0001,104.8394,104.8451,104.8426,,,7919.0001,104.8362115,104.8419115,104.8394115,
7919.9498,104.8372,104.8429,104.8402,,,7919.9498,104.834016,104.839716,104.837016,
7920.8502,104.8348,104.8408,104.8381,,,7920.8502,104.8316202,104.8376202,104.8349202,
7921.7496,104.8328,104.8384,104.8358,,,7921.7496,104.8296245,104.8352245,104.8326245,
7922.65,104.8306,104.8363,104.8334,,,7922.65,104.8274288,104.8331288,104.8302288,
7923.5504,104.8284,104.834,104.8312,,,7923.5504,104.825233,104.830833,104.828033,
7924.4498,104.8257,104.8318,104.8289,,,7924.4498,104.8225373,104.8286373,104.8257373,
7925.3502,104.8231,104.8289,104.8262,,,7925.3502,104.8199415,104.8257415,104.8230415,
7926.2496,104.8203,104.8263,104.8233,,,7926.2496,104.8171458,104.8231458,104.8201458,
7927.15,104.8176,104.8241,104.8209,,,7927.15,104.8144501,104.8209501,104.8177501,
7928.0504,104.8153,104.8216,104.8185,,,7928.0504,104.8121543,104.8184543,104.8153543,
7929.0001,104.813,104.8189,104.8159,,,7929.0001,104.8098588,104.8157588,104.8127588,
7929.9498,104.8102,104.8161,104.8133,,,7929.9498,104.8070633,104.8129633,104.8101633,
7930.8502,104.8078,104.8133,104.8107,,,7930.8502,104.8046676,104.8101676,104.8075676,
7931.7496,104.8052,104.8106,104.8078,,,7931.7496,104.8020719,104.8074719,104.8046719,
7932.65,104.8023,104.8081,104.8051,,,7932.65,104.7991761,104.8049761,104.8019761,
7933.5504,104.7995,104.805,104.8022,,,7933.5504,104.7963804,104.8018804,104.7990804,
7934.4498,104.7969,104.8022,104.7995,,,7934.4498,104.7937847,104.7990847,104.7963847,
7935.3502,104.7938,104.7997,104.7966,,,7935.3502,104.7906889,104.7965889,104.7934889,
7936.2496,104.7914,104.7969,104.794,,,7936.2496,104.7882932,104.7937932,104.7908932,
7937.15,104.789,104.7945,104.7914,,,7937.15,104.7858975,104.7913975,104.7882975,
7938.1002,104.7862,104.7915,104.7886,,,7938.1002,104.783102,104.788402,104.785502,
7939.0504,104.7832,104.7895,104.7859,,,7939.0504,104.7801065,104.7864065,104.7828065,
7939.9498,104.7811,104.7872,104.7836,,,7939.9498,104.7780107,104.7841107,104.7805107,
7940.8502,104.7784,104.7843,104.781,,,7940.8502,104.775315,104.781215,104.777915,
7941.7496,104.7762,104.7823,104.7788,,,7941.7496,104.7731193,104.7792193,104.7757193,
7942.65,104.7743,104.7803,104.7766,,,7942.65,104.7712235,104.7772235,104.7735235,
7943.5504,104.7719,104.7781,104.7746,,,7943.5504,104.7688278,104.7750278,104.7715278,
7944.4498,104.7699,104.7758,104.7723,,,7944.4498,104.766832,104.772732,104.769232,
7945.3502,104.7676,104.7737,104.7701,,,7945.3502,104.7645363,104.7706363,104.7670363,
7946.2496,104.7659,104.7718,104.7684,,,7946.2496,104.7628406,104.7687406,104.7653406,
7947.15,104.7639,104.7699,104.7664,,,7947.15,104.7608448,104.7668448,104.7633448,
7948.1002,104.7627,104.769,104.765,,,7948.1002,104.7596493,104.7659493,104.7619493,
7949.0504,104.7609,104.7675,104.7636,,,7949.0504,104.7578538,104.7644538,104.7605538,
7949.9498,104.7596,104.7664,104.7623,,,7949.9498,104.7565581,104.7633581,104.7592581,
7950.8502,104.7585,104.7652,104.7611,,,7950.8502,104.7554624,104.7621624,104.7580624,
7951.7496,104.7576,104.7641,104.7601,,,7951.7496,104.7545666,104.7610666,104.7570666,
7952.65,104.7565,104.7633,104.7592,,,7952.65,104.7534709,104.7602709,104.7561709,
7953.5504,104.7557,104.7632,104.7587,,,7953.5504,104.7526752,104.7601752,104.7556752,
7954.4498,104.7554,104.7624,104.7581,,,7954.4498,104.7523794,104.7593794,104.7550794,
7955.3502,104.755,104.762,104.7578,,,7955.3502,104.7519837,104.7589837,104.7547837,
7956.2999,104.755,104.7617,104.7576,,,7956.2999,104.7519882,104.7586882,104.7545882,
7957.2496,104.7549,104.7615,104.7576,,,7957.2496,104.7518927,104.7584927,104.7545927,
7958.15,104.7551,104.7616,104.7575,,,7958.15,104.752097,104.758597,104.754497,
7959.0504,104.7549,104.7623,104.7578,,,7959.0504,104.7519012,104.7593012,104.7548012,
7959.9498,104.7553,104.7624,104.7583,,,7959.9498,104.7523055,104.7594055,104.7553055,
7960.8502,104.7554,104.762,104.7583,,,7960.8502,104.7524098,104.7590098,104.7553098,
7961.7496,104.7553,104.7629,104.7586,,,7961.7496,104.752314,104.759914,104.755614,
7962.65,104.7567,104.7633,104.7597,,,7962.65,104.7537183,104.7603183,104.7567183,
7963.5504,104.7576,104.7643,104.7602,,,7963.5504,104.7546226,104.7613226,104.7572226,
7964.4498,104.7584,104.7649,104.7611,,,7964.4498,104.7554268,104.7619268,104.7581268,
7965.3502,104.7589,104.7657,104.7618,,,7965.3502,104.7559311,104.7627311,104.7588311,
7966.2496,104.76,104.7666,104.7626,,,7966.2496,104.7570353,104.7636353,104.7596353,
7967.15,104.7605,104.7675,104.7635,,,7967.15,104.7575396,104.7645396,104.7605396,
7968.1002,104.762,104.7686,104.7645,,,7968.1002,104.7590441,104.7656441,104.7615441,
7969.0504,104.7629,104.7698,104.7657,,,7969.0504,104.7599486,104.7668486,104.7627486,
7969.9498,104.764,104.7707,104.7667,,,7969.9498,104.7610529,104.7677529,104.7637529,
7970.8502,104.7652,104.7711,104.7677,,,7970.8502,104.7622571,104.7681571,104.7647571,
7971.7496,104.766,104.7721,104.7684,,,7971.7496,104.7630614,104.7691614,104.7654614,
7972.65,104.767,104.7733,104.7696,,,7972.65,104.7640657,104.7703657,104.7666657,
7973.5504,104.7678,104.7745,104.7706,,,7973.5504,104.7648699,104.7715699,104.7676699,
7974.4498,104.769,104.7752,104.7715,,,7974.4498,104.7660742,104.7722742,104.7685742,
7975.3502,104.7698,104.776,104.7723,,,7975.3502,104.7668785,104.7730785,104.7693785,
7976.2496,104.7707,104.7773,104.7734,,,7976.2496,104.7677827,104.7743827,104.7704827,
7977.15,104.7718,104.7776,104.7743,,,7977.15,104.768887,104.774687,104.771387,
7978.1002,104.7725,104.7784,104.775,,,7978.1002,104.7695915,104.7754915,104.7720915,
7979.0504,104.7733,104.7792,104.7758,,,7979.0504,104.770396,104.776296,104.772896,
7979.9498,104.7742,104.78,104.7766,,,7979.9498,104.7713003,104.7771003,104.7737003,
7980.8502,104.7749,104.7807,104.7773,,,7980.8502,104.7720045,104.7778045,104.7744045,
7981.7496,104.7757,104.7815,104.7781,,,7981.7496,104.7728088,104.7786088,104.7752088,
7982.65,104.7766,104.7821,104.7788,,,7982.65,104.7737131,104.7792131,104.7759131,
7983.5504,104.777,104.7825,104.7794,,,7983.5504,104.7741173,104.7796173,104.7765173,
7984.4498,104.7778,104.7831,104.7801,,,7984.4498,104.7749216,104.7802216,104.7772216,
7985.3502,104.7778,104.7831,104.7804,,,7985.3502,104.7749259,104.7802259,104.7775259,
7986.2496,104.7784,104.7836,104.7808,,,7986.2496,104.7755301,104.7807301,104.7779301,
7987.1998,104.7788,104.784,104.7813,,,7987.1998,104.7759346,104.7811346,104.7784346,
7988.15,104.7792,104.7844,104.7815,,,7988.15,104.7763391,104.7815391,104.7786391,
7989.0504,104.7792,104.7844,104.7819,,,7989.0504,104.7763434,104.7815434,104.7790434,
7989.9498,104.7794,104.7847,104.7821,,,7989.9498,104.7765477,104.7818477,104.7792477,
7990.8502,104.7794,104.785,104.7823,,,7990.8502,104.7765519,104.7821519,104.7794519,
7991.7496,104.7801,104.7855,104.7826,,,7991.7496,104.7772562,104.7826562,104.7797562,
7992.65,104.7803,104.7855,104.7829,,,7992.65,104.7774604,104.7826604,104.7800604,
7993.5504,104.7804,104.7855,104.783,,,7993.5504,104.7775647,104.7826647,104.7801647,
7994.4498,104.7805,104.7858,104.7832,,,7994.4498,104.777669,104.782969,104.780369,
7995.3502,104.7805,104.7854,104.7832,,,7995.3502,104.7776732,104.7825732,104.7803732,
7996.2496,104.7807,104.7856,104.7831,,,7996.2496,104.7778775,104.7827775,104.7802775,
7997.15,104.7805,104.7856,104.7831,,,7997.15,104.7776818,104.7827818,104.7802818,
7998.0504,104.7803,104.7851,104.7829,,,7998.0504,104.777486,104.782286,104.780086,
7998.9498,104.7804,104.7851,104.7827,,,7998.9498,104.7775903,104.7822903,104.7798903,
7999.8502,104.7797,104.7844,104.7823,,,7999.8502,104.7768946,104.7815946,104.7794946,
8000.7999,104.7792,104.7843,104.7819,,,8000.7999,104.7763991,104.7814991,104.7790991,
8001.7496,104.7796,104.7844,104.7819,,,8001.7496,104.7768036,104.7816036,104.7791036,
8002.65,104.7788,104.7838,104.7816,,,8002.65,104.7760078,104.7810078,104.7788078,
8003.5504,104.7792,104.7838,104.7815,,,8003.5504,104.7764121,104.7810121,104.7787121,
8004.4498,104.7786,104.7838,104.7815,,,8004.4498,104.7758164,104.7810164,104.7787164,
8005.3502,104.7786,104.7838,104.7815,,,8005.3502,104.7758206,104.7810206,104.7787206,
8006.2496,104.7782,104.7831,104.781,,,8006.2496,104.7754249,104.7803249,104.7782249,
8007.15,104.7782,104.7831,104.781,,,8007.15,104.7754292,104.7803292,104.7782292,
8008.0504,104.7781,104.7831,104.7809,,,8008.0504,104.7753334,104.7803334,104.7781334,
8008.9498,104.7788,104.7832,104.7812,,,8008.9498,104.7760377,104.7804377,104.7784377,
8009.8502,104.7785,104.7831,104.7809,,,8009.8502,104.7757419,104.7803419,104.7781419,
8010.7496,104.7781,104.7825,104.7807,,,8010.7496,104.7753462,104.7797462,104.7779462,
8011.6998,104.7777,104.7821,104.7804,,,8011.6998,104.7749507,104.7793507,104.7776507,
8012.65,104.7774,104.7819,104.7801,,,8012.65,104.7746552,104.7791552,104.7773552,
8013.5504,104.7769,104.7811,104.7793,,,8013.5504,104.7741595,104.7783595,104.7765595,
8014.4498,104.7764,104.7805,104.779,,,8014.4498,104.7736637,104.7777637,104.7762637,
8015.3502,104.7768,104.7804,104.7788,,,8015.3502,104.774068,104.777668,104.776068,
8016.2496,104.7764,104.78,104.7784,,,8016.2496,104.7736723,104.7772723,104.7756723,
8017.15,104.776,104.7793,104.7777,,,8017.15,104.7732765,104.7765765,104.7749765,
8018.0504,104.7754,104.7786,104.7772,,,8018.0504,104.7726808,104.7758808,104.7744808,
8018.9498,104.775,104.7781,104.7767,,,8018.9498,104.7722851,104.7753851,104.7739851,
8019.8502,104.7745,104.7777,104.7762,,,8019.8502,104.7717893,104.7749893,104.7734893,
8020.7999,104.7739,104.777,104.7756,,,8020.7999,104.7711938,104.7742938,104.7728938,
8021.6998,104.773,104.7766,104.7751,,,8021.6998,104.7702981,104.7738981,104.7723981,
8022.6002,104.7725,104.7761,104.7746,,,8022.6002,104.7698024,104.7734024,104.7719024,
8023.5504,104.7721,104.7757,104.7741,,,8023.5504,104.7694069,104.7730069,104.7714069,
8024.4498,104.7711,104.7749,104.7733,,,8024.4498,104.7684111,104.7722111,104.7706111,
8025.3502,104.7707,104.7743,104.7728,,,8025.3502,104.7680154,104.7716154,104.7701154,
8026.2496,104.7699,104.7738,104.7722,,,8026.2496,104.7672197,104.7711197,104.7695197,
8027.15,104.7691,104.7731,104.7716,,,8027.15,104.7664239,104.7704239,104.7689239,
8028.0504,104.7683,104.7725,104.7707,,,8028.0504,104.7656282,104.7698282,104.7680282,
8028.9498,104.7676,104.7718,104.7701,,,8028.9498,104.7649325,104.7691325,104.7674325,
8029.8502,104.7664,104.7711,104.7693,,,8029.8502,104.7637367,104.7684367,104.7666367,
8030.7999,104.7655,104.7703,104.7684,,,8030.7999,104.7628412,104.7676412,104.7657412,
8031.7496,104.7651,104.7695,104.7679,,,8031.7496,104.7624457,104.7668457,104.7652457,
8032.65,104.764,104.7688,104.767,,,8032.65,104.76135,104.76615,104.76435,
8033.5504,104.7636,104.7682,104.7662,,,8033.5504,104.7609543,104.7655543,104.7635543,
8034.4498,104.7625,104.7675,104.7656,,,8034.4498,104.7598585,104.7648585,104.7629585,
8035.3502,104.7618,104.7667,104.7648,,,8035.3502,104.7591628,104.7640628,104.7621628,
8036.2496,104.7609,104.7659,104.7639,,,8036.2496,104.758267,104.763267,104.761267,
8037.15,104.7605,104.7653,104.7634,,,8037.15,104.7578713,104.7626713,104.7607713,
8038.1002,104.7597,104.7644,104.7624,,,8038.1002,104.7570758,104.7617758,104.7597758,
8039.0504,104.7585,104.7635,104.7617,,,8039.0504,104.7558803,104.7608803,104.7590803,
8039.9498,104.7585,104.7627,104.7608,,,8039.9498,104.7558846,104.7600846,104.7581846,
8040.8502,104.7574,104.7618,104.7598,,,8040.8502,104.7547888,104.7591888,104.7571888,
8041.7496,104.7561,104.7605,104.7588,,,8041.7496,104.7534931,104.7578931,104.7561931,
8042.65,104.7555,104.7597,104.7581,,,8042.65,104.7528974,104.7570974,104.7554974,
8043.5504,104.7547,104.7589,104.7571,,,8043.5504,104.7521016,104.7563016,104.7545016,
8044.5001,104.7541,104.758,104.7563,,,8044.5001,104.7515061,104.7554061,104.7537061,
8045.4498,104.7537,104.7569,104.7554,,,8045.4498,104.7511106,104.7543106,104.7528106,
8046.3502,104.7522,104.7558,104.7542,,,8046.3502,104.7496149,104.7532149,104.7516149,
8047.2496,104.7515,104.7546,104.7533,,,8047.2496,104.7489192,104.7520192,104.7507192,
8048.15,104.7507,104.7537,104.7524,,,8048.15,104.7481234,104.7511234,104.7498234,
8049.0504,104.7498,104.7527,104.7514,,,8049.0504,104.7472277,104.7501277,104.7488277,
8049.9498,104.7491,104.7516,104.7504,,,8049.9498,104.746532,104.749032,104.747832,
8050.8502,104.7479,104.7508,104.7496,,,8050.8502,104.7453362,104.7482362,104.7470362,
8051.7496,104.7472,104.7496,104.7485,,,8051.7496,104.7446405,104.7470405,104.7459405,
8052.6998,104.7459,104.7484,104.7473,,,8052.6998,104.743345,104.745845,104.744745,
8053.65,104.7449,104.7476,104.7465,,,8053.65,104.7423495,104.7450495,104.7439495,
8054.5504,104.7439,104.7465,104.7453,,,8054.5504,104.7413538,104.7439538,104.7427538,
8055.4498,104.7428,104.7452,104.7442,,,8055.4498,104.740258,104.742658,104.741658,
8056.3502,104.7414,104.7443,104.7432,,,8056.3502,104.7388623,104.7417623,104.7406623,
8057.2496,104.7405,104.7432,104.742,,,8057.2496,104.7379666,104.7406666,104.7394666,
8058.15,104.7393,104.742,104.7408,,,8058.15,104.7367708,104.7394708,104.7382708,
8059.0504,104.7382,104.7409,104.7397,,,8059.0504,104.7356751,104.7383751,104.7371751,
8059.9498,104.7369,104.7397,104.7384,,,8059.9498,104.7343793,104.7371793,104.7358793,
8060.8502,104.7355,104.7385,104.7372,,,8060.8502,104.7329836,104.7359836,104.7346836,
8061.7496,104.7343,104.7374,104.7361,,,8061.7496,104.7317879,104.7348879,104.7335879,
8062.6998,104.733,104.7362,104.7349,,,8062.6998,104.7304924,104.7336924,104.7323924,
8063.65,104.7319,104.7351,104.7338,,,8063.65,104.7293969,104.7325969,104.7312969,
8064.5504,104.7307,104.734,104.7326,,,8064.5504,104.7282011,104.7315011,104.7301011,
8065.4498,104.7295,104.7328,104.7314,,,8065.4498,104.7270054,104.7303054,104.7289054,
8066.3502,104.728,104.7318,104.7301,,,8066.3502,104.7255097,104.7293097,104.7276097,
8067.2496,104.7264,104.7306,104.7287,,,8067.2496,104.7239139,104.7281139,104.7262139,
8068.15,104.7253,104.7292,104.7276,,,8068.15,104.7228182,104.7267182,104.7251182,
8069.0504,104.724,104.7281,104.7263,,,8069.0504,104.7215225,104.7256225,104.7238225,
8069.9498,104.7228,104.7267,104.725,,,8069.9498,104.7203267,104.7242267,104.7225267,
8070.8502,104.7213,104.7253,104.7235,,,8070.8502,104.718831,104.722831,104.721031,
8071.7496,104.7199,104.7238,104.7222,,,8071.7496,104.7174353,104.7213353,104.7197353,
8072.65,104.7182,104.7226,104.7207,,,8072.65,104.7157395,104.7201395,104.7182395,
8073.5504,104.7166,104.7211,104.719,,,8073.5504,104.7141438,104.7186438,104.7165438,
8074.4498,104.715,104.7199,104.7179,,,8074.4498,104.7125481,104.7174481,104.7154481,
8075.3502,104.7136,104.7187,104.7164,,,8075.3502,104.7111523,104.7162523,104.7139523,
8076.2496,104.7127,104.7174,104.7152,,,8076.2496,104.7102566,104.7149566,104.7127566,
8077.1002,104.7111,104.7163,104.7142,,,8077.1002,104.7086606,104.7138606,104.7117606,
8077.9498,104.7099,104.7148,104.7126,,,8077.9498,104.7074646,104.7123646,104.7101646,
8078.8502,104.7081,104.7131,104.7108,,,8078.8502,104.7056689,104.7106689,104.7083689,
8079.7496,104.7068,104.712,104.7096,,,8079.7496,104.7043732,104.7095732,104.7071732,
8080.65,104.7062,104.7107,104.7085,,,8080.65,104.7037774,104.7082774,104.7060774,
8081.5001,104.7045,104.7089,104.7071,,,8081.5001,104.7020815,104.7064815,104.7046815,
8082.3502,104.703,104.7077,104.7056,,,8082.3502,104.7005855,104.7052855,104.7031855,
8083.2496,104.7015,104.7066,104.7043,,,8083.2496,104.6990898,104.7041898,104.7018898,
8084.15,104.7005,104.7053,104.703,,,8084.15,104.698094,104.702894,104.700594,
8085.0001,104.6988,104.7042,104.7017,,,8085.0001,104.696398,104.701798,104.699298,
8085.8502,104.6975,104.703,104.7003,,,8085.8502,104.6951021,104.7006021,104.6979021,
8086.7496,104.696,104.7021,104.6992,,,8086.7496,104.6936063,104.6997063,104.6968063,
8087.65,104.6948,104.7009,104.6981,,,8087.65,104.6924106,104.6985106,104.6957106,
8088.5504,104.6939,104.6999,104.697,,,8088.5504,104.6915149,104.6975149,104.6946149,
8089.5001,104.6928,104.699,104.6958,,,8089.5001,104.6904194,104.6966194,104.6934194,
8090.4498,104.6916,104.6974,104.6943,,,8090.4498,104.6892239,104.6950239,104.6919239,
8091.3502,104.6901,104.6962,104.6929,,,8091.3502,104.6877281,104.6938281,104.6905281,
8092.2496,104.6885,104.6948,104.6914,,,8092.2496,104.6861324,104.6924324,104.6890324,
8093.15,104.6873,104.6935,104.69,,,8093.15,104.6849367,104.6911367,104.6876367,
8094.0504,104.686,104.6919,104.6887,,,8094.0504,104.6836409,104.6895409,104.6863409,
8094.9498,104.6842,104.6898,104.6869,,,8094.9498,104.6818452,104.6874452,104.6845452,
8095.8502,104.6829,104.6892,104.6859,,,8095.8502,104.6805495,104.6868495,104.6835495,
8096.7496,104.6816,104.6881,104.6845,,,8096.7496,104.6792537,104.6857537,104.6821537,
8097.65,104.6802,104.6865,104.6829,,,8097.65,104.677858,104.684158,104.680558,
8098.6002,104.6783,104.6849,104.6812,,,8098.6002,104.6759625,104.6825625,104.6788625,
8099.5001,104.6768,104.6834,104.6796,,,8099.5001,104.6744668,104.6810668,104.6772668,
8100.4,104.6755,104.6823,104.6785,,,8100.4,104.673171,104.679971,104.676171,
8101.3502,104.6741,104.6807,104.677,,,8101.3502,104.6717755,104.6783755,104.6746755,
8102.2496,104.6729,104.68,104.6759,,,8102.2496,104.6705798,104.6776798,104.6735798,
8103.15,104.6717,104.6787,104.6745,,,8103.15,104.6693841,104.6763841,104.6721841,
8104.0504,104.6702,104.6775,104.6734,,,8104.0504,104.6678883,104.6751883,104.6710883,
8104.9498,104.6689,104.6763,104.6717,,,8104.9498,104.6665926,104.6739926,104.6693926,
8105.8502,104.6673,104.6749,104.6704,,,8105.8502,104.6649968,104.6725968,104.6680968,
8106.7496,104.6657,104.6732,104.6689,,,8106.7496,104.6634011,104.6709011,104.6666011,
8107.65,104.6646,104.6722,104.6677,,,8107.65,104.6623054,104.6699054,104.6654054,
8108.6002,104.663,104.6706,104.6661,,,8108.6002,104.6607099,104.6683099,104.6638099,
8109.5504,104.6616,104.6698,104.6648,,,8109.5504,104.6593144,104.6675144,104.6625144,
8110.4498,104.6599,104.6682,104.6632,,,8110.4498,104.6576186,104.6659186,104.6609186,
8111.3502,104.6585,104.6666,104.6619,,,8111.3502,104.6562229,104.6643229,104.6596229,
8112.2496,104.6572,104.6651,104.6605,,,8112.2496,104.6549272,104.6628272,104.6582272,
8113.15,104.6554,104.6643,104.6591,,,8113.15,104.6531314,104.6620314,104.6568314,
8114.0504,104.6538,104.663,104.6577,,,8114.0504,104.6515357,104.6607357,104.6554357,
8114.9498,104.6528,104.6615,104.6565,,,8114.9498,104.65054,104.65924,104.65424,
8115.8502,104.6512,104.661,104.6552,,,8115.8502,104.6489442,104.6587442,104.6529442,
8116.7496,104.6497,104.6595,104.6536,,,8116.7496,104.6474485,104.6572485,104.6513485,
8117.65,104.6485,104.6577,104.6523,,,8117.65,104.6462528,104.6554528,104.6500528,
8118.5504,104.6473,104.6567,104.6511,,,8118.5504,104.645057,104.654457,104.648857,
8119.5001,104.6458,104.6553,104.6498,,,8119.5001,104.6435615,104.6530615,104.6475615,
8120.4498,104.6444,104.6546,104.6485,,,8120.4498,104.642166,104.652366,104.646266,
8121.3502,104.643,104.6529,104.6472,,,8121.3502,104.6407703,104.6506703,104.6449703,
8122.2496,104.6415,104.6514,104.6458,,,8122.2496,104.6392746,104.6491746,104.6435746,
8123.15,104.6401,104.6498,104.6444,,,8123.15,104.6378788,104.6475788,104.6421788,
8124.0504,104.6388,104.6489,104.643,,,8124.0504,104.6365831,104.6466831,104.6407831,
8124.9498,104.6379,104.6471,104.6417,,,8124.9498,104.6356874,104.6448874,104.6394874,
8125.8502,104.6362,104.6462,104.6404,,,8125.8502,104.6339916,104.6439916,104.6381916,
8126.7496,104.6352,104.6448,104.6391,,,8126.7496,104.6329959,104.6425959,104.6368959,
8127.6998,104.6341,104.6436,104.6381,,,8127.6998,104.6319004,104.6414004,104.6359004,
8128.65,104.6328,104.6428,104.6368,,,8128.65,104.6306049,104.6406049,104.6346049,
8129.5504,104.6315,104.6412,104.6356,,,8129.5504,104.6293092,104.6390092,104.6334092,
8130.4498,104.6303,104.6401,104.6342,,,8130.4498,104.6281134,104.6379134,104.6320134,
8131.3502,104.6291,104.6389,104.6329,,,8131.3502,104.6269177,104.6367177,104.6307177,
8132.2496,104.6279,104.6379,104.6322,,,8132.2496,104.6257219,104.6357219,104.6300219,
8133.15,104.627,104.6362,104.6309,,,8133.15,104.6248262,104.6340262,104.6287262,
8134.1002,104.6256,104.6356,104.6299,,,8134.1002,104.6234307,104.6334307,104.6277307,
8135.0504,104.6246,104.6341,104.6283,,,8135.0504,104.6224352,104.6319352,104.6261352,
8135.9498,104.6233,104.6325,104.627,,,8135.9498,104.6211395,104.6303395,104.6248395,
8136.8502,104.6219,104.6311,104.626,,,8136.8502,104.6197437,104.6289437,104.6238437,
8137.7496,104.6205,104.6295,104.6243,,,8137.7496,104.618348,104.627348,104.622148,
8138.65,104.6193,104.6284,104.6233,,,8138.65,104.6171523,104.6262523,104.6211523,
8139.5504,104.6182,104.6275,104.6218,,,8139.5504,104.6160565,104.6253565,104.6196565,
8140.4498,104.6166,104.6262,104.6208,,,8140.4498,104.6144608,104.6240608,104.6186608,
8141.4,104.6158,104.625,104.6197,,,8141.4,104.6136653,104.6228653,104.6175653,
8142.3502,104.6143,104.6235,104.6186,,,8142.3502,104.6121698,104.6213698,104.6164698,
8143.2496,104.6133,104.6225,104.6173,,,8143.2496,104.6111741,104.6203741,104.6151741,
8144.15,104.6119,104.6213,104.616,,,8144.15,104.6097783,104.6191783,104.6138783,
8145.0504,104.6106,104.6194,104.6148,,,8145.0504,104.6084826,104.6172826,104.6126826,
8145.9498,104.6098,104.6181,104.6136,,,8145.9498,104.6076869,104.6159869,104.6114869,
8146.8502,104.6083,104.6165,104.6123,,,8146.8502,104.6061911,104.6143911,104.6101911,
8147.7999,104.6067,104.6158,104.6108,,,8147.7999,104.6045956,104.6136956,104.6086956,
8148.7496,104.6057,104.6146,104.6097,,,8148.7496,104.6036001,104.6125001,104.6076001,
8149.65,104.6045,104.6131,104.6084,,,8149.65,104.6024044,104.6110044,104.6063044,
8150.5504,104.6028,104.6119,104.6072,,,8150.5504,104.6007087,104.6098087,104.6051087,
8151.4498,104.6023,104.6105,104.606,,,8151.4498,104.6002129,104.6084129,104.6039129,
8152.3502,104.6008,104.6095,104.6048,,,8152.3502,104.5987172,104.6074172,104.6027172,
8153.2496,104.5993,104.609,104.6036,,,8153.2496,104.5972214,104.6069214,104.6015214,
8154.1998,104.5982,104.6071,104.6023,,,8154.1998,104.596126,104.605026,104.600226,
8155.15,104.5974,104.6057,104.6013,,,8155.15,104.5953305,104.6036305,104.5992305,
8156.0504,104.5967,104.6048,104.6002,,,8156.0504,104.5946347,104.6027347,104.5981347,
8156.9498,104.5951,104.6037,104.5991,,,8156.9498,104.593039,104.601639,104.597039,
8157.8502,104.5943,104.6028,104.598,,,8157.8502,104.5922432,104.6007432,104.5959432,
8158.7496,104.5933,104.6014,104.5971,,,8158.7496,104.5912475,104.5993475,104.5950475,
8159.65,104.5926,104.6,104.5958,,,8159.65,104.5905518,104.5979518,104.5937518,
8160.5504,104.591,104.5988,104.5947,,,8160.5504,104.588956,104.596756,104.592656,
8161.5001,104.5896,104.5978,104.5937,,,8161.5001,104.5875605,104.5957605,104.5916605,
8162.4498,104.5887,104.5963,104.5924,,,8162.4498,104.586665,104.594265,104.590365,
8163.3502,104.5877,104.5954,104.5914,,,8163.3502,104.5856693,104.5933693,104.5893693,
8164.2496,104.5868,104.5946,104.5903,,,8164.2496,104.5847736,104.5925736,104.5882736,
8165.15,104.5853,104.5935,104.5894,,,8165.15,104.5832778,104.5914778,104.5873778,
8166.0504,104.5848,104.592,104.5884,,,8166.0504,104.5827821,104.5899821,104.5863821,
8167.0001,104.5837,104.5912,104.5873,,,8167.0001,104.5816866,104.5891866,104.5852866,
8167.9498,104.5817,104.5898,104.586,,,8167.9498,104.5796911,104.5877911,104.5839911,
8168.8502,104.5812,104.589,104.5853,,,8168.8502,104.5791954,104.5869954,104.5832954,
8169.7496,104.581,104.5879,104.5845,,,8169.7496,104.5789996,104.5858996,104.5824996,
8170.65,104.5804,104.5868,104.5836,,,8170.65,104.5784039,104.5848039,104.5816039,
8171.5504,104.5794,104.586,104.5828,,,8171.5504,104.5774082,104.5840082,104.5808082,
8172.4498,104.5785,104.5847,104.5818,,,8172.4498,104.5765124,104.5827124,104.5798124,
8173.4,104.5775,104.5837,104.5806,,,8173.4,104.5755169,104.5817169,104.5786169,
8174.3502,104.5762,104.5821,104.5793,,,8174.3502,104.5742214,104.5801214,104.5773214,
8175.2496,104.5751,104.581,104.5782,,,8175.2496,104.5731257,104.5790257,104.5762257,
8176.15,104.5746,104.58,104.5774,,,8176.15,104.57263,104.57803,104.57543,
8177.0504,104.5736,104.5786,104.5762,,,8177.0504,104.5716342,104.5766342,104.5742342,
8177.9498,104.5724,104.5773,104.5751,,,8177.9498,104.5704385,104.5753385,104.5731385,
8178.8502,104.5719,104.5761,104.5742,,,8178.8502,104.5699428,104.5741428,104.5722428,
8179.7999,104.5707,104.5752,104.5732,,,8179.7999,104.5687473,104.5732473,104.5712473,
8180.7496,104.5697,104.5742,104.5722,,,8180.7496,104.5677518,104.5722518,104.5702518,
8181.65,104.5691,104.573,104.5712,,,8181.65,104.567156,104.571056,104.569256,
8182.5504,104.5681,104.5716,104.57,,,8182.5504,104.5661603,104.5696603,104.5680603,
8183.4498,104.5671,104.5704,104.569,,,8183.4498,104.5651646,104.5684646,104.5670646,
8184.3502,104.5658,104.5695,104.5679,,,8184.3502,104.5638688,104.5675688,104.5659688,
8185.2999,104.5653,104.5684,104.567,,,8185.2999,104.5633733,104.5664733,104.5650733,
8186.2496,104.564,104.5673,104.5657,,,8186.2496,104.5620778,104.5653778,104.5637778,
8187.15,104.5629,104.5665,104.5649,,,8187.15,104.5609821,104.5645821,104.5629821,
8188.0504,104.5614,104.565,104.5637,,,8188.0504,104.5594864,104.5630864,104.5617864,
8188.9498,104.5606,104.5637,104.5625,,,8188.9498,104.5586906,104.5617906,104.5605906,
8189.8502,104.5589,104.5625,104.5609,,,8189.8502,104.5569949,104.5605949,104.5589949,
8190.7999,104.5575,104.5611,104.5597,,,8190.7999,104.5555994,104.5591994,104.5577994,
8191.7496,104.5552,104.5597,104.5581,,,8191.7496,104.5533039,104.5578039,104.5562039,
8192.65,104.5535,104.5582,104.5564,,,8192.65,104.5516081,104.5563081,104.5545081,
8193.5504,104.5516,104.5567,104.5548,,,8193.5504,104.5497124,104.5548124,104.5529124,
8194.5001,104.5508,104.5555,104.5536,,,8194.5001,104.5489169,104.5536169,104.5517169,
8195.4498,104.5503,104.5546,104.5528,,,8195.4498,104.5484214,104.5527214,104.5509214,
8196.3502,104.5495,104.5538,104.5518,,,8196.3502,104.5476257,104.5519257,104.5499257,
8197.2496,104.5476,104.5528,104.5508,,,8197.2496,104.5457299,104.5509299,104.5489299,
8198.15,104.5469,104.5519,104.5499,,,8198.15,104.5450342,104.5500342,104.5480342,
8199.1002,104.5461,104.5507,104.5486,,,8199.1002,104.5442387,104.5488387,104.5467387,
8200.0504,104.5443,104.5495,104.5474,,,8200.0504,104.5424432,104.5476432,104.5455432,
8200.9498,104.5435,104.5481,104.5462,,,8200.9498,104.5416475,104.5462475,104.5443475,
8201.8502,104.5415,104.5473,104.5452,,,8201.8502,104.5396517,104.5454517,104.5433517,
8202.7496,104.5392,104.546,104.5435,,,8202.7496,104.537356,104.544156,104.541656,
8203.6998,104.539,104.545,104.5426,,,8203.6998,104.5371605,104.5431605,104.5407605,
8204.65,104.5376,104.5439,104.5414,,,8204.65,104.535765,104.542065,104.539565,
8205.5504,104.5358,104.5426,104.5398,,,8205.5504,104.5339693,104.5407693,104.5379693,
8206.4498,104.5341,104.5414,104.5384,,,8206.4498,104.5322735,104.5395735,104.5365735,
8207.3502,104.5336,104.5403,104.5373,,,8207.3502,104.5317778,104.5384778,104.5354778,
8208.2999,104.5324,104.5394,104.5361,,,8208.2999,104.5305823,104.5375823,104.5342823,
8209.2496,104.5316,104.5384,104.5352,,,8209.2496,104.5297868,104.5365868,104.5333868,
8210.15,104.5301,104.5372,104.5339,,,8210.15,104.5282911,104.5353911,104.5320911,
8211.0504,104.529,104.5366,104.5328,,,8211.0504,104.5271953,104.5347953,104.5309953,
8211.9498,104.5274,104.5352,104.5317,,,8211.9498,104.5255996,104.5333996,104.5298996,
8212.9,104.5266,104.534,104.5305,,,8212.9,104.5248041,104.5322041,104.5287041,
8213.8502,104.5251,104.5329,104.5292,,,8213.8502,104.5233086,104.5311086,104.5274086,
8214.7496,104.5234,104.5319,104.5279,,,8214.7496,104.5216129,104.5301129,104.5261129,
8215.65,104.5225,104.5302,104.5266,,,8215.65,104.5207171,104.5284171,104.5248171,
8216.5504,104.521,104.5293,104.5252,,,8216.5504,104.5192214,104.5275214,104.5234214,
8217.4996,104.5194,104.5282,104.5239,,,8217.4996,104.5176259,104.5264259,104.5221259,
8218.4498,104.5178,104.5269,104.5226,,,8218.4498,104.5160304,104.5251304,104.5208304,
8219.3502,104.516,104.5255,104.521,,,8219.3502,104.5142347,104.5237347,104.5192347,
8220.2496,104.5152,104.5245,104.5198,,,8220.2496,104.5134389,104.5227389,104.5180389,
8221.15,104.5136,104.5235,104.5186,,,8221.15,104.5118432,104.5217432,104.5168432,
8222.0504,104.5121,104.5225,104.5172,,,8222.0504,104.5103475,104.5207475,104.5154475,
8222.9996,104.5105,104.5208,104.5157,,,8222.9996,104.508752,104.519052,104.513952,
8223.9498,104.5089,104.5199,104.5143,,,8223.9498,104.5071565,104.5181565,104.5125565,
8224.8502,104.5071,104.519,104.5129,,,8224.8502,104.5053607,104.5172607,104.5111607,
8225.7496,104.5058,104.5175,104.5115,,,8225.7496,104.504065,104.515765,104.509765,
8226.65,104.5046,104.5163,104.5102,,,8226.65,104.5028693,104.5145693,104.5084693,
8227.6002,104.5032,104.5152,104.5089,,,8227.6002,104.5014738,104.5134738,104.5071738,
8228.5504,104.5019,104.5141,104.5075,,,8228.5504,104.5001783,104.5123783,104.5057783,
8229.4498,104.5002,104.5128,104.5062,,,8229.4498,104.4984825,104.5110825,104.5044825,
8230.4,104.4988,104.5113,104.5048,,,8230.4,104.497087,104.509587,104.503087,
8231.3502,104.4971,104.5101,104.5034,,,8231.3502,104.4953915,104.5083915,104.5016915,
8232.2496,104.4957,104.5093,104.5021,,,8232.2496,104.4939958,104.5075958,104.5003958,
8233.15,104.4944,104.5083,104.5008,,,8233.15,104.4927001,104.5066001,104.4991001,
8234.0504,104.4929,104.5069,104.4995,,,8234.0504,104.4912043,104.5052043,104.4978043,
8234.9996,104.4911,104.5058,104.4982,,,8234.9996,104.4894088,104.5041088,104.4965088,
8235.9498,104.4901,104.5046,104.4968,,,8235.9498,104.4884133,104.5029133,104.4951133,
8236.8502,104.4882,104.5036,104.4954,,,8236.8502,104.4865176,104.5019176,104.4937176,
8237.7496,104.4873,104.5022,104.4942,,,8237.7496,104.4856219,104.5005219,104.4925219,
8238.65,104.4858,104.5006,104.4928,,,8238.65,104.4841261,104.4989261,104.4911261,
8239.5504,104.4844,104.4995,104.4915,,,8239.5504,104.4827304,104.4978304,104.4898304,
8240.4996,104.483,104.4981,104.4902,,,8240.4996,104.4813349,104.4964349,104.4885349,
8241.4498,104.4815,104.4972,104.489,,,8241.4498,104.4798394,104.4955394,104.4873394,
8242.3502,104.4804,104.4959,104.4878,,,8242.3502,104.4787437,104.4942437,104.4861437,
8243.3004,104.4788,104.4946,104.4864,,,8243.3004,104.4771482,104.4929482,104.4847482,
8244.2496,104.4776,104.4936,104.4851,,,8244.2496,104.4759527,104.4919527,104.4834527,
8245.15,104.4762,104.4917,104.4837,,,8245.15,104.4745569,104.4900569,104.4820569,
8246.0504,104.4748,104.4906,104.4823,,,8246.0504,104.4731612,104.4889612,104.4806612,
8246.9498,104.4737,104.4898,104.4811,,,8246.9498,104.4720654,104.4881654,104.4794654,
8247.9,104.4723,104.4885,104.4797,,,8247.9,104.47067,104.48687,104.47807,
8248.8502,104.4707,104.4869,104.4784,,,8248.8502,104.4690745,104.4852745,104.4767745,
8249.7496,104.4694,104.4855,104.4772,,,8249.7496,104.4677787,104.4838787,104.4755787,
8250.65,104.468,104.4843,104.4759,,,8250.65,104.466383,104.482683,104.474283,
8251.5504,104.4671,104.4835,104.4745,,,8251.5504,104.4654872,104.4818872,104.4728872,
8252.4996,104.4655,104.4819,104.4732,,,8252.4996,104.4638917,104.4802917,104.4715917,
8253.4498,104.464,104.4807,104.4719,,,8253.4498,104.4623962,104.4790962,104.4702962,
8254.3502,104.4629,104.4797,104.4706,,,8254.3502,104.4613005,104.4781005,104.4690005,
8255.2496,104.4615,104.4779,104.4691,,,8255.2496,104.4599048,104.4763048,104.4675048,
8256.1998,104.4599,104.4765,104.4675,,,8256.1998,104.4583093,104.4749093,104.4659093,
8257.15,104.4584,104.4748,104.466,,,8257.15,104.4568138,104.4732138,104.4644138,
8258.0504,104.457,104.4738,104.4648,,,8258.0504,104.455418,104.472218,104.463218,
8258.9498,104.456,104.4723,104.4632,,,8258.9498,104.4544223,104.4707223,104.4616223,
8259.9,104.4542,104.4714,104.4619,,,8259.9,104.4526268,104.4698268,104.4603268,
8260.8502,104.453,104.4698,104.4605,,,8260.8502,104.4514313,104.4682313,104.4589313,
8261.7496,104.4514,104.4678,104.459,,,8261.7496,104.4498356,104.4662356,104.4574356,
8262.65,104.4499,104.467,104.4575,,,8262.65,104.4483398,104.4654398,104.4559398,
8263.6002,104.4483,104.4651,104.456,,,8263.6002,104.4467443,104.4635443,104.4544443,
8264.5504,104.4471,104.464,104.4547,,,8264.5504,104.4455488,104.4624488,104.4531488,
8265.4498,104.4459,104.4627,104.4534,,,8265.4498,104.4443531,104.4611531,104.4518531,
8266.3502,104.4444,104.4609,104.452,,,8266.3502,104.4428574,104.4593574,104.4504574,
8267.3004,104.4432,104.4599,104.4505,,,8267.3004,104.4416619,104.4583619,104.4489619,
8268.2496,104.4416,104.4582,104.4491,,,8268.2496,104.4400664,104.4566664,104.4475664,
8269.15,104.4405,104.4569,104.4478,,,8269.15,104.4389706,104.4553706,104.4462706,
8270.1002,104.4388,104.4553,104.446,,,8270.1002,104.4372751,104.4537751,104.4444751,
8271.0504,104.4371,104.453,104.4444,,,8271.0504,104.4355796,104.4514796,104.4428796,
8271.9498,104.4359,104.4519,104.443,,,8271.9498,104.4343839,104.4503839,104.4414839,
8272.8502,104.4346,104.4511,104.4416,,,8272.8502,104.4330882,104.4495882,104.4400882,
8273.8004,104.4331,104.4492,104.4401,,,8273.8004,104.4315927,104.4476927,104.4385927,
8274.7496,104.432,104.4482,104.4388,,,8274.7496,104.4304972,104.4466972,104.4372972,
8275.65,104.4303,104.4467,104.4373,,,8275.65,104.4288014,104.4452014,104.4358014,
8276.6002,104.4291,104.4448,104.4359,,,8276.6002,104.4276059,104.4433059,104.4344059,
8277.5504,104.4277,104.4435,104.4345,,,8277.5504,104.4262105,104.4420105,104.4330105,
8278.4498,104.4261,104.4418,104.433,,,8278.4498,104.4246147,104.4403147,104.4315147,
8279.3502,104.4248,104.4405,104.4318,,,8279.3502,104.423319,104.439019,104.430319,
8280.2496,104.4234,104.4389,104.4304,,,8280.2496,104.4219232,104.4374232,104.4289232,
8281.1998,104.4225,104.438,104.4291,,,8281.1998,104.4210277,104.4365277,104.4276277,
8282.15,104.4212,104.4358,104.4275,,,8282.15,104.4197322,104.4343322,104.4260322,
8283.0504,104.4195,104.4347,104.4261,,,8283.0504,104.4180365,104.4332365,104.4246365,
8283.9996,104.4183,104.4328,104.4248,,,8283.9996,104.416841,104.431341,104.423341,
8284.9498,104.4171,104.4316,104.4235,,,8284.9498,104.4156455,104.4301455,104.4220455,
8285.8502,104.4158,104.4302,104.4222,,,8285.8502,104.4143498,104.4287498,104.4207498,
8286.7496,104.4142,104.4284,104.4207,,,8286.7496,104.412754,104.426954,104.419254,
8287.6998,104.413,104.4267,104.4192,,,8287.6998,104.4115585,104.4252585,104.4177585,
8288.65,104.4116,104.4252,104.4179,,,8288.65,104.410163,104.423763,104.416463,
8289.5504,104.4101,104.4236,104.4165,,,8289.5504,104.4086673,104.4221673,104.4150673,
8290.4498,104.4089,104.4218,104.4149,,,8290.4498,104.4074716,104.4203716,104.4134716,
8291.4,104.4076,104.4204,104.4137,,,8291.4,104.4061761,104.4189761,104.4122761,
8292.3502,104.4063,104.4186,104.4122,,,8292.3502,104.4048806,104.4171806,104.4107806,
8293.2496,104.4045,104.4171,104.4106,,,8293.2496,104.4030848,104.4156848,104.4091848,
8294.1998,104.4034,104.4155,104.4093,,,8294.1998,104.4019893,104.4140893,104.4078893,
8295.15,104.4021,104.4136,104.4077,,,8295.15,104.4006938,104.4121938,104.4062938,
8296.0504,104.4006,104.4122,104.4062,,,8296.0504,104.3991981,104.4107981,104.4047981,
8296.9498,104.3991,104.4101,104.4046,,,8296.9498,104.3977024,104.4087024,104.4032024,
8297.8502,104.3982,104.4088,104.4034,,,8297.8502,104.3968066,104.4074066,104.4020066,
8298.8004,104.3962,104.4072,104.4018,,,8298.8004,104.3948111,104.4058111,104.4004111,
8299.7496,104.3951,104.405,104.4001,,,8299.7496,104.3937156,104.4036156,104.3987156,
8300.65,104.3938,104.4033,104.3986,,,8300.65,104.3924199,104.4019199,104.3972199,
8301.5504,104.3919,104.4015,104.3969,,,8301.5504,104.3905242,104.4001242,104.3955242,
8302.4996,104.3907,104.3998,104.3953,,,8302.4996,104.3893287,104.3984287,104.3939287,
8303.4498,104.3889,104.3979,104.3937,,,8303.4498,104.3875332,104.3965332,104.3923332,
8304.3502,104.3876,104.3964,104.3923,,,8304.3502,104.3862374,104.3950374,104.3909374,
8305.2496,104.3864,104.3947,104.3909,,,8305.2496,104.3850417,104.3933417,104.3895417,
8306.1998,104.3848,104.393,104.3894,,,8306.1998,104.3834462,104.3916462,104.3880462,
8307.15,104.3838,104.3911,104.3877,,,8307.15,104.3824507,104.3897507,104.3863507,
8308.0504,104.3817,104.3892,104.3858,,,8308.0504,104.380355,104.387855,104.384455,
8308.9498,104.3806,104.3873,104.3843,,,8308.9498,104.3792592,104.3859592,104.3829592,
8309.9,104.379,104.3856,104.3826,,,8309.9,104.3776637,104.3842637,104.3812637,
8310.8502,104.3775,104.3835,104.3808,,,8310.8502,104.3761682,104.3821682,104.3794682,
8311.7496,104.3762,104.3817,104.3794,,,8311.7496,104.3748725,104.3803725,104.3780725,
8312.65,104.3743,104.3799,104.3775,,,8312.65,104.3729768,104.3785768,104.3761768,
8313.6002,104.3729,104.3778,104.3758,,,8313.6002,104.3715813,104.3764813,104.3744813,
8314.5504,104.3712,104.376,104.3739,,,8314.5504,104.3698858,104.3746858,104.3725858,
8315.4498,104.3693,104.3744,104.3723,,,8315.4498,104.36799,104.37309,104.37099,
8316.3502,104.3681,104.3725,104.3705,,,8316.3502,104.3667943,104.3711943,104.3691943,
8317.3004,104.3665,104.3705,104.3688,,,8317.3004,104.3651988,104.3691988,104.3674988,
8318.2496,104.3647,104.3689,104.367,,,8318.2496,104.3634033,104.3676033,104.3657033,
8319.15,104.3631,104.3669,104.3652,,,8319.15,104.3618076,104.3656076,104.3639076,
8320.0504,104.3615,104.3649,104.3633,,,8320.0504,104.3602118,104.3636118,104.3620118,
8320.9498,104.3595,104.3629,104.3614,,,8320.9498,104.3582161,104.3616161,104.3601161,
8321.9,104.3575,104.361,104.3595,,,8321.9,104.3562206,104.3597206,104.3582206,
8322.8502,104.3557,104.3592,104.3577,,,8322.8502,104.3544251,104.3579251,104.3564251,
8323.7496,104.3539,104.3573,104.3558,,,8323.7496,104.3526294,104.3560294,104.3545294,
8324.65,104.352,104.3553,104.3539,,,8324.65,104.3507336,104.3540336,104.3526336,
8325.6002,104.3502,104.3536,104.3521,,,8325.6002,104.3489381,104.3523381,104.3508381,
8326.5504,104.3482,104.3517,104.3501,,,8326.5504,104.3469426,104.3504426,104.3488426,
8327.4498,104.3463,104.3498,104.3481,,,8327.4498,104.3450469,104.3485469,104.3468469,
8328.3502,104.3442,104.3477,104.3461,,,8328.3502,104.3429512,104.3464512,104.3448512,
8329.2496,104.3422,104.3458,104.3443,,,8329.2496,104.3409554,104.3445554,104.3430554,
8330.1998,104.3401,104.3439,104.3424,,,8330.1998,104.3388599,104.3426599,104.3411599,
8331.15,104.3383,104.3422,104.3404,,,8331.15,104.3370644,104.3409644,104.3391644,
8332.0504,104.3359,104.3403,104.3383,,,8332.0504,104.3346687,104.3390687,104.3370687,
8332.9498,104.334,104.3384,104.3363,,,8332.9498,104.332773,104.337173,104.335073,
8333.9,104.3314,104.3367,104.3343,,,8333.9,104.3301775,104.3354775,104.3330775,
8334.8502,104.3293,104.3346,104.3324,,,8334.8502,104.328082,104.333382,104.331182,
8335.7496,104.3277,104.3329,104.3306,,,8335.7496,104.3264862,104.3316862,104.3293862,
8336.65,104.3254,104.331,104.3286,,,8336.65,104.3241905,104.3297905,104.3273905,
8337.6002,104.3235,104.3294,104.3267,,,8337.6002,104.322295,104.328195,104.325495,
8338.5504,104.3211,104.3275,104.3246,,,8338.5504,104.3198995,104.3262995,104.3233995,
8339.4498,104.3191,104.3255,104.3227,,,8339.4498,104.3179038,104.3243038,104.3215038,
8340.3502,104.3173,104.3238,104.3209,,,8340.3502,104.316108,104.322608,104.319708,
8341.3004,104.3153,104.3219,104.3189,,,8341.3004,104.3141125,104.3207125,104.3177125,
8342.2496,104.3134,104.3201,104.3172,,,8342.2496,104.312217,104.318917,104.316017,
8343.15,104.3119,104.3184,104.3154,,,8343.15,104.3107213,104.3172213,104.3142213,
8344.0504,104.3097,104.3168,104.3135,,,8344.0504,104.3085256,104.3156256,104.3123256,
8344.9996,104.3072,104.3149,104.3116,,,8344.9996,104.3060301,104.3137301,104.3104301,
8345.9498,104.3058,104.313,104.3097,,,8345.9498,104.3046346,104.3118346,104.3085346,
8346.8502,104.304,104.3113,104.3079,,,8346.8502,104.3028388,104.3101388,104.3067388,
8347.7496,104.3021,104.3097,104.3061,,,8347.7496,104.3009431,104.3085431,104.3049431,
8348.65,104.3007,104.3079,104.3044,,,8348.65,104.2995474,104.3067474,104.3032474,
8349.6002,104.2985,104.3059,104.3025,,,8349.6002,104.2973519,104.3047519,104.3013519,
8350.5504,104.2968,104.3039,104.3007,,,8350.5504,104.2956564,104.3027564,104.2995564,
8351.4498,104.2945,104.302,104.2987,,,8351.4498,104.2933606,104.3008606,104.2975606,
8352.4,104.2929,104.3007,104.2972,,,8352.4,104.2917651,104.2995651,104.2960651,
8353.3502,104.291,104.299,104.2955,,,8353.3502,104.2898696,104.2978696,104.2943696,
8354.2496,104.2896,104.2972,104.2938,,,8354.2496,104.2884739,104.2960739,104.2926739,
8355.15,104.288,104.2957,104.2922,,,8355.15,104.2868782,104.2945782,104.2910782,
8356.1002,104.2864,104.2938,104.2903,,,8356.1002,104.2852827,104.2926827,104.2891827,
8357.0504,104.2844,104.2922,104.2887,,,8357.0504,104.2832872,104.2910872,104.2875872,
8357.9498,104.2824,104.2906,104.287,,,8357.9498,104.2812914,104.2894914,104.2858914,
8358.8502,104.281,104.2887,104.2852,,,8358.8502,104.2798957,104.2875957,104.2840957,
8359.7496,104.2793,104.2871,104.2834,,,8359.7496,104.2782,104.286,104.2823,
8360.6998,104.2774,104.2851,104.2817,,,8360.6998,104.2763045,104.2840045,104.2806045,
8361.65,104.2761,104.2835,104.28,,,8361.65,104.275009,104.282409,104.278909,
8362.5504,104.2746,104.2817,104.2784,,,8362.5504,104.2735132,104.2806132,104.2773132,
8363.4996,104.2724,104.2797,104.2763,,,8363.4996,104.2713177,104.2786177,104.2752177,
8364.4498,104.2706,104.278,104.2745,,,8364.4498,104.2695222,104.2769222,104.2734222,
8365.3502,104.2688,104.2761,104.2728,,,8365.3502,104.2677265,104.2750265,104.2717265,
8366.2496,104.2673,104.2741,104.2709,,,8366.2496,104.2662308,104.2730308,104.2698308,
8367.1998,104.2653,104.2724,104.2691,,,8367.1998,104.2642353,104.2713353,104.2680353,
8368.15,104.2637,104.2708,104.2675,,,8368.15,104.2626398,104.2697398,104.2664398,
8369.0504,104.2621,104.269,104.2658,,,8369.0504,104.261044,104.267944,104.264744,
8369.9498,104.2604,104.2667,104.2638,,,8369.9498,104.2593483,104.2656483,104.2627483,
8370.8502,104.2583,104.2651,104.262,,,8370.8502,104.2572526,104.2640526,104.2609526,
8371.8004,104.2563,104.2633,104.2601,,,8371.8004,104.2552571,104.2622571,104.2590571,
8372.7496,104.2546,104.2613,104.2584,,,8372.7496,104.2535616,104.2602616,104.2573616,
8373.65,104.2531,104.2599,104.2567,,,8373.65,104.2520658,104.2588658,104.2556658,
8374.5504,104.2514,104.2577,104.2548,,,8374.5504,104.2503701,104.2566701,104.2537701,
8375.4996,104.2493,104.2563,104.2531,,,8375.4996,104.2482746,104.2552746,104.2520746,
8376.4498,104.2477,104.2543,104.2512,,,8376.4498,104.2466791,104.2532791,104.2501791,
8377.3502,104.2456,104.2524,104.2494,,,8377.3502,104.2445834,104.2513834,104.2483834,
8378.2496,104.2437,104.2507,104.2475,,,8378.2496,104.2426876,104.2496876,104.2464876,
8379.1998,104.2421,104.2488,104.2457,,,8379.1998,104.2410921,104.2477921,104.2446921,
8380.15,104.2407,104.2469,104.2441,,,8380.15,104.2396966,104.2458966,104.2430966,
8381.0504,104.2394,104.2452,104.2424,,,8381.0504,104.2384009,104.2442009,104.2414009,
8381.9498,104.2374,104.2436,104.2407,,,8381.9498,104.2364051,104.2426051,104.2397051,
8382.9,104.2358,104.2417,104.2389,,,8382.9,104.2348097,104.2407097,104.2379097,
8383.8502,104.2342,104.2399,104.2372,,,8383.8502,104.2332142,104.2389142,104.2362142,
8384.7496,104.2321,104.2381,104.2354,,,8384.7496,104.2311184,104.2371184,104.2344184,
8385.65,104.2308,104.2364,104.2337,,,8385.65,104.2298227,104.2354227,104.2327227,
8386.5504,104.2288,104.2348,104.2321,,,8386.5504,104.2278269,104.2338269,104.2311269,
8387.4498,104.2273,104.2328,104.2303,,,8387.4498,104.2263312,104.2318312,104.2293312,
8388.3502,104.2266,104.2313,104.2289,,,8388.3502,104.2256355,104.2303355,104.2279355,
8389.3004,104.2238,104.2292,104.2269,,,8389.3004,104.22284,104.22824,104.22594,
8390.2496,104.2221,104.2274,104.225,,,8390.2496,104.2211445,104.2264445,104.2240445,
8391.15,104.2203,104.2256,104.2232,,,8391.15,104.2193487,104.2246487,104.2222487,
8392.0504,104.2183,104.2237,104.2213,,,8392.0504,104.217353,104.222753,104.220353,
8392.9498,104.2167,104.2217,104.2194,,,8392.9498,104.2157573,104.2207573,104.2184573,
8393.8502,104.2148,104.22,104.2178,,,8393.8502,104.2138615,104.2190615,104.2168615,
8394.7496,104.2137,104.2182,104.2161,,,8394.7496,104.2127658,104.2172658,104.2151658,
8395.6998,104.212,104.216,104.2143,,,8395.6998,104.2110703,104.2150703,104.2133703,
8396.65,104.2098,104.2143,104.2125,,,8396.65,104.2088748,104.2133748,104.2115748,
8397.5504,104.2084,104.2123,104.2106,,,8397.5504,104.2074791,104.2113791,104.2096791,
8398.4498,104.2061,104.2102,104.2085,,,8398.4498,104.2051833,104.2092833,104.2075833,
8399.3502,104.2046,104.2084,104.2068,,,8399.3502,104.2036876,104.2074876,104.2058876,
8400.2496,104.2031,104.2063,104.2049,,,8400.2496,104.2021919,104.2053919,104.2039919,
8401.15,104.2007,104.2043,104.2029,,,8401.15,104.1997961,104.2033961,104.2019961,
8402.0504,104.1987,104.2025,104.2008,,,8402.0504,104.1978004,104.2016004,104.1999004,
8402.9498,104.1969,104.2002,104.1987,,,8402.9498,104.1960047,104.1993047,104.1978047,
8403.9,104.1947,104.198,104.1966,,,8403.9,104.1938092,104.1971092,104.1957092,
8404.8502,104.1924,104.1959,104.1944,,,8404.8502,104.1915137,104.1950137,104.1935137,
8405.7496,104.1906,104.1937,104.1923,,,8405.7496,104.1897179,104.1928179,104.1914179,
8406.65,104.1886,104.1916,104.1902,,,8406.65,104.1877222,104.1907222,104.1893222,
8407.5504,104.1865,104.1892,104.188,,,8407.5504,104.1856265,104.1883265,104.1871265,
8408.4498,104.1843,104.187,104.1857,,,8408.4498,104.1834307,104.1861307,104.1848307,
8409.3502,104.1816,104.1846,104.1834,,,8409.3502,104.180735,104.183735,104.182535,
8410.2496,104.1792,104.1822,104.1809,,,8410.2496,104.1783392,104.1813392,104.1800392,
8411.15,104.1769,104.1797,104.1785,,,8411.15,104.1760435,104.1788435,104.1776435,
8412.0504,104.1742,104.1772,104.176,,,8412.0504,104.1733478,104.1763478,104.1751478,
8412.9996,104.1718,104.1748,104.1735,,,8412.9996,104.1709523,104.1739523,104.1726523,
8413.9,104.1695,104.1724,104.171,,,8413.9,104.1686565,104.1715565,104.1701565,
8414.8004,104.1667,104.1697,104.1684,,,8414.8004,104.1658608,104.1688608,104.1675608,
8415.7496,104.164,104.1671,104.1657,,,8415.7496,104.1631653,104.1662653,104.1648653,
8416.65,104.1615,104.1644,104.163,,,8416.65,104.1606696,104.1635696,104.1621696,
8417.5504,104.1588,104.1616,104.1604,,,8417.5504,104.1579738,104.1607738,104.1595738,
8418.4498,104.1557,104.1589,104.1576,,,8418.4498,104.1548781,104.1580781,104.1567781,
8419.3502,104.1534,104.1561,104.1549,,,8419.3502,104.1525824,104.1552824,104.1540824,
8420.2496,104.1505,104.1531,104.152,,,8420.2496,104.1496866,104.1522866,104.1511866,
8421.15,104.1476,104.1503,104.1491,,,8421.15,104.1467909,104.1494909,104.1482909,
8422.0504,104.1447,104.1476,104.1463,,,8422.0504,104.1438952,104.1467952,104.1454952,
8422.9498,104.1417,104.1445,104.1433,,,8422.9498,104.1408994,104.1436994,104.1424994,
8423.8502,104.139,104.1417,104.1406,,,8423.8502,104.1382037,104.1409037,104.1398037,
8424.7496,104.136,104.1386,104.1375,,,8424.7496,104.135208,104.137808,104.136708,
8425.65,104.1327,104.1361,104.1347,,,8425.65,104.1319122,104.1353122,104.1339122,
8426.5504,104.1299,104.1331,104.1317,,,8426.5504,104.1291165,104.1323165,104.1309165,
8427.4498,104.1268,104.13,104.1286,,,8427.4498,104.1260208,104.1292208,104.1278208,
8428.3502,104.1236,104.1268,104.1254,,,8428.3502,104.122825,104.126025,104.124625,
8429.2496,104.1204,104.124,104.1224,,,8429.2496,104.1196293,104.1232293,104.1216293,
8430.15,104.1173,104.1206,104.1192,,,8430.15,104.1165335,104.1198335,104.1184335,
8431.0504,104.1146,104.1175,104.1164,,,8431.0504,104.1138378,104.1167378,104.1156378,
8431.9498,104.1119,104.1151,104.1137,,,8431.9498,104.1111421,104.1143421,104.1129421,
8432.8502,104.1084,104.1119,104.1105,,,8432.8502,104.1076463,104.1111463,104.1097463,
8433.7496,104.1055,104.1088,104.1074,,,8433.7496,104.1047506,104.1080506,104.1066506,
8434.65,104.1021,104.1056,104.1042,,,8434.65,104.1013549,104.1048549,104.1034549,
8435.5504,104.0991,104.1028,104.1012,,,8435.5504,104.0983591,104.1020591,104.1004591,
8436.4498,104.0961,104.0999,104.0983,,,8436.4498,104.0953634,104.0991634,104.0975634,
8437.3502,104.0936,104.0973,104.0956,,,8437.3502,104.0928677,104.0965677,104.0948677,
8438.2496,104.0907,104.0947,104.0931,,,8438.2496,104.0899719,104.0939719,104.0923719,
8439.15,104.088,104.0918,104.0901,,,8439.15,104.0872762,104.0910762,104.0893762,
8440.0504,104.085,104.0884,104.0868,,,8440.0504,104.0842805,104.0876805,104.0860805,
8440.9498,104.0819,104.0856,104.0841,,,8440.9498,104.0811847,104.0848847,104.0833847,
8441.8502,104.0791,104.083,104.0813,,,8441.8502,104.078389,104.082289,104.080589,
8442.7496,104.0762,104.0807,104.0786,,,8442.7496,104.0754932,104.0799932,104.0778932,
8443.65,104.0736,104.078,104.0759,,,8443.65,104.0728975,104.0772975,104.0751975,
8444.5504,104.0712,104.0752,104.0735,,,8444.5504,104.0705018,104.0745018,104.0728018,
8445.4,104.0686,104.0729,104.0709,,,8445.4,104.0679058,104.0722058,104.0702058,
8446.3004,104.0664,104.0704,104.0685,,,8446.3004,104.0657101,104.0697101,104.0678101,
8447.2008,104.0645,104.0684,104.0665,,,8447.2008,104.0638143,104.0677143,104.0658143,
8448.1002,104.0621,104.0665,104.0643,,,8448.1002,104.0614186,104.0658186,104.0636186,
8448.9996,104.0595,104.0639,104.0619,,,8448.9996,104.0588229,104.0632229,104.0612229,
8449.8502,104.0575,104.0619,104.0599,,,8449.8502,104.0568269,104.0612269,104.0592269,
8450.7496,104.0556,104.0599,104.0579,,,8450.7496,104.0549312,104.0592312,104.0572312,
8451.65,104.0533,104.058,104.0558,,,8451.65,104.0526354,104.0573354,104.0551354,
8452.5504,104.0515,104.0559,104.0538,,,8452.5504,104.0508397,104.0552397,104.0531397,
8453.4498,104.0496,104.0537,104.0517,,,8453.4498,104.048944,104.053044,104.051044,
8454.3502,104.0474,104.0521,104.0499,,,8454.3502,104.0467482,104.0514482,104.0492482,
8455.2496,104.0462,104.0504,104.0483,,,8455.2496,104.0455525,104.0497525,104.0476525,
8456.15,104.0442,104.0486,104.0466,,,8456.15,104.0435567,104.0479567,104.0459567,
8457.0504,104.0423,104.0471,104.0449,,,8457.0504,104.041661,104.046461,104.044261,
8457.9498,104.0408,104.0455,104.0435,,,8457.9498,104.0401653,104.0448653,104.0428653,
8458.8502,104.0394,104.0442,104.0417,,,8458.8502,104.0387695,104.0435695,104.0410695,
8459.7496,104.0375,104.0424,104.0399,,,8459.7496,104.0368738,104.0417738,104.0392738,
8460.65,104.0361,104.0408,104.0386,,,8460.65,104.0354781,104.0401781,104.0379781,
8461.5504,104.0348,104.0399,104.0372,,,8461.5504,104.0341823,104.0392823,104.0365823,
8462.4498,104.0334,104.0384,104.036,,,8462.4498,104.0327866,104.0377866,104.0353866,
8463.3502,104.032,104.0376,104.0347,,,8463.3502,104.0313909,104.0369909,104.0340909,
8464.2496,104.031,104.0363,104.0337,,,8464.2496,104.0303951,104.0356951,104.0330951,
8465.15,104.0298,104.0352,104.0325,,,8465.15,104.0291994,104.0345994,104.0318994,
8466.0504,104.0286,104.0341,104.0316,,,8466.0504,104.0280037,104.0335037,104.0310037,
8466.9498,104.0278,104.0332,104.0304,,,8466.9498,104.0272079,104.0326079,104.0298079,
8467.8502,104.027,104.032,104.0295,,,8467.8502,104.0264122,104.0314122,104.0289122,
8468.7496,104.0254,104.0312,104.0284,,,8468.7496,104.0248165,104.0306165,104.0278165,
8469.65,104.0246,104.0301,104.0275,,,8469.65,104.0240207,104.0295207,104.0269207,
8470.5504,104.0235,104.0292,104.0265,,,8470.5504,104.022925,104.028625,104.025925,
8471.4498,104.0227,104.0282,104.0256,,,8471.4498,104.0221292,104.0276292,104.0250292,
8472.3502,104.0216,104.0275,104.0248,,,8472.3502,104.0210335,104.0269335,104.0242335,
8473.2496,104.0211,104.0265,104.0239,,,8473.2496,104.0205378,104.0259378,104.0233378,
8474.15,104.0204,104.0255,104.023,,,8474.15,104.019842,104.024942,104.022442,
8475.0504,104.0193,104.0247,104.0221,,,8475.0504,104.0187463,104.0241463,104.0215463,
8475.9498,104.0185,104.0239,104.0213,,,8475.9498,104.0179506,104.0233506,104.0207506,
8476.8502,104.0177,104.0236,104.0207,,,8476.8502,104.0171548,104.0230548,104.0201548,
8477.7496,104.0167,104.0226,104.0197,,,8477.7496,104.0161591,104.0220591,104.0191591,
8478.65,104.0157,104.0214,104.0187,,,8478.65,104.0151634,104.0208634,104.0181634,
8479.5504,104.0142,104.0206,104.0177,,,8479.5504,104.0136676,104.0200676,104.0171676,
8480.4498,104.0136,104.0193,104.0164,,,8480.4498,104.0130719,104.0187719,104.0158719,
8481.3502,104.0124,104.0187,104.0155,,,8481.3502,104.0118762,104.0181762,104.0149762,
8482.2496,104.0114,104.0173,104.0145,,,8482.2496,104.0108804,104.0167804,104.0139804,
8483.15,104.0099,104.0161,104.0132,,,8483.15,104.0093847,104.0155847,104.0126847,
8484.0504,104.0087,104.0152,104.012,,,8484.0504,104.008189,104.014689,104.011489,
8484.9498,104.0074,104.0136,104.0107,,,8484.9498,104.0068932,104.0130932,104.0101932,
8485.8004,104.0058,104.0118,104.0092,,,8485.8004,104.0052972,104.0112972,104.0086972,
8486.65,104.004,104.0103,104.0075,,,8486.65,104.0035013,104.0098013,104.0070013,
8487.5504,104.0031,104.0087,104.0059,,,8487.5504,104.0026055,104.0082055,104.0054055,
8488.4498,104.0009,104.0073,104.0042,,,8488.4498,104.0004098,104.0068098,104.0037098,
8489.3502,103.9993,104.0056,104.0026,,,8489.3502,103.9988141,104.0051141,104.0021141,
8490.2496,103.9972,104.0036,104.0006,,,8490.2496,103.9967183,104.0031183,104.0001183,
8491.15,103.9954,104.0017,103.9987,,,8491.15,103.9949226,104.0012226,103.9982226,
8491.9996,103.993,103.9995,103.9964,,,8491.9996,103.9925266,103.9990266,103.9959266,
8492.8502,103.9907,103.9972,103.9941,,,8492.8502,103.9902307,103.9967307,103.9936307,
8493.7496,103.9879,103.995,103.9918,,,8493.7496,103.9874349,103.9945349,103.9913349,
8494.65,103.9855,103.9923,103.9893,,,8494.65,103.9850392,103.9918392,103.9888392,
8495.5504,103.9828,103.9899,103.9867,,,8495.5504,103.9823434,103.9894434,103.9862434,
8496.4498,103.9801,103.9874,103.9842,,,8496.4498,103.9796477,103.9869477,103.9837477,
8497.3502,103.9778,103.9848,103.9818,,,8497.3502,103.977352,103.984352,103.981352,
8498.2008,103.975,103.9823,103.9791,,,8498.2008,103.974556,103.981856,103.978656,
8499.0504,103.9725,103.9797,103.9768,,,8499.0504,103.97206,103.97926,103.97636,
8499.9498,103.97,103.9773,103.9745,,,8499.9498,103.9695643,103.9768643,103.9740643,
8500.8502,103.9684,103.9743,103.9721,,,8500.8502,103.9679686,103.9738686,103.9716686,
8501.7496,103.9665,103.9723,103.97,,,8501.7496,103.9660728,103.9718728,103.9695728,
8502.5992,103.9655,103.9696,103.9678,,,8502.5992,103.9650768,103.9691768,103.9673768,
8503.4498,103.9633,103.9671,103.9655,,,8503.4498,103.9628809,103.9666809,103.9650809,
8504.3502,103.9608,103.9648,103.9631,,,8504.3502,103.9603851,103.9643851,103.9626851,
8505.2496,103.9579,103.9632,103.9608,,,8505.2496,103.9574894,103.9627894,103.9603894,
8506.15,103.9547,103.9616,103.9584,,,8506.15,103.9542937,103.9611937,103.9579937,
8506.9996,103.9522,103.9602,103.9561,,,8506.9996,103.9517977,103.9597977,103.9556977,
8507.8502,103.9499,103.9584,103.9539,,,8507.8502,103.9495017,103.9580017,103.9535017,
8508.7496,103.9475,103.9563,103.9516,,,8508.7496,103.947106,103.955906,103.951206,
8509.65,103.944,103.9527,103.9482,,,8509.65,103.9436103,103.9523103,103.9478103,
8510.5504,103.9334,103.9441,103.9392,,,8510.5504,103.9330145,103.9437145,103.9388145,
8511.4498,103.9254,103.9389,103.9318,,,8511.4498,103.9250188,103.9385188,103.9314188,
8512.3004,103.9281,103.979,103.954,,,8512.3004,103.9277228,103.9786228,103.9536228,
8513.15,104.1284,104.2462,104.1956,,,8513.15,104.1280268,104.2458268,104.1952268,
8514.0504,104.4412,104.5359,104.4972,,,8514.0504,104.4408311,104.5355311,104.4968311,
8514.9498,104.7018,104.8075,104.7591,,,8514.9498,104.7014354,104.8071354,104.7587354,
8515.8502,104.9342,105.0086,104.9828,,,8515.8502,104.9338396,105.0082396,104.9824396,
8516.7496,105.0798,105.1286,105.1104,,,8516.7496,105.0794439,105.1282439,105.1100439,
8517.65,105.1594,105.1897,105.1756,,,8517.65,105.1590482,105.1893482,105.1752482,
8518.5504,105.2003,105.2208,105.2112,,,8518.5504,105.1999524,105.2204524,105.2108524,
8519.4498,105.2291,105.2458,105.237,,,8519.4498,105.2287567,105.2454567,105.2366567,
8520.3502,105.2402,105.2597,105.2487,,,8520.3502,105.239861,105.259361,105.248361,
8521.2496,105.2507,105.2685,105.2599,,,8521.2496,105.2503652,105.2681652,105.2595652,
8522.0992,105.2685,105.2886,105.2785,,,8522.0992,105.2681692,105.2882692,105.2781692,
8522.9498,105.2693,105.2858,105.2768,,,8522.9498,105.2689733,105.2854733,105.2764733,
8523.8502,105.2613,105.2801,105.2699,,,8523.8502,105.2609775,105.2797775,105.2695775,
8524.7496,105.2522,105.2701,105.26,,,8524.7496,105.2518818,105.2697818,105.2596818,
8525.65,105.2406,105.2612,105.2503,,,8525.65,105.2402861,105.2608861,105.2499861,
8526.5504,105.2331,105.2502,105.2403,,,8526.5504,105.2327903,105.2498903,105.2399903,
8527.4498,105.2217,105.2377,105.2293,,,8527.4498,105.2213946,105.2373946,105.2289946,
8528.3502,105.2163,105.2337,105.2237,,,8528.3502,105.2159989,105.2333989,105.2233989,
8529.2496,105.2102,105.2243,105.217,,,8529.2496,105.2099031,105.2240031,105.2167031,
8530.15,105.202,105.217,105.2088,,,8530.15,105.2017074,105.2167074,105.2085074,
8531.0504,105.1927,105.2099,105.2005,,,8531.0504,105.1924117,105.2096117,105.2002117,
8531.9498,105.1899,105.2072,105.1985,,,8531.9498,105.1896159,105.2069159,105.1982159,
8532.8502,105.1892,105.205,105.197,,,8532.8502,105.1889202,105.2047202,105.1967202,
8533.7496,105.1911,105.2071,105.1998,,,8533.7496,105.1908245,105.2068245,105.1995245,
8534.65,105.1967,105.213,105.2033,,,8534.65,105.1964287,105.2127287,105.2030287,
8535.5504,105.197,105.2122,105.2037,,,8535.5504,105.196733,105.211933,105.203433,
8536.4,105.197,105.212,105.204,,,8536.4,105.196737,105.211737,105.203737,
8537.2496,105.1978,105.2132,105.2051,,,8537.2496,105.197541,105.212941,105.204841,
8538.15,105.1997,105.2149,105.2072,,,8538.15,105.1994453,105.2146453,105.2069453,
8539.0504,105.2005,105.215,105.2074,,,8539.0504,105.2002496,105.2147496,105.2071496,
8539.9498,105.1815,105.1997,105.1906,,,8539.9498,105.1812538,105.1994538,105.1903538,
8540.8502,105.1572,105.1794,105.1669,,,8540.8502,105.1569581,105.1791581,105.1666581,
8541.7496,105.1407,105.1608,105.1505,,,8541.7496,105.1404624,105.1605624,105.1502624,
8542.65,105.1368,105.1474,105.1424,,,8542.65,105.1365666,105.1471666,105.1421666,
8543.5504,105.1312,105.1454,105.1375,,,8543.5504,105.1309709,105.1451709,105.1372709,
8544.4498,105.1271,105.1437,105.1362,,,8544.4498,105.1268752,105.1434752,105.1359752,
8545.3004,105.1242,105.1357,105.1306,,,8545.3004,105.1239792,105.1354792,105.1303792,
8546.1998,105.1222,105.1376,105.1298,,,8546.1998,105.1219834,105.1373834,105.1295834,
8547.0992,105.116,105.1387,105.1284,,,8547.0992,105.1157877,105.1384877,105.1281877,
8547.9498,105.1192,105.1333,105.1268,,,8547.9498,105.1189917,105.1330917,105.1265917,
8548.8502,105.1136,105.1291,105.1205,,,8548.8502,105.113396,105.128896,105.120296,
8549.7496,105.1125,105.129,105.1195,,,8549.7496,105.1123003,105.1288003,105.1193003,
8550.65,105.113,105.1298,105.119,,,8550.65,105.1128045,105.1296045,105.1188045,
8551.5504,105.1059,105.1244,105.1142,,,8551.5504,105.1057088,105.1242088,105.1140088,
8552.4498,105.108,105.1259,105.1162,,,8552.4498,105.1078131,105.1257131,105.1160131,
8553.3502,105.1162,105.1355,105.1254,,,8553.3502,105.1160173,105.1353173,105.1252173,
8554.2496,105.1119,105.129,105.121,,,8554.2496,105.1117216,105.1288216,105.1208216,
8555.15,105.1019,105.1238,105.1129,,,8555.15,105.1017259,105.1236259,105.1127259,
8556.0504,105.102,105.1265,105.114,,,8556.0504,105.1018301,105.1263301,105.1138301,
8556.9498,105.0923,105.1152,105.1035,,,8556.9498,105.0921344,105.1150344,105.1033344,
8557.8502,105.0723,105.0946,105.0844,,,8557.8502,105.0721387,105.0944387,105.0842387,
8558.7496,105.0581,105.0856,105.0735,,,8558.7496,105.0579429,105.0854429,105.0733429,
8559.65,105.0527,105.0805,105.0684,,,8559.65,105.0525472,105.0803472,105.0682472,
8560.5504,105.0488,105.0762,105.0646,,,8560.5504,105.0486514,105.0760514,105.0644514,
8561.4498,105.0471,105.0765,105.063,,,8561.4498,105.0469557,105.0763557,105.0628557,
8562.3502,105.0605,105.0937,105.0761,,,8562.3502,105.06036,105.09356,105.07596,
8563.2496,105.0755,105.1004,105.0899,,,8563.2496,105.0753642,105.1002642,105.0897642,
8564.15,105.0771,105.1019,105.0912,,,8564.15,105.0769685,105.1017685,105.0910685,
8565.0504,105.0778,105.1043,105.0924,,,8565.0504,105.0776728,105.1041728,105.0922728,
8565.9498,105.0792,105.1066,105.0947,,,8565.9498,105.079077,105.106477,105.094577,
8566.8502,105.0833,105.1122,105.0986,,,8566.8502,105.0831813,105.1120813,105.0984813,
8567.7496,105.0878,105.1185,105.1039,,,8567.7496,105.0876856,105.1183856,105.1037856,
8568.65,105.095,105.1275,105.1113,,,8568.65,105.0948898,105.1273898,105.1111898,
8569.5504,105.1067,105.1411,105.123,,,8569.5504,105.1065941,105.1409941,105.1228941,
8570.4498,105.1259,105.163,105.1426,,,8570.4498,105.1257984,105.1628984,105.1424984,
8571.3502,105.1513,105.1888,105.1682,,,8571.3502,105.1512026,105.1887026,105.1681026,
8572.2496,105.1736,105.2114,105.1912,,,8572.2496,105.1735069,105.2113069,105.1911069,
8573.0992,105.1751,105.2106,105.1931,,,8573.0992,105.1750109,105.2105109,105.1930109,
8573.9498,105.1701,105.2081,105.1896,,,8573.9498,105.1700149,105.2080149,105.1895149,
8574.8502,105.1704,105.2091,105.1903,,,8574.8502,105.1703192,105.2090192,105.1902192,
8575.7496,105.174,105.2131,105.1938,,,8575.7496,105.1739235,105.2130235,105.1937235,
8576.65,105.1784,105.2202,105.1997,,,8576.65,105.1783277,105.2201277,105.1996277,
8577.5504,105.186,105.2294,105.2082,,,8577.5504,105.185932,105.229332,105.208132,
8578.4498,105.1971,105.2411,105.2196,,,8578.4498,105.1970363,105.2410363,105.2195363,
8579.3502,105.2126,105.2552,105.2339,,,8579.3502,105.2125405,105.2551405,105.2338405,
8580.2496,105.2308,105.2717,105.2516,,,8580.2496,105.2307448,105.2716448,105.2515448,
8581.15,105.2513,105.2887,105.2707,,,8581.15,105.2512491,105.2886491,105.2706491,
8582.0504,105.2732,105.3101,105.2918,,,8582.0504,105.2731533,105.3100533,105.2917533,
8582.9498,105.2944,105.3333,105.314,,,8582.9498,105.2943576,105.3332576,105.3139576,
8583.8004,105.3155,105.3548,105.3352,,,8583.8004,105.3154616,105.3547616,105.3351616,
8584.6998,105.3229,105.3589,105.3431,,,8584.6998,105.3228659,105.3588659,105.3430659,
8585.5992,105.3098,105.3419,105.3271,,,8585.5992,105.3097701,105.3418701,105.3270701,
8586.4498,105.3035,105.332,105.3189,,,8586.4498,105.3034742,105.3319742,105.3188742,
8587.3502,105.3035,105.3284,105.3178,,,8587.3502,105.3034784,105.3283784,105.3177784,
8588.2496,105.2466,105.3059,105.2828,,,8588.2496,105.2465827,105.3058827,105.2827827,
8589.15,105.059,105.1325,105.1038,,,8589.15,105.058987,105.132487,105.103787,
8590.0504,105.1231,105.1811,105.1467,,,8590.0504,105.1230912,105.1810912,105.1466912,
8590.9498,105.6978,105.9111,105.7466,,,8590.9498,105.6977955,105.9110955,105.7465955,
8591.8502,106.3545,106.6273,106.5111,,,8591.8502,106.3544998,106.6272998,106.5110998,
8592.7496,106.6953,106.7786,106.7381,,,8592.7496,106.695304,106.778604,106.738104,
8593.65,106.8607,106.9617,106.9076,,,8593.65,106.8607083,106.9617083,106.9076083,
8594.5504,107.0156,107.0561,107.0398,,,8594.5504,107.0156126,107.0561126,107.0398126,
8595.4498,106.8163,106.8588,106.8392,,,8595.4498,106.8163168,106.8588168,106.8392168,
8596.3502,106.6585,106.6996,106.6749,,,8596.3502,106.6585211,106.6996211,106.6749211,
8597.2496,106.2458,106.425,106.3532,,,8597.2496,106.2458253,106.4250253,106.3532253,
8598.15,105.4881,105.778,105.641,,,8598.15,105.4881296,105.7780296,105.6410296,
8599.0504,105.0183,105.0729,105.0414,,,8599.0504,105.0183339,105.0729339,105.0414339,
8599.9498,104.9305,104.9757,104.9597,,,8599.9498,104.9305381,104.9757381,104.9597381,
8600.8502,104.9026,104.9435,104.9273,,,8600.8502,104.9026424,104.9435424,104.9273424,
8601.7496,104.882,104.9177,104.9043,,,8601.7496,104.8820467,104.9177467,104.9043467,
8602.65,104.8642,104.8969,104.8837,,,8602.65,104.8642509,104.8969509,104.8837509,
8603.5504,104.8461,104.8721,104.8614,,,8603.5504,104.8461552,104.8721552,104.8614552,
8604.4498,104.8325,104.8529,104.8456,,,8604.4498,104.8325595,104.8529595,104.8456595,
8605.3502,104.8187,104.8406,104.8329,,,8605.3502,104.8187637,104.8406637,104.8329637,
8606.2496,104.8128,104.8325,104.8252,,,8606.2496,104.812868,104.832568,104.825268,
8607.15,104.8091,104.8322,104.8237,,,8607.15,104.8091723,104.8322723,104.8237723,
8608.0504,104.8054,104.8335,104.8222,,,8608.0504,104.8054765,104.8335765,104.8222765,
8608.9498,104.8082,104.834,104.8241,,,8608.9498,104.8082808,104.8340808,104.8241808,
8609.9,104.8208,104.8386,104.8324,,,8609.9,104.8208853,104.8386853,104.8324853,
8610.8004,104.8265,104.8464,104.8399,,,8610.8004,104.8265896,104.8464896,104.8399896,
8611.65,104.8343,104.8634,104.8505,,,8611.65,104.8343936,104.8634936,104.8505936,
8612.5504,104.8486,104.8778,104.863,,,8612.5504,104.8486979,104.8778979,104.8630979,
8613.4498,104.8451,104.873,104.859,,,8613.4498,104.8452021,104.8731021,104.8591021,
8614.3502,104.8316,104.859,104.8454,,,8614.3502,104.8317064,104.8591064,104.8455064,
8615.2496,104.8171,104.8415,104.8292,,,8615.2496,104.8172106,104.8416106,104.8293106,
8616.15,104.8007,104.8263,104.8139,,,8616.15,104.8008149,104.8264149,104.8140149,
8616.9996,104.788,104.812,104.8004,,,8616.9996,104.7881189,104.8121189,104.8005189,
8617.9,104.7758,104.7988,104.7878,,,8617.9,104.7759232,104.7989232,104.7879232,
8618.8004,104.7652,104.7868,104.7763,,,8618.8004,104.7653275,104.7869275,104.7764275,
8619.65,104.7547,104.7758,104.7655,,,8619.65,104.7548315,104.7759315,104.7656315,
8620.5504,104.7448,104.7645,104.7556,,,8620.5504,104.7449358,104.7646358,104.7557358,
8621.4498,104.7373,104.7559,104.747,,,8621.4498,104.73744,104.75604,104.74714,
8622.3502,104.7303,104.748,104.7392,,,8622.3502,104.7304443,104.7481443,104.7393443,
8623.2496,104.7237,104.7404,104.7324,,,8623.2496,104.7238486,104.7405486,104.7325486,
8624.15,104.7186,104.7335,104.7265,,,8624.15,104.7187528,104.7336528,104.7266528,
8625.0504,104.7132,104.7287,104.7211,,,8625.0504,104.7133571,104.7288571,104.7212571,
8625.9498,104.7096,104.724,104.7171,,,8625.9498,104.7097613,104.7241613,104.7172613,
8626.8502,104.7077,104.7211,104.7144,,,8626.8502,104.7078656,104.7212656,104.7145656,
8627.7496,104.7057,104.7181,104.7122,,,8627.7496,104.7058699,104.7182699,104.7123699,
8628.65,104.7039,104.7158,104.7098,,,8628.65,104.7040741,104.7159741,104.7099741,
8629.5504,104.7009,104.7116,104.7065,,,8629.5504,104.7010784,104.7117784,104.7066784,
8630.4498,104.6955,104.7068,104.701,,,8630.4498,104.6956827,104.7069827,104.7011827,
8631.3502,104.6884,104.6995,104.6941,,,8631.3502,104.6885869,104.6996869,104.6942869,
8632.2496,104.6759,104.6902,104.6836,,,8632.2496,104.6760912,104.6903912,104.6837912,
8633.15,104.6584,104.6748,104.6675,,,8633.15,104.6585955,104.6749955,104.6676955,
8634.0504,104.6366,104.6522,104.6454,,,8634.0504,104.6367997,104.6523997,104.6455997,
8634.9498,104.6039,104.6221,104.6143,,,8634.9498,104.604104,104.622304,104.614504,
8635.8502,104.5434,104.5691,104.5551,,,8635.8502,104.5436083,104.5693083,104.5553083,
8636.7496,104.4471,104.4736,104.4575,,,8636.7496,104.4473125,104.4738125,104.4577125,
8637.65,104.3346,104.3619,104.3472,,,8637.65,104.3348168,104.3621168,104.3474168,
