********************************************************************************,,,,,,,,,,
Filename: J:\AFCIS_DATA\E1 24\E1 24 N20\E1 24 N20 GA\E1 24 N20 DWS M00.fccp,,,,,,,,,,
Collected: 2024/08/13 00:13:52,,,,,,,,,,
Report Created: 2024/10/22 14:27:23,,,,,,,,,,
Channels: Diameter (1),,,,,,,,,Probe Tip Wear Average Values Final Cal,
Axial Range: 2000.00 to 9000.00,,,,,,,,,M1,0.083
Rotational Range: ALL,,,,,,,,,M2,0.092
Z Range: 103.0000 to 108.0000,,,,,,,,,M3,0.084
Percentiles: 1.0 to 70.0,,,,,,,,,M4,0.081
Threshold: -10000000.0000 to 10000000.0000,,,,,,,,,M5,0.084
Channel: Diameter (1) ,,,,,,,,,AVG,0.085
Axial Offset: 20.40,,,,,,,,,,
Rotational Offset: 90.00,,,,,,,,,,
EU Offset: 799119.415015,,,,,,,,,,
EU Divisor: -7459.721636,,,,,,Compensated for Probe Tip Wear,,,,
Axial,Minimum,Maximum,Mean,,,Axial,Minimum,Maximum,Mean,
2205.65,104.0798,104.1007,104.0902,,,2205.65,103.9942798,104.0151798,104.0046798,
2206.5001,104.1031,104.1224,104.1132,,,2206.5001,104.0175912,104.0368912,104.0276912,
2207.35,104.1266,104.1425,104.1361,,,2207.35,104.0411025,104.0570025,104.0506025,
2208.2501,104.1451,104.1625,104.1573,,,2208.2501,104.0596146,104.0770146,104.0718146,
2209.1002,104.1633,104.1818,104.1753,,,2209.1002,104.077826,104.096326,104.089826,
2209.95,104.1881,104.2113,104.2005,,,2209.95,104.1026374,104.1258374,104.1150374,
2210.7999,104.205,104.24,104.2263,,,2210.7999,104.1195488,104.1545488,104.1408488,
2211.65,104.2356,104.2671,104.2552,,,2211.65,104.1501602,104.1816602,104.1697602,
2212.5499,104.2612,104.3015,104.2815,,,2212.5499,104.1757722,104.2160722,104.1960722,
2213.5001,104.3404,104.4113,104.3699,,,2213.5001,104.254985,104.325885,104.284485,
2214.45,104.4616,104.501,104.4809,,,2214.45,104.3761977,104.4155977,104.3954977,
2215.35,104.5284,104.5609,104.5454,,,2215.35,104.4430097,104.4755097,104.4600097,
2216.2501,104.577,104.6569,104.6094,,,2216.2501,104.4916218,104.5715218,104.5240218,
2217.15,104.6623,104.7251,104.6992,,,2217.15,104.5769339,104.6397339,104.6138339,
2218.1,104.7138,104.7544,104.7375,,,2218.1,104.6284466,104.6690466,104.6521466,
2219.0499,104.7272,104.7694,104.7522,,,2219.0499,104.6418593,104.6840593,104.6668593,
2219.95,104.7365,104.7797,104.7633,,,2219.95,104.6511714,104.6943714,104.6779714,
2220.85,104.745,104.7876,104.7708,,,2220.85,104.6596834,104.7022834,104.6854834,
2221.7501,104.749,104.793,104.7753,,,2221.7501,104.6636955,104.7076955,104.6899955,
2222.65,104.7506,104.7967,104.7786,,,2222.65,104.6653076,104.7114076,104.6933076,
2223.5499,104.7537,104.8009,104.7819,,,2223.5499,104.6684196,104.7156196,104.6966196,
2224.5001,104.7576,104.8058,104.7861,,,2224.5001,104.6723324,104.7205324,104.7008324,
2225.45,104.7635,104.812,104.7913,,,2225.45,104.6782451,104.7267451,104.7060451,
2226.35,104.769,104.8191,104.7973,,,2226.35,104.6837571,104.7338571,104.7120571,
2227.2501,104.7754,104.8264,104.804,,,2227.2501,104.6901692,104.7411692,104.7187692,
2228.15,104.7845,104.8347,104.8113,,,2228.15,104.6992813,104.7494813,104.7260813,
2229.0499,104.7926,104.8439,104.8197,,,2229.0499,104.7073933,104.7586933,104.7344933,
2229.95,104.8024,104.8533,104.8287,,,2229.95,104.7172054,104.7681054,104.7435054,
2230.85,104.8124,104.864,104.8391,,,2230.85,104.7272174,104.7788174,104.7539174,
2231.7501,104.8245,104.8753,104.8505,,,2231.7501,104.7393295,104.7901295,104.7653295,
2232.65,104.8369,104.888,104.8639,,,2232.65,104.7517416,104.8028416,104.7787416,
2233.6,104.8525,104.9029,104.8793,,,2233.6,104.7673543,104.8177543,104.7941543,
2234.5499,104.8683,104.9201,104.8966,,,2234.5499,104.783167,104.834967,104.811467,
2235.45,104.8849,104.9386,104.913,,,2235.45,104.7997791,104.8534791,104.8278791,
2236.35,104.891,104.9493,104.9205,,,2236.35,104.8058911,104.8641911,104.8353911,
2237.2501,104.8753,104.9313,104.9056,,,2237.2501,104.7902032,104.8462032,104.8205032,
2238.15,104.8509,104.9155,104.886,,,2238.15,104.7658153,104.8304153,104.8009153,
2239.0499,104.8392,104.8959,104.871,,,2239.0499,104.7541273,104.8108273,104.7859273,
2239.95,104.8335,104.879,104.8609,,,2239.95,104.7484394,104.7939394,104.7758394,
2240.85,104.823,104.8676,104.8504,,,2240.85,104.7379514,104.7825514,104.7653514,
2241.7501,104.8193,104.8623,104.8444,,,2241.7501,104.7342635,104.7772635,104.7593635,
2242.7,104.8143,104.8621,104.8415,,,2242.7,104.7292762,104.7770762,104.7564762,
2243.65,104.8176,104.863,104.8438,,,2243.65,104.732589,104.777989,104.758789,
2244.5499,104.8268,104.871,104.8531,,,2244.5499,104.741801,104.786001,104.768101,
2245.45,104.8438,104.8855,104.8691,,,2245.45,104.7588131,104.8005131,104.7841131,
2246.35,104.8619,104.9121,104.893,,,2246.35,104.7769251,104.8271251,104.8080251,
2247.2501,104.8896,104.9485,104.9286,,,2247.2501,104.8046372,104.8635372,104.8436372,
2248.2,104.9427,104.9986,104.9773,,,2248.2,104.8577499,104.9136499,104.8923499,
2249.15,104.9989,105.0576,105.0342,,,2249.15,104.9139627,104.9726627,104.9492627,
2250.0499,105.0639,105.3805,105.1875,,,2250.0499,104.9789747,105.2955747,105.1025747,
2251.0001,105.6098,106.1962,105.9293,,,2251.0001,105.5248874,106.1112874,105.8443874,
2251.95,106.3977,106.7459,106.6303,,,2251.95,106.3128002,106.6610002,106.5454002,
2252.9,106.7641,106.9264,106.8508,,,2252.9,106.6792129,106.8415129,106.7659129,
2253.85,106.9456,107.1338,107.0384,,,2253.85,106.8607256,107.0489256,106.9535256,
2254.7501,107.1726,107.3874,107.2853,,,2254.7501,107.0877377,107.3025377,107.2004377,
2255.7,107.4344,107.5743,107.5325,,,2255.7,107.3495504,107.4894504,107.4476504,
2256.65,107.3676,107.5629,107.4693,,,2256.65,107.2827632,107.4780632,107.3844632,
2257.5499,107.1616,107.333,107.2522,,,2257.5499,107.0767752,107.2481752,107.1673752,
2258.45,107.0117,107.1468,107.0842,,,2258.45,106.9268873,107.0619873,106.9993873,
2259.4,106.8471,107.0063,106.9373,,,2259.4,106.7623,106.9215,106.8525,
2260.45,105.5539,106.1952,105.7903,,,2260.45,105.4691141,106.1104141,105.7055141,
2261.45,105.4561,105.4921,105.4706,,,2261.45,105.3713275,105.4073275,105.3858275,
2262.4,105.4295,105.4573,105.4464,,,2262.4,105.3447402,105.3725402,105.3616402,
2263.35,105.421,105.4508,105.4376,,,2263.35,105.3362529,105.3660529,105.3528529,
2264.2501,105.3988,105.4325,105.4169,,,2264.2501,105.314065,105.347765,105.332165,
2265.2,105.3721,105.4075,105.3902,,,2265.2,105.2873777,105.3227777,105.3054777,
2266.15,105.3465,105.3772,105.3611,,,2266.15,105.2617904,105.2924904,105.2763904,
2267.0499,105.3232,105.3505,105.336,,,2267.0499,105.2385025,105.2658025,105.2513025,
2267.95,105.3036,105.3269,105.3165,,,2267.95,105.2189146,105.2422146,105.2318146,
2268.9,105.2851,105.3068,105.2964,,,2268.9,105.2004273,105.2221273,105.2117273,
2269.85,105.2687,105.2884,105.279,,,2269.85,105.18404,105.20374,105.19434,
2270.7501,105.2536,105.2717,105.2634,,,2270.7501,105.1689521,105.1870521,105.1787521,
2271.65,105.2421,105.258,105.2506,,,2271.65,105.1574641,105.1733641,105.1659641,
2272.5499,105.2182,105.2399,105.2286,,,2272.5499,105.1335762,105.1552762,105.1439762,
2273.5001,105.2111,105.2292,105.2216,,,2273.5001,105.1264889,105.1445889,105.1369889,
2274.45,105.2065,105.2209,105.2147,,,2274.45,105.1219017,105.1363017,105.1301017,
2275.4,105.2033,105.2185,105.2127,,,2275.4,105.1187144,105.1339144,105.1281144,
2276.35,105.2084,105.2207,105.2156,,,2276.35,105.1238271,105.1361271,105.1310271,
2277.2501,105.197,105.2177,105.2103,,,2277.2501,105.1124392,105.1331392,105.1257392,
2278.2,105.1679,105.1992,105.1854,,,2278.2,105.0833519,105.1146519,105.1008519,
2279.15,105.1461,105.1677,105.1591,,,2279.15,105.0615646,105.0831646,105.0745646,
2280.0499,105.1319,105.1504,105.1433,,,2280.0499,105.0473767,105.0658767,105.0587767,
2281.0001,105.1169,105.1374,105.1297,,,2281.0001,105.0323894,105.0528894,105.0451894,
2281.95,105.1071,105.1264,105.1186,,,2281.95,105.0226022,105.0419022,105.0341022,
2282.85,105.0958,105.1162,105.1074,,,2282.85,105.0113142,105.0317142,105.0229142,
2283.7501,105.0827,105.1057,105.0964,,,2283.7501,104.9982263,105.0212263,105.0119263,
2284.65,105.0741,105.0962,105.0862,,,2284.65,104.9896383,105.0117383,105.0017383,
2285.5499,105.0646,105.088,105.0769,,,2285.5499,104.9801504,105.0035504,104.9924504,
2286.5001,105.0424,105.0735,105.0618,,,2286.5001,104.9579631,104.9890631,104.9773631,
2287.45,105.0272,105.0589,105.046,,,2287.45,104.9427759,104.9744759,104.9615759,
2288.35,105.0254,105.0528,105.0395,,,2288.35,104.9409879,104.9683879,104.9550879,
2289.2999,105.0235,105.053,105.0386,,,2289.2999,104.9391006,104.9686006,104.9542006,
2290.2501,105.0209,105.0516,105.0369,,,2290.2501,104.9365134,104.9672134,104.9525134,
2291.15,105.0265,105.0569,105.0424,,,2291.15,104.9421254,104.9725254,104.9580254,
2292.0499,105.0408,105.075,105.0584,,,2292.0499,104.9564375,104.9906375,104.9740375,
2292.95,105.0555,105.0835,105.0693,,,2292.95,104.9711496,104.9991496,104.9849496,
2293.9,105.0612,105.0828,105.0717,,,2293.9,104.9768623,104.9984623,104.9873623,
2294.85,105.0682,105.0896,105.0793,,,2294.85,104.983875,105.005275,104.994975,
2295.7501,105.0813,105.0984,105.0901,,,2295.7501,104.9969871,105.0140871,105.0057871,
2296.65,105.0849,105.0977,105.0915,,,2296.65,105.0005991,105.0133991,105.0071991,
2297.6,105.0872,105.1044,105.0967,,,2297.6,105.0029119,105.0201119,105.0124119,
2298.5499,105.0985,105.1148,105.1078,,,2298.5499,105.0142246,105.0305246,105.0235246,
2299.45,105.1026,105.1177,105.1109,,,2299.45,105.0183367,105.0334367,105.0266367,
2300.35,105.1001,105.123,105.1124,,,2300.35,105.0158487,105.0387487,105.0281487,
2301.2999,105.1045,105.1325,105.1183,,,2301.2999,105.0202614,105.0482614,105.0340614,
2302.2501,105.1087,105.1376,105.1239,,,2302.2501,105.0244742,105.0533742,105.0396742,
2303.15,105.1089,105.1375,105.1243,,,2303.15,105.0246862,105.0532862,105.0400862,
2304.0499,105.1104,105.1388,105.1261,,,2304.0499,105.0261983,105.0545983,105.0418983,
2305.0001,105.114,105.1416,105.129,,,2305.0001,105.029811,105.057411,105.044811,
2305.95,105.1186,105.1447,105.1326,,,2305.95,105.0344238,105.0605238,105.0484238,
2306.85,105.1215,105.1493,105.1375,,,2306.85,105.0373358,105.0651358,105.0533358,
2307.7501,105.1296,105.1581,105.1461,,,2307.7501,105.0454479,105.0739479,105.0619479,
2308.7,105.1453,105.1754,105.1629,,,2308.7,105.0611606,105.0912606,105.0787606,
2309.65,105.1626,105.1891,105.1784,,,2309.65,105.0784733,105.1049733,105.0942733,
2310.6,105.1588,105.1848,105.1746,,,2310.6,105.0746861,105.1006861,105.0904861,
2311.5499,105.154,105.1786,105.1692,,,2311.5499,105.0698988,105.0944988,105.0850988,
2312.45,105.1512,105.1754,105.1661,,,2312.45,105.0671109,105.0913109,105.0820109,
2313.35,105.1485,105.1733,105.1641,,,2313.35,105.0644229,105.0892229,105.0800229,
2314.2999,105.1474,105.1722,105.1631,,,2314.2999,105.0633356,105.0881356,105.0790356,
2315.2501,105.1482,105.1725,105.1636,,,2315.2501,105.0641484,105.0884484,105.0795484,
2316.15,105.1488,105.1746,105.1653,,,2316.15,105.0647604,105.0905604,105.0812604,
2317.1,105.1517,105.1766,105.1675,,,2317.1,105.0676732,105.0925732,105.0834732,
2318.0499,105.154,105.1792,105.17,,,2318.0499,105.0699859,105.0951859,105.0859859,
2318.95,105.1568,105.1819,105.1727,,,2318.95,105.072798,105.097898,105.088698,
2319.85,105.16,105.1853,105.1761,,,2319.85,105.07601,105.10131,105.09211,
2320.7999,105.1636,105.1894,105.1806,,,2320.7999,105.0796227,105.1054227,105.0966227,
2321.7501,105.169,105.1953,105.1862,,,2321.7501,105.0850355,105.1113355,105.1022355,
2322.65,105.1769,105.2014,105.1926,,,2322.65,105.0929475,105.1174475,105.1086475,
2323.5499,105.1829,105.2089,105.1999,,,2323.5499,105.0989596,105.1249596,105.1159596,
2324.5001,105.1898,105.2159,105.2074,,,2324.5001,105.1058723,105.1319723,105.1234723,
2325.45,105.1988,105.2234,105.2147,,,2325.45,105.1148851,105.1394851,105.1307851,
2326.35,105.2028,105.2282,105.2196,,,2326.35,105.1188971,105.1442971,105.1356971,
2327.2999,105.1833,105.2144,105.2033,,,2327.2999,105.0994098,105.1305098,105.1194098,
2328.2501,105.1589,105.1906,105.1797,,,2328.2501,105.0750226,105.1067226,105.0958226,
2329.15,105.1549,105.184,105.1726,,,2329.15,105.0710346,105.1001346,105.0887346,
2330.1,105.1316,105.1642,105.1503,,,2330.1,105.0477474,105.0803474,105.0664474,
2331.0499,105.0862,105.1277,105.111,,,2331.0499,105.0023601,105.0438601,105.0271601,
2332.0001,105.0347,105.0832,105.057,,,2332.0001,104.9508728,104.9993728,104.9731728,
2332.95,104.9225,104.997,104.9591,,,2332.95,104.8386855,104.9131855,104.8752855,
2333.9,104.6906,104.8427,104.7688,,,2333.9,104.6067983,104.7588983,104.6849983,
2334.85,104.3726,104.5735,104.4777,,,2334.85,104.288811,104.489711,104.393911,
2335.7999,104.0633,104.2543,104.1588,,,2335.7999,103.9795237,104.1705237,104.0750237,
2336.7501,103.8145,103.9374,103.8593,,,2336.7501,103.7307365,103.8536365,103.7755365,
2337.7,103.7837,103.8181,103.802,,,2337.7,103.6999492,103.7343492,103.7182492,
2338.65,103.7829,103.8211,103.8027,,,2338.65,103.6991619,103.7373619,103.7189619,
2339.6,103.8023,103.8337,103.8176,,,2339.6,103.7185747,103.7499747,103.7338747,
2340.5499,103.7978,103.8262,103.8119,,,2340.5499,103.7140874,103.7424874,103.7281874,
2341.5001,103.8003,103.8325,103.8157,,,2341.5001,103.7166001,103.7488001,103.7320001,
2342.45,103.7983,103.8286,103.8139,,,2342.45,103.7146128,103.7449128,103.7302128,
2343.4,103.8062,103.8368,103.8215,,,2343.4,103.7225256,103.7531256,103.7378256,
2344.4,103.8073,103.8389,103.8221,,,2344.4,103.723639,103.755239,103.738439,
2345.35,103.8157,103.8502,103.8323,,,2345.35,103.7320517,103.7665517,103.7486517,
2346.2999,103.8216,103.8522,103.8361,,,2346.2999,103.7379644,103.7685644,103.7524644,
2347.2501,103.8259,103.8648,103.8459,,,2347.2501,103.7422772,103.7811772,103.7622772,
2348.2,103.8417,103.8698,103.8563,,,2348.2,103.7580899,103.7861899,103.7726899,
2349.2,103.8395,103.873,103.8582,,,2349.2,103.7559033,103.7894033,103.7746033,
2350.15,103.8555,103.8865,103.8699,,,2350.15,103.771916,103.802916,103.786316,
2351.1,103.871,103.8958,103.8814,,,2351.1,103.7874288,103.8122288,103.7978288,
2352.1,103.8647,103.8888,103.8763,,,2352.1,103.7811422,103.8052422,103.7927422,
2353.0499,103.8568,103.8889,103.8717,,,2353.0499,103.7732549,103.8053549,103.7881549,
2354.0001,103.8706,103.9093,103.8905,,,2354.0001,103.7870676,103.8257676,103.8069676,
2355.0001,103.8873,103.9243,103.9077,,,2355.0001,103.803781,103.840781,103.824181,
2355.95,103.9039,103.9337,103.9176,,,2355.95,103.8203937,103.8501937,103.8340937,
2356.85,103.9127,103.951,103.9341,,,2356.85,103.8292058,103.8675058,103.8506058,
2357.7999,103.9198,103.9483,103.9355,,,2357.7999,103.8363185,103.8648185,103.8520185,
2358.7999,103.916,103.9525,103.9356,,,2358.7999,103.8325319,103.8690319,103.8521319,
2359.7501,103.9285,103.966,103.95,,,2359.7501,103.8450447,103.8825447,103.8665447,
2360.7,103.9328,103.9702,103.9543,,,2360.7,103.8493574,103.8867574,103.8708574,
2361.65,103.9348,103.9742,103.9581,,,2361.65,103.8513701,103.8907701,103.8746701,
2362.5499,103.9377,103.9782,103.9614,,,2362.5499,103.8542822,103.8947822,103.8779822,
2363.5001,103.9393,103.9814,103.9643,,,2363.5001,103.8558949,103.8979949,103.8808949,
2364.45,103.9405,103.9848,103.967,,,2364.45,103.8571076,103.9014076,103.8836076,
2365.35,103.9429,103.9879,103.9696,,,2365.35,103.8595197,103.9045197,103.8862197,
2366.2999,103.9373,103.9778,103.9613,,,2366.2999,103.8539324,103.8944324,103.8779324,
2367.2999,103.9301,103.9777,103.9597,,,2367.2999,103.8467458,103.8943458,103.8763458,
2368.2501,103.935,103.9927,103.9716,,,2368.2501,103.8516586,103.9093586,103.8882586,
2369.15,103.9464,103.9936,103.9747,,,2369.15,103.8630706,103.9102706,103.8913706,
2370.1,103.9456,103.9931,103.9737,,,2370.1,103.8622833,103.9097833,103.8903833,
2371.0499,103.9404,103.9928,103.9699,,,2371.0499,103.8570961,103.9094961,103.8865961,
2372.0001,103.9412,103.9962,103.9733,,,2372.0001,103.8579088,103.9129088,103.8900088,
2372.95,103.9466,103.999,103.9757,,,2372.95,103.8633215,103.9157215,103.8924215,
2373.85,103.946,104.0003,103.975,,,2373.85,103.8627336,103.9170336,103.8917336,
2374.7999,103.9439,104.0026,103.9728,,,2374.7999,103.8606463,103.9193463,103.8895463,
2375.7501,103.9442,104.0037,103.9744,,,2375.7501,103.8609591,103.9204591,103.8911591,
2376.65,103.9454,104.0038,103.9742,,,2376.65,103.8621711,103.9205711,103.8909711,
2377.5499,103.9459,104.0049,103.9738,,,2377.5499,103.8626832,103.9216832,103.8905832,
2378.5001,103.945,104.0055,103.9734,,,2378.5001,103.8617959,103.9222959,103.8901959,
2379.45,103.9436,104.0064,103.9727,,,2379.45,103.8604086,103.9232086,103.8895086,
2380.35,103.9437,104.0073,103.9722,,,2380.35,103.8605207,103.9241207,103.8890207,
2381.2501,103.9427,104.0073,103.9716,,,2381.2501,103.8595328,103.9241328,103.8884328,
2382.2,103.942,104.0086,103.9711,,,2382.2,103.8588455,103.9254455,103.8879455,
2383.15,103.9415,104.0096,103.9705,,,2383.15,103.8583582,103.9264582,103.8873582,
2384.0499,103.9404,104.0089,103.9698,,,2384.0499,103.8572703,103.9257703,103.8866703,
2384.95,103.9393,104.0101,103.9692,,,2384.95,103.8561823,103.9269823,103.8860823,
2385.9,103.9395,104.0112,103.9686,,,2385.9,103.8563951,103.9280951,103.8854951,
2386.85,103.9384,104.0108,103.9679,,,2386.85,103.8553078,103.9277078,103.8848078,
2387.7501,103.9365,104.0112,103.9673,,,2387.7501,103.8534199,103.9281199,103.8842199,
2388.65,103.9362,104.012,103.9667,,,2388.65,103.8531319,103.9289319,103.8836319,
2389.6,103.9356,104.0128,103.9663,,,2389.6,103.8525446,103.9297446,103.8832446,
2390.5499,103.9342,104.0131,103.9659,,,2390.5499,103.8511574,103.9300574,103.8828574,
2391.45,103.9344,104.0136,103.9656,,,2391.45,103.8513694,103.9305694,103.8825694,
2392.4,103.9333,104.0144,103.9651,,,2392.4,103.8502822,103.9313822,103.8820822,
2393.35,103.9325,104.014,103.9646,,,2393.35,103.8494949,103.9309949,103.8815949,
2394.2501,103.9313,104.0144,103.9642,,,2394.2501,103.848307,103.931407,103.881207,
2395.15,103.9302,104.0159,103.9641,,,2395.15,103.847219,103.932919,103.881119,
2396.0499,103.9298,104.0159,103.9639,,,2396.0499,103.8468311,103.9329311,103.8809311,
2397.0001,103.9286,104.0156,103.9636,,,2397.0001,103.8456438,103.9326438,103.8806438,
2397.95,103.9279,104.016,103.9634,,,2397.95,103.8449565,103.9330565,103.8804565,
2398.85,103.9262,104.0171,103.9631,,,2398.85,103.8432686,103.9341686,103.8801686,
2399.7501,103.9255,104.0182,103.9628,,,2399.7501,103.8425806,103.9352806,103.8798806,
2400.65,103.922,104.0188,103.9629,,,2400.65,103.8390927,103.9358927,103.8799927,
2401.5499,103.9255,104.0188,103.9631,,,2401.5499,103.8426048,103.9359048,103.8802048,
2402.45,103.9249,104.0199,103.9632,,,2402.45,103.8420168,103.9370168,103.8803168,
2403.4,103.9251,104.022,103.9633,,,2403.4,103.8422296,103.9391296,103.8804296,
2404.35,103.925,104.0204,103.9633,,,2404.35,103.8421423,103.9375423,103.8804423,
2405.2501,103.9242,104.0216,103.9633,,,2405.2501,103.8413543,103.9387543,103.8804543,
2406.15,103.9231,104.0226,103.9633,,,2406.15,103.8402664,103.9397664,103.8804664,
2407.0499,103.9231,104.023,103.9634,,,2407.0499,103.8402785,103.9401785,103.8805785,
2408.0001,103.9223,104.0239,103.9635,,,2408.0001,103.8394912,103.9410912,103.8806912,
2408.95,103.9212,104.0246,103.9634,,,2408.95,103.8384039,103.9418039,103.8806039,
2409.85,103.9216,104.0248,103.9635,,,2409.85,103.838816,103.942016,103.880716,
2410.7501,103.9211,104.0265,103.9638,,,2410.7501,103.838328,103.943728,103.881028,
2411.65,103.9203,104.0271,103.964,,,2411.65,103.8375401,103.9443401,103.8812401,
2412.5499,103.9207,104.027,103.9642,,,2412.5499,103.8379522,103.9442522,103.8814522,
2413.45,103.9203,104.0278,103.9647,,,2413.45,103.8375642,103.9450642,103.8819642,
2414.35,103.9204,104.0294,103.9649,,,2414.35,103.8376763,103.9466763,103.8821763,
2415.2999,103.9198,104.0289,103.9651,,,2415.2999,103.837089,103.946189,103.882389,
2416.2501,103.9192,104.0293,103.9653,,,2416.2501,103.8365017,103.9466017,103.8826017,
2417.15,103.9192,104.031,103.9656,,,2417.15,103.8365138,103.9483138,103.8829138,
2418.0499,103.9183,104.0307,103.9657,,,2418.0499,103.8356259,103.9480259,103.8830259,
2418.95,103.9179,104.032,103.9658,,,2418.95,103.8352379,103.9493379,103.8831379,
2419.85,103.918,104.0317,103.966,,,2419.85,103.83535,103.94905,103.88335,
2420.7501,103.9183,104.032,103.9663,,,2420.7501,103.835662,103.949362,103.883662,
2421.65,103.9173,104.0341,103.9664,,,2421.65,103.8346741,103.9514741,103.8837741,
2422.5499,103.918,104.0333,103.9668,,,2422.5499,103.8353862,103.9506862,103.8841862,
2423.45,103.9179,104.0349,103.9673,,,2423.45,103.8352982,103.9522982,103.8846982,
2424.35,103.9177,104.0357,103.9675,,,2424.35,103.8351103,103.9531103,103.8849103,
2425.2501,103.9179,104.0357,103.9678,,,2425.2501,103.8353223,103.9531223,103.8852223,
2426.15,103.9184,104.0367,103.9684,,,2426.15,103.8358344,103.9541344,103.8858344,
2427.0499,103.9179,104.0375,103.9686,,,2427.0499,103.8353465,103.9549465,103.8860465,
2427.95,103.918,104.0397,103.969,,,2427.95,103.8354585,103.9571585,103.8864585,
2428.85,103.9187,104.0381,103.9694,,,2428.85,103.8361706,103.9555706,103.8868706,
2429.7501,103.9189,104.0392,103.9696,,,2429.7501,103.8363826,103.9566826,103.8870826,
2430.7,103.9189,104.0395,103.9701,,,2430.7,103.8363954,103.9569954,103.8875954,
2431.6002,103.9187,104.0417,103.9706,,,2431.6002,103.8362074,103.9592074,103.8881074,
2432.45,103.9192,104.0403,103.971,,,2432.45,103.8367188,103.9578188,103.8885188,
2433.4,103.9193,104.0424,103.9714,,,2433.4,103.8368315,103.9599315,103.8889315,
2434.35,103.9202,104.0407,103.9718,,,2434.35,103.8377443,103.9582443,103.8893443,
2435.2501,103.9202,104.0428,103.9723,,,2435.2501,103.8377563,103.9603563,103.8898563,
2436.15,103.92,104.0423,103.9727,,,2436.15,103.8375684,103.9598684,103.8902684,
2437.0499,103.9207,104.0446,103.9734,,,2437.0499,103.8382805,103.9621805,103.8909805,
2437.95,103.9219,104.0431,103.974,,,2437.95,103.8394925,103.9606925,103.8915925,
2438.85,103.9223,104.0467,103.9743,,,2438.85,103.8399046,103.9643046,103.8919046,
2439.7501,103.922,104.0442,103.9748,,,2439.7501,103.8396166,103.9618166,103.8924166,
2440.65,103.9231,104.0458,103.9752,,,2440.65,103.8407287,103.9634287,103.8928287,
2441.5499,103.9235,104.0454,103.9757,,,2441.5499,103.8411408,103.9630408,103.8933408,
2442.45,103.925,104.0458,103.9764,,,2442.45,103.8426528,103.9634528,103.8940528,
2443.35,103.9251,104.0466,103.977,,,2443.35,103.8427649,103.9642649,103.8946649,
2444.2501,103.9262,104.0466,103.9775,,,2444.2501,103.8438769,103.9642769,103.8951769,
2445.15,103.9261,104.0464,103.9779,,,2445.15,103.843789,103.964089,103.895589,
2446.0499,103.9262,104.0475,103.9784,,,2446.0499,103.8439011,103.9652011,103.8961011,
2446.95,103.9271,104.049,103.9788,,,2446.95,103.8448131,103.9667131,103.8965131,
2447.85,103.9279,104.0476,103.9797,,,2447.85,103.8456252,103.9653252,103.8974252,
2448.7501,103.9287,104.0488,103.9802,,,2448.7501,103.8464372,103.9665372,103.8979372,
2449.7,103.9287,104.0487,103.9808,,,2449.7,103.84645,103.96645,103.89855,
2450.6002,103.9294,104.0482,103.9813,,,2450.6002,103.847162,103.965962,103.899062,
2451.5001,103.9301,104.0495,103.9819,,,2451.5001,103.8478741,103.9672741,103.8996741,
2452.45,103.9311,104.0497,103.9825,,,2452.45,103.8488868,103.9674868,103.9002868,
2453.35,103.9311,104.0503,103.9831,,,2453.35,103.8488989,103.9680989,103.9008989,
2454.2501,103.9326,104.0519,103.9837,,,2454.2501,103.8504109,103.9697109,103.9015109,
2455.15,103.9328,104.0521,103.9847,,,2455.15,103.850623,103.969923,103.902523,
2456.0499,103.9334,104.0518,103.9853,,,2456.0499,103.851235,103.969635,103.903135,
2456.95,103.9336,104.0518,103.986,,,2456.95,103.8514471,103.9696471,103.9038471,
2457.85,103.9342,104.0521,103.9867,,,2457.85,103.8520592,103.9699592,103.9045592,
2458.7501,103.9341,104.0529,103.9873,,,2458.7501,103.8519712,103.9707712,103.9051712,
2459.65,103.9361,104.0529,103.9878,,,2459.65,103.8539833,103.9707833,103.9056833,
2460.6,103.9366,104.0537,103.9886,,,2460.6,103.854496,103.971596,103.906496,
2461.5001,103.938,104.0541,103.9894,,,2461.5001,103.8559081,103.9720081,103.9073081,
2462.4,103.9381,104.0541,103.9902,,,2462.4,103.8560201,103.9720201,103.9081201,
2463.35,103.9395,104.0546,103.9911,,,2463.35,103.8574329,103.9725329,103.9090329,
2464.2501,103.9403,104.0551,103.992,,,2464.2501,103.8582449,103.9730449,103.9099449,
2465.15,103.9416,104.055,103.9926,,,2465.15,103.859557,103.972957,103.910557,
2466.0499,103.9421,104.055,103.9932,,,2466.0499,103.860069,103.972969,103.911169,
2466.95,103.9433,104.0562,103.9938,,,2466.95,103.8612811,103.9741811,103.9117811,
2467.85,103.9427,104.0568,103.9939,,,2467.85,103.8606932,103.9747932,103.9118932,
2468.6998,103.9427,104.0561,103.9938,,,2468.6998,103.8607046,103.9741046,103.9118046,
2469.1998,103.9487,104.059,103.9973,,,2469.1998,103.8667113,103.9770113,103.9153113,
2469.2999,103.9487,104.059,103.9981,,,2469.2999,103.8667126,103.9770126,103.9161126,
2469.4498,103.9475,104.058,103.9973,,,2469.4498,103.8655146,103.9760146,103.9153146,
2470.0001,103.9479,104.0586,103.9977,,,2470.0001,103.865922,103.976622,103.915722,
2470.9,103.9494,104.0589,103.9984,,,2470.9,103.867434,103.976934,103.916434,
2471.85,103.9502,104.0598,103.9993,,,2471.85,103.8682468,103.9778468,103.9173468,
2472.7501,103.9513,104.0592,104.0002,,,2472.7501,103.8693588,103.9772588,103.9182588,
2473.65,103.9529,104.0596,104.0011,,,2473.65,103.8709709,103.9776709,103.9191709,
2474.5499,103.9546,104.0606,104.0021,,,2474.5499,103.8726829,103.9786829,103.9201829,
2475.45,103.9555,104.0608,104.0032,,,2475.45,103.873595,103.978895,103.921295,
2476.35,103.957,104.0608,104.0043,,,2476.35,103.8751071,103.9789071,103.9224071,
2477.2501,103.9582,104.061,104.0052,,,2477.2501,103.8763191,103.9791191,103.9233191,
2478.15,103.9596,104.0616,104.0062,,,2478.15,103.8777312,103.9797312,103.9243312,
2479.1,103.9609,104.0622,104.0072,,,2479.1,103.8790439,103.9803439,103.9253439,
2480.0499,103.9631,104.0631,104.0084,,,2480.0499,103.8812566,103.9812566,103.9265566,
2480.95,103.9644,104.0628,104.0095,,,2480.95,103.8825687,103.9809687,103.9276687,
2481.85,103.9667,104.0631,104.0107,,,2481.85,103.8848808,103.9812808,103.9288808,
2482.7501,103.9675,104.0637,104.012,,,2482.7501,103.8856928,103.9818928,103.9301928,
2483.65,103.9694,104.0644,104.013,,,2483.65,103.8876049,103.9826049,103.9312049,
2484.5499,103.9703,104.0649,104.0142,,,2484.5499,103.8885169,103.9831169,103.9324169,
2485.45,103.972,104.0649,104.0153,,,2485.45,103.890229,103.983129,103.933529,
2486.35,103.9738,104.0652,104.0165,,,2486.35,103.8920411,103.9834411,103.9347411,
2487.2501,103.9758,104.0668,104.018,,,2487.2501,103.8940531,103.9850531,103.9362531,
2488.2,103.9767,104.0675,104.0193,,,2488.2,103.8949659,103.9857659,103.9375659,
2489.1002,103.9794,104.0675,104.0204,,,2489.1002,103.8976779,103.9857779,103.9386779,
2490.0001,103.9808,104.0673,104.0218,,,2490.0001,103.89909,103.98559,103.94009,
2490.95,103.9824,104.0679,104.0232,,,2490.95,103.9007027,103.9862027,103.9415027,
2491.85,103.9838,104.0686,104.0246,,,2491.85,103.9021148,103.9869148,103.9429148,
2492.7501,103.986,104.0691,104.0255,,,2492.7501,103.9043268,103.9874268,103.9438268,
2493.65,103.9877,104.0694,104.027,,,2493.65,103.9060389,103.9877389,103.9453389,
2494.5499,103.9897,104.0699,104.0285,,,2494.5499,103.9080509,103.9882509,103.9468509,
2495.45,103.9912,104.0707,104.0298,,,2495.45,103.909563,103.989063,103.948163,
2496.35,103.9936,104.0707,104.0311,,,2496.35,103.9119751,103.9890751,103.9494751,
2497.2501,103.9951,104.0711,104.0324,,,2497.2501,103.9134871,103.9894871,103.9507871,
2498.15,103.9964,104.0726,104.0338,,,2498.15,103.9147992,103.9909992,103.9521992,
2499.0499,103.9992,104.073,104.0352,,,2499.0499,103.9176112,103.9914112,103.9536112,
2499.95,104.0007,104.0727,104.0367,,,2499.95,103.9191233,103.9911233,103.9551233,
2500.9,104.0026,104.0727,104.038,,,2500.9,103.921036,103.991136,103.956436,
2501.85,104.0053,104.0732,104.0397,,,2501.85,103.9237488,103.9916488,103.9581488,
2502.7501,104.0066,104.0741,104.0412,,,2502.7501,103.9250608,103.9925608,103.9596608,
2503.65,104.0086,104.0744,104.0425,,,2503.65,103.9270729,103.9928729,103.9609729,
2504.5499,104.0101,104.0741,104.0433,,,2504.5499,103.9285849,103.9925849,103.9617849,
2505.45,104.0128,104.0751,104.0447,,,2505.45,103.931297,103.993597,103.963197,
2506.35,104.0144,104.0755,104.0461,,,2506.35,103.9329091,103.9940091,103.9646091,
2507.2501,104.0157,104.0767,104.0474,,,2507.2501,103.9342211,103.9952211,103.9659211,
2508.15,104.0177,104.0765,104.0487,,,2508.15,103.9362332,103.9950332,103.9672332,
2509.0499,104.019,104.0769,104.05,,,2509.0499,103.9375452,103.9954452,103.9685452,
2509.95,104.0208,104.0783,104.0513,,,2509.95,103.9393573,103.9968573,103.9698573,
2510.85,104.0228,104.0778,104.0526,,,2510.85,103.9413694,103.9963694,103.9711694,
2511.7999,104.0247,104.0783,104.054,,,2511.7999,103.9432821,103.9968821,103.9725821,
2512.7501,104.0259,104.0786,104.0552,,,2512.7501,103.9444948,103.9971948,103.9737948,
2513.65,104.0277,104.0793,104.0565,,,2513.65,103.9463069,103.9979069,103.9751069,
2514.5499,104.0301,104.0797,104.058,,,2514.5499,103.9487189,103.9983189,103.9766189,
2515.45,104.0316,104.0802,104.0593,,,2515.45,103.950231,103.998831,103.977931,
2516.35,104.0333,104.0806,104.0605,,,2516.35,103.9519431,103.9992431,103.9791431,
2517.2501,104.0346,104.0807,104.0614,,,2517.2501,103.9532551,103.9993551,103.9800551,
2518.15,104.0364,104.0813,104.0629,,,2518.15,103.9550672,103.9999672,103.9815672,
2519.0499,104.0381,104.0821,104.064,,,2519.0499,103.9567792,104.0007792,103.9826792,
2520.0001,104.0391,104.0822,104.0651,,,2520.0001,103.957792,104.000892,103.983792,
2520.95,104.0399,104.0825,104.066,,,2520.95,103.9586047,104.0012047,103.9847047,
2521.85,104.0423,104.0832,104.067,,,2521.85,103.9610168,104.0019168,103.9857168,
2522.7501,104.0436,104.0837,104.068,,,2522.7501,103.9623288,104.0024288,103.9867288,
2523.65,104.045,104.0846,104.069,,,2523.65,103.9637409,104.0033409,103.9877409,
2524.5499,104.0464,104.0852,104.07,,,2524.5499,103.9651529,104.0039529,103.9887529,
2525.45,104.0474,104.0856,104.071,,,2525.45,103.966165,104.004365,103.989765,
2526.35,104.0487,104.086,104.0715,,,2526.35,103.967477,104.004777,103.990277,
2527.2501,104.0499,104.0871,104.0726,,,2527.2501,103.9686891,104.0058891,103.9913891,
2528.15,104.0515,104.0876,104.0735,,,2528.15,103.9703012,104.0064012,103.9923012,
2529.0499,104.0523,104.0879,104.0742,,,2529.0499,103.9711132,104.0067132,103.9930132,
2530.0001,104.0541,104.088,104.0749,,,2530.0001,103.972926,104.006826,103.993726,
2530.95,104.0545,104.0885,104.0757,,,2530.95,103.9733387,104.0073387,103.9945387,
2531.85,104.0566,104.0889,104.0762,,,2531.85,103.9754507,104.0077507,103.9950507,
2532.7501,104.0572,104.0887,104.0769,,,2532.7501,103.9760628,104.0075628,103.9957628,
2533.65,104.0584,104.0889,104.0775,,,2533.65,103.9772749,104.0077749,103.9963749,
2534.5499,104.0593,104.0888,104.0779,,,2534.5499,103.9781869,104.0076869,103.9967869,
2535.45,104.0612,104.0889,104.0785,,,2535.45,103.980099,104.007799,103.997399,
2536.35,104.0629,104.0892,104.0791,,,2536.35,103.981811,104.008111,103.998011,
2537.2501,104.064,104.0896,104.0797,,,2537.2501,103.9829231,104.0085231,103.9986231,
2538.15,104.0655,104.0896,104.0801,,,2538.15,103.9844352,104.0085352,103.9990352,
2539.1,104.0657,104.0887,104.08,,,2539.1,103.9846479,104.0076479,103.9989479,
2540.0499,104.0672,104.0895,104.0804,,,2540.0499,103.9861606,104.0084606,103.9993606,
2540.95,104.0682,104.0892,104.0806,,,2540.95,103.9871727,104.0081727,103.9995727,
2541.85,104.0692,104.0896,104.0807,,,2541.85,103.9881847,104.0085847,103.9996847,
2542.7501,104.071,104.09,104.0812,,,2542.7501,103.9899968,104.0089968,104.0001968,
2543.65,104.0711,104.0909,104.0815,,,2543.65,103.9901089,104.0099089,104.0005089,
2544.5499,104.0726,104.0912,104.0817,,,2544.5499,103.9916209,104.0102209,104.0007209,
2545.45,104.0722,104.092,104.082,,,2545.45,103.991233,104.011033,104.001033,
2546.35,104.0738,104.092,104.0822,,,2546.35,103.992845,104.011045,104.001245,
2547.2501,104.075,104.0927,104.0825,,,2547.2501,103.9940571,104.0117571,104.0015571,
2548.15,104.0747,104.0943,104.0826,,,2548.15,103.9937692,104.0133692,104.0016692,
2549.0499,104.0742,104.0946,104.0827,,,2549.0499,103.9932812,104.0136812,104.0017812,
2549.95,104.0741,104.0963,104.083,,,2549.95,103.9931933,104.0153933,104.0020933,
2550.9,104.0735,104.0966,104.0829,,,2550.9,103.992606,104.015706,104.002006,
2551.85,104.0726,104.0983,104.0833,,,2551.85,103.9917187,104.0174187,104.0024187,
2552.7501,104.0726,104.0982,104.0835,,,2552.7501,103.9917308,104.0173308,104.0026308,
2553.65,104.0722,104.0993,104.0836,,,2553.65,103.9913429,104.0184429,104.0027429,
2554.5499,104.0722,104.1011,104.0838,,,2554.5499,103.9913549,104.0202549,104.0029549,
2555.45,104.0724,104.1011,104.084,,,2555.45,103.991567,104.020267,104.003167,
2556.35,104.0714,104.1015,104.0844,,,2556.35,103.990579,104.020679,104.003579,
2557.2501,104.0712,104.1023,104.0843,,,2557.2501,103.9903911,104.0214911,104.0034911,
2558.15,104.0706,104.1047,104.0844,,,2558.15,103.9898032,104.0239032,104.0036032,
2559.0499,104.0707,104.1051,104.0844,,,2559.0499,103.9899152,104.0243152,104.0036152,
2559.95,104.0698,104.1065,104.0847,,,2559.95,103.9890273,104.0257273,104.0039273,
2560.85,104.07,104.1077,104.0848,,,2560.85,103.9892393,104.0269393,104.0040393,
2561.7999,104.0699,104.1072,104.0849,,,2561.7999,103.9891521,104.0264521,104.0041521,
2562.7501,104.069,104.1088,104.0851,,,2562.7501,103.9882648,104.0280648,104.0043648,
2563.65,104.0683,104.1092,104.0853,,,2563.65,103.9875769,104.0284769,104.0045769,
2564.5499,104.068,104.1108,104.0853,,,2564.5499,103.9872889,104.0300889,104.0045889,
2565.45,104.0677,104.1117,104.0851,,,2565.45,103.987001,104.031001,104.004401,
2566.35,104.0668,104.1125,104.0854,,,2566.35,103.986113,104.031813,104.004713,
2567.2501,104.0667,104.1143,104.0855,,,2567.2501,103.9860251,104.0336251,104.0048251,
2568.15,104.0664,104.1148,104.0855,,,2568.15,103.9857372,104.0341372,104.0048372,
2569.0499,104.0652,104.1155,104.0854,,,2569.0499,103.9845492,104.0348492,104.0047492,
2569.95,104.0648,104.1165,104.0855,,,2569.95,103.9841613,104.0358613,104.0048613,
2570.85,104.0644,104.1172,104.0853,,,2570.85,103.9837733,104.0365733,104.0046733,
2571.7501,104.0643,104.1183,104.0854,,,2571.7501,103.9836854,104.0376854,104.0047854,
2572.65,104.064,104.1194,104.0855,,,2572.65,103.9833975,104.0387975,104.0048975,
2573.5499,104.064,104.12,104.0857,,,2573.5499,103.9834095,104.0394095,104.0051095,
2574.5001,104.0636,104.1214,104.0858,,,2574.5001,103.9830222,104.0408222,104.0052222,
2575.45,104.0632,104.122,104.0858,,,2575.45,103.982635,104.041435,104.005235,
2576.35,104.0622,104.123,104.0858,,,2576.35,103.981647,104.042447,104.005247,
2577.2501,104.0628,104.1241,104.0859,,,2577.2501,103.9822591,104.0435591,104.0053591,
2578.15,104.0627,104.125,104.0862,,,2578.15,103.9821712,104.0444712,104.0056712,
2579.0499,104.0617,104.1267,104.0861,,,2579.0499,103.9811832,104.0461832,104.0055832,
2579.95,104.0608,104.1277,104.0861,,,2579.95,103.9802953,104.0471953,104.0055953,
2580.9,104.061,104.1275,104.0862,,,2580.9,103.980508,104.047008,104.005708,
2581.85,104.0604,104.1289,104.0867,,,2581.85,103.9799207,104.0484207,104.0062207,
2582.7501,104.0604,104.1291,104.0873,,,2582.7501,103.9799328,104.0486328,104.0068328,
2583.65,104.0597,104.1306,104.0866,,,2583.65,103.9792449,104.0501449,104.0061449,
2584.5499,104.0586,104.131,104.0861,,,2584.5499,103.9781569,104.0505569,104.0056569,
2585.45,104.0582,104.1329,104.0861,,,2585.45,103.977769,104.052469,104.005669,
2586.35,104.0578,104.132,104.086,,,2586.35,103.977381,104.051581,104.005581,
2587.2501,104.0561,104.1334,104.0861,,,2587.2501,103.9756931,104.0529931,104.0056931,
2588.2,104.0558,104.134,104.0862,,,2588.2,103.9754058,104.0536058,104.0058058,
2589.15,104.0543,104.1352,104.0866,,,2589.15,103.9739186,104.0548186,104.0062186,
2590.0499,104.0543,104.1371,104.0865,,,2590.0499,103.9739306,104.0567306,104.0061306,
2590.95,104.0545,104.1362,104.086,,,2590.95,103.9741427,104.0558427,104.0056427,
2591.85,104.0535,104.138,104.0857,,,2591.85,103.9731547,104.0576547,104.0053547,
2592.7501,104.0533,104.1377,104.0855,,,2592.7501,103.9729668,104.0573668,104.0051668,
2593.65,104.0526,104.1377,104.0854,,,2593.65,103.9722788,104.0573788,104.0050788,
2594.6,104.0529,104.1395,104.0852,,,2594.6,103.9725916,104.0591916,104.0048916,
2595.5499,104.0519,104.1397,104.085,,,2595.5499,103.9716043,104.0594043,104.0047043,
2596.45,104.0521,104.1403,104.0851,,,2596.45,103.9718164,104.0600164,104.0048164,
2597.35,104.0505,104.1407,104.085,,,2597.35,103.9702284,104.0604284,104.0047284,
2598.2501,104.0499,104.1417,104.0848,,,2598.2501,103.9696405,104.0614405,104.0045405,
2599.15,104.0486,104.1424,104.0845,,,2599.15,103.9683525,104.0621525,104.0042525,
2600.0499,104.0468,104.1411,104.0842,,,2600.0499,103.9665646,104.0608646,104.0039646,
2601.0001,104.0482,104.1417,104.0839,,,2601.0001,103.9679773,104.0614773,104.0036773,
2601.95,104.0476,104.1425,104.0837,,,2601.95,103.9673901,104.0622901,104.0034901,
2602.85,104.0478,104.1432,104.0835,,,2602.85,103.9676021,104.0630021,104.0033021,
2603.7501,104.0467,104.1436,104.0834,,,2603.7501,103.9665142,104.0634142,104.0032142,
2604.65,104.0462,104.1436,104.0831,,,2604.65,103.9660262,104.0634262,104.0029262,
2605.5499,104.0464,104.1438,104.0829,,,2605.5499,103.9662383,104.0636383,104.0027383,
2606.5001,104.046,104.1456,104.0826,,,2606.5001,103.965851,104.065451,104.002451,
2607.45,104.0468,104.1454,104.0826,,,2607.45,103.9666638,104.0652638,104.0024638,
2608.35,104.0456,104.1446,104.0828,,,2608.35,103.9654758,104.0644758,104.0026758,
2609.2501,104.0456,104.1451,104.0827,,,2609.2501,103.9654879,104.0649879,104.0025879,
2610.15,104.0459,104.1452,104.0826,,,2610.15,103.9657999,104.0650999,104.0024999,
2611.0499,104.045,104.1454,104.0823,,,2611.0499,103.964912,104.065312,104.002212,
2612.0001,104.0458,104.1455,104.0823,,,2612.0001,103.9657247,104.0654247,104.0022247,
2612.95,104.0455,104.1456,104.0822,,,2612.95,103.9654375,104.0655375,104.0021375,
2613.85,104.045,104.146,104.082,,,2613.85,103.9649495,104.0659495,104.0019495,
2614.7501,104.0456,104.147,104.0819,,,2614.7501,103.9655616,104.0669616,104.0018616,
2615.65,104.0455,104.1463,104.0819,,,2615.65,103.9654736,104.0662736,104.0018736,
2616.5499,104.0459,104.1467,104.082,,,2616.5499,103.9658857,104.0666857,104.0019857,
2617.45,104.0452,104.145,104.082,,,2617.45,103.9651978,104.0649978,104.0019978,
2618.4,104.0455,104.1447,104.0821,,,2618.4,103.9655105,104.0647105,104.0021105,
2619.35,104.0463,104.1454,104.0823,,,2619.35,103.9663232,104.0654232,104.0023232,
2620.2501,104.0455,104.146,104.0825,,,2620.2501,103.9655353,104.0660353,104.0025353,
2621.15,104.0459,104.1446,104.0824,,,2621.15,103.9659473,104.0646473,104.0024473,
2622.0499,104.0458,104.143,104.0824,,,2622.0499,103.9658594,104.0630594,104.0024594,
2622.95,104.046,104.1432,104.0826,,,2622.95,103.9660715,104.0632715,104.0026715,
2623.9,104.0466,104.1417,104.0827,,,2623.9,103.9666842,104.0617842,104.0027842,
2624.85,104.047,104.1413,104.0828,,,2624.85,103.9670969,104.0613969,104.0028969,
2625.7501,104.0475,104.1423,104.0829,,,2625.7501,103.967609,104.062409,104.003009,
2626.65,104.0486,104.1423,104.0833,,,2626.65,103.968721,104.062421,104.003421,
2627.5499,104.049,104.1412,104.0835,,,2627.5499,103.9691331,104.0613331,104.0036331,
2628.5001,104.0501,104.1405,104.0839,,,2628.5001,103.9702458,104.0606458,104.0040458,
2629.45,104.0505,104.14,104.0841,,,2629.45,103.9706586,104.0601586,104.0042586,
2630.35,104.0506,104.1387,104.0843,,,2630.35,103.9707706,104.0588706,104.0044706,
2631.2501,104.0515,104.1376,104.0846,,,2631.2501,103.9716827,104.0577827,104.0047827,
2632.15,104.0521,104.1372,104.0852,,,2632.15,103.9722947,104.0573947,104.0053947,
2633.1,104.0525,104.1369,104.0856,,,2633.1,103.9727075,104.0571075,104.0058075,
2634.0499,104.0533,104.1377,104.0858,,,2634.0499,103.9735202,104.0579202,104.0060202,
2634.95,104.0537,104.1358,104.0864,,,2634.95,103.9739323,104.0560323,104.0066323,
2635.85,104.0543,104.1356,104.0868,,,2635.85,103.9745443,104.0558443,104.0070443,
2636.7501,104.0557,104.1354,104.0876,,,2636.7501,103.9759564,104.0556564,104.0078564,
2637.65,104.0564,104.1344,104.0879,,,2637.65,103.9766684,104.0546684,104.0081684,
2638.5499,104.0581,104.1353,104.089,,,2638.5499,103.9783805,104.0555805,104.0092805,
2639.5001,104.0586,104.1336,104.0895,,,2639.5001,103.9788932,104.0538932,104.0097932,
2640.45,104.0585,104.1334,104.09,,,2640.45,103.978806,104.053706,104.010306,
2641.35,104.0601,104.1337,104.0905,,,2641.35,103.980418,104.054018,104.010818,
2642.2501,104.0606,104.1328,104.091,,,2642.2501,103.9809301,104.0531301,104.0113301,
2643.15,104.0609,104.1326,104.0917,,,2643.15,103.9812421,104.0529421,104.0120421,
2644.0499,104.0619,104.132,104.0926,,,2644.0499,103.9822542,104.0523542,104.0129542,
2644.95,104.0632,104.1318,104.0933,,,2644.95,103.9835663,104.0521663,104.0136663,
2645.9,104.0639,104.1318,104.0939,,,2645.9,103.984279,104.052179,104.014279,
2646.85,104.0649,104.131,104.0946,,,2646.85,103.9852917,104.0513917,104.0149917,
2647.7501,104.0659,104.1306,104.0957,,,2647.7501,103.9863038,104.0510038,104.0161038,
2648.65,104.0676,104.1312,104.0965,,,2648.65,103.9880158,104.0516158,104.0169158,
2649.5499,104.0684,104.1313,104.0973,,,2649.5499,103.9888279,104.0517279,104.0177279,
2650.45,104.0696,104.1312,104.0982,,,2650.45,103.99004,104.05164,104.01864,
2651.4,104.0696,104.1301,104.0989,,,2651.4,103.9900527,104.0505527,104.0193527,
2652.35,104.0711,104.1309,104.1,,,2652.35,103.9915654,104.0513654,104.0204654,
2653.2501,104.0722,104.1313,104.1008,,,2653.2501,103.9926775,104.0517775,104.0212775,
2654.15,104.0734,104.131,104.1021,,,2654.15,103.9938895,104.0514895,104.0225895,
2655.0499,104.0743,104.132,104.1029,,,2655.0499,103.9948016,104.0525016,104.0234016,
2655.95,104.0754,104.1328,104.1037,,,2655.95,103.9959137,104.0533137,104.0242137,
2656.9,104.0766,104.1333,104.1044,,,2656.9,103.9971264,104.0538264,104.0249264,
2657.85,104.0775,104.1332,104.1055,,,2657.85,103.9980391,104.0537391,104.0260391,
2658.7501,104.0782,104.1345,104.1062,,,2658.7501,103.9987512,104.0550512,104.0267512,
2659.65,104.0793,104.135,104.1072,,,2659.65,103.9998632,104.0555632,104.0277632,
2660.5499,104.0794,104.1356,104.1079,,,2660.5499,103.9999753,104.0561753,104.0284753,
2661.5001,104.0817,104.1361,104.1087,,,2661.5001,104.002288,104.056688,104.029288,
2662.45,104.0814,104.1362,104.1093,,,2662.45,104.0020007,104.0568007,104.0299007,
2663.35,104.0834,104.1377,104.1104,,,2663.35,104.0040128,104.0583128,104.0310128,
2664.2501,104.0826,104.1341,104.1089,,,2664.2501,104.0032249,104.0547249,104.0295249,
2665.2,104.0732,104.1285,104.1031,,,2665.2,103.9938376,104.0491376,104.0237376,
2666.15,104.0758,104.1391,104.1104,,,2666.15,103.9964503,104.0597503,104.0310503,
2667.0499,104.0872,104.1397,104.1138,,,2667.0499,104.0078624,104.0603624,104.0344624,
2667.95,104.0883,104.1397,104.1145,,,2667.95,104.0089744,104.0603744,104.0351744,
2668.85,104.0893,104.1404,104.1153,,,2668.85,104.0099865,104.0610865,104.0359865,
2669.7999,104.0895,104.1407,104.1156,,,2669.7999,104.0101992,104.0613992,104.0362992,
2670.7501,104.0912,104.1405,104.1157,,,2670.7501,104.011912,104.061212,104.036412,
2671.65,104.0916,104.1405,104.1162,,,2671.65,104.012324,104.061224,104.036924,
2672.5499,104.0921,104.1404,104.1161,,,2672.5499,104.0128361,104.0611361,104.0368361,
2673.45,104.0928,104.1407,104.1163,,,2673.45,104.0135481,104.0614481,104.0370481,
2674.4,104.0934,104.1417,104.1168,,,2674.4,104.0141609,104.0624609,104.0375609,
2675.35,104.095,104.142,104.1171,,,2675.35,104.0157736,104.0627736,104.0378736,
2676.2501,104.0952,104.1427,104.1177,,,2676.2501,104.0159857,104.0634857,104.0384857,
2677.15,104.0958,104.1434,104.1177,,,2677.15,104.0165977,104.0641977,104.0384977,
2678.0499,104.0963,104.1442,104.1184,,,2678.0499,104.0171098,104.0650098,104.0392098,
2678.95,104.0975,104.1454,104.1186,,,2678.95,104.0183218,104.0662218,104.0394218,
2679.85,104.0974,104.1455,104.1188,,,2679.85,104.0182339,104.0663339,104.0396339,
2680.7999,104.0983,104.1467,104.1188,,,2680.7999,104.0191466,104.0675466,104.0396466,
2681.7501,104.0987,104.1472,104.1194,,,2681.7501,104.0195594,104.0680594,104.0402594,
2682.65,104.0988,104.1479,104.1198,,,2682.65,104.0196714,104.0687714,104.0406714,
2683.5499,104.099,104.1493,104.1201,,,2683.5499,104.0198835,104.0701835,104.0409835,
2684.45,104.099,104.1502,104.121,,,2684.45,104.0198955,104.0710955,104.0418955,
2685.4,104.0994,104.1509,104.121,,,2685.4,104.0203083,104.0718083,104.0419083,
2686.35,104.0994,104.1518,104.1212,,,2686.35,104.020321,104.072721,104.042121,
2687.2501,104.0997,104.1522,104.1218,,,2687.2501,104.0206331,104.0731331,104.0427331,
2688.15,104.0988,104.1534,104.1218,,,2688.15,104.0197451,104.0743451,104.0427451,
2689.0499,104.0991,104.1544,104.1227,,,2689.0499,104.0200572,104.0753572,104.0436572,
2689.95,104.0993,104.1547,104.1224,,,2689.95,104.0202692,104.0756692,104.0433692,
2690.85,104.0995,104.1556,104.1227,,,2690.85,104.0204813,104.0765813,104.0436813,
2691.7999,104.1005,104.1561,104.1233,,,2691.7999,104.021494,104.077094,104.044294,
2692.6998,104.0999,104.1577,104.1239,,,2692.6998,104.0209061,104.0787061,104.0449061,
2693.6,104.1002,104.1585,104.1243,,,2693.6,104.0212181,104.0795181,104.0453181,
2694.5499,104.1013,104.1585,104.1247,,,2694.5499,104.0223309,104.0795309,104.0457309,
2695.45,104.1011,104.159,104.1251,,,2695.45,104.0221429,104.0800429,104.0461429,
2696.35,104.1014,104.1597,104.1258,,,2696.35,104.022455,104.080755,104.046855,
2697.2501,104.1014,104.1601,104.1261,,,2697.2501,104.0224671,104.0811671,104.0471671,
2698.15,104.1014,104.1615,104.1265,,,2698.15,104.0224791,104.0825791,104.0475791,
2699.0499,104.1013,104.162,104.1268,,,2699.0499,104.0223912,104.0830912,104.0478912,
2700.0001,104.1017,104.1632,104.1273,,,2700.0001,104.0228039,104.0843039,104.0484039,
2700.95,104.1022,104.1637,104.1279,,,2700.95,104.0233166,104.0848166,104.0490166,
2701.85,104.1027,104.1644,104.1284,,,2701.85,104.0238287,104.0855287,104.0495287,
2702.7501,104.1034,104.1644,104.129,,,2702.7501,104.0245408,104.0855408,104.0501408,
2703.65,104.1041,104.1655,104.1297,,,2703.65,104.0252528,104.0866528,104.0508528,
2704.5499,104.1043,104.1663,104.1305,,,2704.5499,104.0254649,104.0874649,104.0516649,
2705.45,104.1054,104.1667,104.1311,,,2705.45,104.0265769,104.0878769,104.0522769,
2706.35,104.1061,104.1671,104.1319,,,2706.35,104.027289,104.088289,104.053089,
2707.2999,104.1064,104.1676,104.1325,,,2707.2999,104.0276017,104.0888017,104.0537017,
2708.2501,104.1069,104.1675,104.133,,,2708.2501,104.0281145,104.0887145,104.0542145,
2709.15,104.1069,104.1688,104.1338,,,2709.15,104.0281265,104.0900265,104.0550265,
2710.0499,104.1076,104.1692,104.1345,,,2710.0499,104.0288386,104.0904386,104.0557386,
2710.95,104.1081,104.1698,104.135,,,2710.95,104.0293506,104.0910506,104.0562506,
2711.85,104.1084,104.1706,104.1358,,,2711.85,104.0296627,104.0918627,104.0570627,
2712.7999,104.1086,104.1711,104.1366,,,2712.7999,104.0298754,104.0923754,104.0578754,
2713.7501,104.1097,104.1712,104.1372,,,2713.7501,104.0309882,104.0924882,104.0584882,
2714.65,104.1105,104.1719,104.138,,,2714.65,104.0318002,104.0932002,104.0593002,
2715.5499,104.1117,104.173,104.1388,,,2715.5499,104.0330123,104.0943123,104.0601123,
2716.45,104.1121,104.173,104.1396,,,2716.45,104.0334243,104.0943243,104.0609243,
2717.4,104.1131,104.1739,104.1403,,,2717.4,104.0344371,104.0952371,104.0616371,
2718.35,104.1136,104.1738,104.141,,,2718.35,104.0349498,104.0951498,104.0623498,
2719.2501,104.1137,104.1739,104.1417,,,2719.2501,104.0350619,104.0952619,104.0630619,
2720.15,104.1148,104.1742,104.1427,,,2720.15,104.0361739,104.0955739,104.0640739,
2721.0499,104.116,104.1747,104.1432,,,2721.0499,104.037386,104.096086,104.064586,
2722.0001,104.1168,104.1753,104.144,,,2722.0001,104.0381987,104.0966987,104.0653987,
2722.95,104.118,104.1755,104.1448,,,2722.95,104.0394114,104.0969114,104.0662114,
2723.85,104.1187,104.1763,104.1455,,,2723.85,104.0401235,104.0977235,104.0669235,
2724.7501,104.1184,104.1762,104.1463,,,2724.7501,104.0398356,104.0976356,104.0677356,
2725.65,104.1211,104.1774,104.1474,,,2725.65,104.0425476,104.0988476,104.0688476,
2726.6,104.1214,104.1777,104.1482,,,2726.6,104.0428603,104.0991603,104.0696603,
2727.5499,104.1228,104.1781,104.1488,,,2727.5499,104.0442731,104.0995731,104.0702731,
2728.45,104.1242,104.1783,104.1499,,,2728.45,104.0456851,104.0997851,104.0713851,
2729.35,104.1251,104.1783,104.1509,,,2729.35,104.0465972,104.0997972,104.0723972,
2730.2501,104.125,104.1794,104.1517,,,2730.2501,104.0465092,104.1009092,104.0732092,
2731.15,104.1253,104.1796,104.1525,,,2731.15,104.0468213,104.1011213,104.0740213,
2732.1,104.1287,104.1794,104.1532,,,2732.1,104.050234,104.100934,104.074734,
2733.0499,104.1293,104.1802,104.1538,,,2733.0499,104.0508468,104.1017468,104.0753468,
2733.95,104.1253,104.1801,104.1546,,,2733.95,104.0468588,104.1016588,104.0761588,
2734.85,104.1326,104.1798,104.1559,,,2734.85,104.0541709,104.1013709,104.0774709,
2735.7501,104.1336,104.1801,104.1568,,,2735.7501,104.0551829,104.1016829,104.0783829,
2736.7,104.1349,104.1806,104.1578,,,2736.7,104.0564957,104.1021957,104.0793957,
2737.65,104.1373,104.1812,104.1589,,,2737.65,104.0589084,104.1028084,104.0805084,
2738.5499,104.1367,104.1809,104.1595,,,2738.5499,104.0583205,104.1025205,104.0811205,
2739.45,104.1376,104.1817,104.16,,,2739.45,104.0592325,104.1033325,104.0816325,
2740.35,104.1364,104.1812,104.1609,,,2740.35,104.0580446,104.1028446,104.0825446,
2741.2999,104.1397,104.1818,104.1619,,,2741.2999,104.0613573,104.1034573,104.0835573,
2742.2501,104.1407,104.1818,104.163,,,2742.2501,104.06237,104.10347,104.08467,
2743.15,104.1424,104.182,104.1638,,,2743.15,104.0640821,104.1036821,104.0854821,
2744.0499,104.1439,104.1822,104.1647,,,2744.0499,104.0655942,104.1038942,104.0863942,
2744.95,104.1451,104.1825,104.1656,,,2744.95,104.0668062,104.1042062,104.0873062,
2745.9,104.1462,104.1824,104.1666,,,2745.9,104.067919,104.104119,104.088319,
2746.85,104.1476,104.1825,104.1673,,,2746.85,104.0693317,104.1042317,104.0890317,
2747.7501,104.1484,104.183,104.1681,,,2747.7501,104.0701437,104.1047437,104.0898437,
2748.65,104.1495,104.183,104.169,,,2748.65,104.0712558,104.1047558,104.0907558,
2749.5499,104.1511,104.1829,104.1696,,,2749.5499,104.0728679,104.1046679,104.0913679,
2750.45,104.1515,104.1828,104.1707,,,2750.45,104.0732799,104.1045799,104.0924799,
2751.4,104.1523,104.1832,104.1713,,,2751.4,104.0740927,104.1049927,104.0930927,
2752.35,104.1541,104.1837,104.1721,,,2752.35,104.0759054,104.1055054,104.0939054,
2753.2501,104.1554,104.1842,104.1731,,,2753.2501,104.0772174,104.1060174,104.0949174,
2754.15,104.1569,104.1846,104.1737,,,2754.15,104.0787295,104.1064295,104.0955295,
2755.0499,104.1578,104.185,104.1746,,,2755.0499,104.0796416,104.1068416,104.0964416,
2755.95,104.1594,104.1854,104.1755,,,2755.95,104.0812536,104.1072536,104.0973536,
2756.9,104.1598,104.1859,104.1762,,,2756.9,104.0816664,104.1077664,104.0980664,
2757.85,104.1613,104.1861,104.1766,,,2757.85,104.0831791,104.1079791,104.0984791,
2758.7501,104.1618,104.1862,104.1771,,,2758.7501,104.0836911,104.1080911,104.0989911,
2759.65,104.1632,104.1869,104.1779,,,2759.65,104.0851032,104.1088032,104.0998032,
2760.5499,104.1647,104.1873,104.1786,,,2760.5499,104.0866153,104.1092153,104.1005153,
2761.45,104.1656,104.1876,104.179,,,2761.45,104.0875273,104.1095273,104.1009273,
2762.35,104.1661,104.1879,104.1794,,,2762.35,104.0880394,104.1098394,104.1013394,
2763.2999,104.1676,104.1885,104.1799,,,2763.2999,104.0895521,104.1104521,104.1018521,
2764.2501,104.1688,104.1891,104.1805,,,2764.2501,104.0907648,104.1110648,104.1024648,
2765.15,104.1691,104.1896,104.1809,,,2765.15,104.0910769,104.1115769,104.1028769,
2766.0499,104.1706,104.1899,104.1813,,,2766.0499,104.092589,104.111889,104.103289,
2766.95,104.1716,104.1905,104.182,,,2766.95,104.093601,104.112501,104.104001,
2767.9,104.1728,104.1911,104.1823,,,2767.9,104.0948137,104.1131137,104.1043137,
2768.85,104.1742,104.1913,104.1827,,,2768.85,104.0962265,104.1133265,104.1047265,
2769.7501,104.1754,104.1917,104.1832,,,2769.7501,104.0974385,104.1137385,104.1052385,
2770.65,104.1751,104.1928,104.1834,,,2770.65,104.0971506,104.1148506,104.1054506,
2771.5499,104.1762,104.1932,104.1838,,,2771.5499,104.0982627,104.1152627,104.1058627,
2772.45,104.1766,104.1935,104.1842,,,2772.45,104.0986747,104.1155747,104.1062747,
2773.35,104.1762,104.1955,104.1846,,,2773.35,104.0982868,104.1175868,104.1066868,
2774.2999,104.1763,104.1968,104.1849,,,2774.2999,104.0983995,104.1188995,104.1069995,
2775.2501,104.1766,104.197,104.1854,,,2775.2501,104.0987122,104.1191122,104.1075122,
2776.15,104.1773,104.1983,104.1859,,,2776.15,104.0994243,104.1204243,104.1080243,
2777.0499,104.177,104.1997,104.1863,,,2777.0499,104.0991364,104.1218364,104.1084364,
2777.95,104.1767,104.2002,104.1867,,,2777.95,104.0988484,104.1223484,104.1088484,
2778.85,104.1762,104.2013,104.1871,,,2778.85,104.0983605,104.1234605,104.1092605,
2779.7999,104.1763,104.2025,104.1874,,,2779.7999,104.0984732,104.1246732,104.1095732,
2780.7501,104.177,104.2034,104.1877,,,2780.7501,104.0991859,104.1255859,104.1098859,
2781.65,104.177,104.2054,104.188,,,2781.65,104.099198,104.127598,104.110198,
2782.5499,104.1765,104.2068,104.1884,,,2782.5499,104.0987101,104.1290101,104.1106101,
2783.45,104.1767,104.2066,104.1886,,,2783.45,104.0989221,104.1288221,104.1108221,
2784.35,104.1767,104.2078,104.189,,,2784.35,104.0989342,104.1300342,104.1112342,
2785.2999,104.1765,104.2092,104.1893,,,2785.2999,104.0987469,104.1314469,104.1115469,
2786.2501,104.1765,104.2101,104.1896,,,2786.2501,104.0987596,104.1323596,104.1118596,
2787.15,104.1771,104.2115,104.1902,,,2787.15,104.0993717,104.1337717,104.1124717,
2788.0499,104.1762,104.2123,104.1906,,,2788.0499,104.0984837,104.1345837,104.1128837,
2788.95,104.1773,104.2135,104.191,,,2788.95,104.0995958,104.1357958,104.1132958,
2789.85,104.1767,104.2141,104.1914,,,2789.85,104.0990079,104.1364079,104.1137079,
2790.7501,104.1765,104.2157,104.1913,,,2790.7501,104.0988199,104.1380199,104.1136199,
2791.7,104.1762,104.2175,104.1917,,,2791.7,104.0985327,104.1398327,104.1140327,
2792.65,104.1763,104.2178,104.1923,,,2792.65,104.0986454,104.1401454,104.1146454,
2793.5499,104.1762,104.22,104.1926,,,2793.5499,104.0985574,104.1423574,104.1149574,
2794.45,104.1766,104.2206,104.1931,,,2794.45,104.0989695,104.1429695,104.1154695,
2795.35,104.177,104.2218,104.1934,,,2795.35,104.0993816,104.1441816,104.1157816,
2796.2999,104.177,104.2222,104.1938,,,2796.2999,104.0993943,104.1445943,104.1161943,
2797.2501,104.1775,104.2234,104.1942,,,2797.2501,104.099907,104.145807,104.116607,
2798.15,104.177,104.2233,104.1945,,,2798.15,104.0994191,104.1457191,104.1169191,
2799.0499,104.1775,104.2243,104.1949,,,2799.0499,104.0999311,104.1467311,104.1173311,
2799.95,104.1775,104.2249,104.1952,,,2799.95,104.0999432,104.1473432,104.1176432,
2800.85,104.1775,104.2257,104.1956,,,2800.85,104.0999553,104.1481553,104.1180553,
2801.7501,104.1781,104.2262,104.1959,,,2801.7501,104.1005673,104.1486673,104.1183673,
2802.7,104.1777,104.2282,104.1963,,,2802.7,104.1001801,104.1506801,104.1187801,
2803.65,104.1777,104.2287,104.1964,,,2803.65,104.1001928,104.1511928,104.1188928,
2804.5499,104.1779,104.2299,104.197,,,2804.5499,104.1004048,104.1524048,104.1195048,
2805.45,104.1775,104.2309,104.1974,,,2805.45,104.1000169,104.1534169,104.1199169,
2806.35,104.1773,104.2329,104.198,,,2806.35,104.099829,104.155429,104.120529,
2807.2501,104.179,104.233,104.1984,,,2807.2501,104.101541,104.155541,104.120941,
2808.15,104.1781,104.2332,104.1988,,,2808.15,104.1006531,104.1557531,104.1213531,
2809.1,104.1791,104.2356,104.1992,,,2809.1,104.1016658,104.1581658,104.1217658,
2810.0499,104.1796,104.2348,104.1994,,,2810.0499,104.1021785,104.1573785,104.1219785,
2810.95,104.1791,104.2371,104.1997,,,2810.95,104.1016906,104.1596906,104.1222906,
2811.85,104.1791,104.2376,104.1999,,,2811.85,104.1017027,104.1602027,104.1225027,
2812.7501,104.1794,104.2387,104.2003,,,2812.7501,104.1020147,104.1613147,104.1229147,
2813.65,104.1797,104.2383,104.2007,,,2813.65,104.1023268,104.1609268,104.1233268,
2814.5499,104.1802,104.2401,104.2013,,,2814.5499,104.1028388,104.1627388,104.1239388,
2815.5001,104.1802,104.2411,104.2016,,,2815.5001,104.1028516,104.1637516,104.1242516,
2816.45,104.18,104.2404,104.2021,,,2816.45,104.1026643,104.1630643,104.1247643,
2817.35,104.1804,104.2421,104.2023,,,2817.35,104.1030764,104.1647764,104.1249764,
2818.2501,104.1809,104.2415,104.2027,,,2818.2501,104.1035884,104.1641884,104.1253884,
2819.15,104.1809,104.2428,104.2031,,,2819.15,104.1036005,104.1655005,104.1258005,
2820.0499,104.1808,104.2428,104.2035,,,2820.0499,104.1035125,104.1655125,104.1262125,
2820.95,104.1813,104.2434,104.2037,,,2820.95,104.1040246,104.1661246,104.1264246,
2821.9,104.1813,104.2446,104.2041,,,2821.9,104.1040373,104.1673373,104.1268373,
2822.85,104.1817,104.2443,104.2045,,,2822.85,104.1044501,104.1670501,104.1272501,
2823.7501,104.1824,104.2456,104.2049,,,2823.7501,104.1051621,104.1683621,104.1276621,
2824.65,104.1826,104.2459,104.2054,,,2824.65,104.1053742,104.1686742,104.1281742,
2825.5499,104.1833,104.2472,104.2061,,,2825.5499,104.1060862,104.1699862,104.1288862,
2826.45,104.1829,104.2486,104.2064,,,2826.45,104.1056983,104.1713983,104.1291983,
2827.35,104.1837,104.2479,104.2069,,,2827.35,104.1065104,104.1707104,104.1297104,
2828.2501,104.184,104.2491,104.2075,,,2828.2501,104.1068224,104.1719224,104.1303224,
2829.15,104.1838,104.2503,104.2079,,,2829.15,104.1066345,104.1731345,104.1307345,
2830.1,104.1833,104.2505,104.2082,,,2830.1,104.1061472,104.1733472,104.1310472,
2831.0499,104.184,104.2518,104.2086,,,2831.0499,104.1068599,104.1746599,104.1314599,
2831.95,104.1841,104.2519,104.2091,,,2831.95,104.106972,104.174772,104.131972,
2832.85,104.1845,104.2538,104.2096,,,2832.85,104.1073841,104.1766841,104.1324841,
2833.7501,104.185,104.2533,104.21,,,2833.7501,104.1078961,104.1761961,104.1328961,
2834.65,104.1856,104.2538,104.2103,,,2834.65,104.1085082,104.1767082,104.1332082,
2835.5499,104.1864,104.2552,104.2108,,,2835.5499,104.1093202,104.1781202,104.1337202,
2836.45,104.1861,104.2557,104.2113,,,2836.45,104.1090323,104.1786323,104.1342323,
2837.4,104.1864,104.2566,104.2115,,,2837.4,104.109345,104.179545,104.134445,
2838.35,104.1862,104.256,104.2117,,,2838.35,104.1091578,104.1789578,104.1346578,
2839.2501,104.1873,104.2566,104.2119,,,2839.2501,104.1102698,104.1795698,104.1348698,
2840.15,104.1864,104.2572,104.2122,,,2840.15,104.1093819,104.1801819,104.1351819,
2841.0499,104.1864,104.2596,104.2125,,,2841.0499,104.1093939,104.1825939,104.1354939,
2841.95,104.1871,104.2584,104.2127,,,2841.95,104.110106,104.181406,104.135706,
2842.85,104.1868,104.2592,104.2131,,,2842.85,104.1098181,104.1822181,104.1361181,
2843.7501,104.1868,104.2593,104.2133,,,2843.7501,104.1098301,104.1823301,104.1363301,
2844.7,104.1876,104.2612,104.2138,,,2844.7,104.1106428,104.1842428,104.1368428,
2845.65,104.1879,104.2619,104.2144,,,2845.65,104.1109556,104.1849556,104.1374556,
2846.5499,104.1884,104.2619,104.2147,,,2846.5499,104.1114676,104.1849676,104.1377676,
2847.45,104.1884,104.2627,104.2149,,,2847.45,104.1114797,104.1857797,104.1379797,
2848.35,104.1873,104.2621,104.2151,,,2848.35,104.1103918,104.1851918,104.1381918,
2849.2501,104.188,104.2639,104.2154,,,2849.2501,104.1111038,104.1870038,104.1385038,
2850.15,104.1883,104.2644,104.2156,,,2850.15,104.1114159,104.1875159,104.1387159,
2851.0499,104.1877,104.2641,104.2155,,,2851.0499,104.1108279,104.1872279,104.1386279,
2851.95,104.1873,104.2653,104.2157,,,2851.95,104.11044,104.18844,104.13884,
2852.85,104.1867,104.2659,104.2158,,,2852.85,104.1098521,104.1890521,104.1389521,
2853.7999,104.1875,104.2656,104.2159,,,2853.7999,104.1106648,104.1887648,104.1390648,
2854.7501,104.1869,104.2668,104.216,,,2854.7501,104.1100775,104.1899775,104.1391775,
2855.65,104.1868,104.2672,104.2161,,,2855.65,104.1099896,104.1903896,104.1392896,
2856.5499,104.1871,104.2659,104.2162,,,2856.5499,104.1103016,104.1891016,104.1394016,
2857.45,104.1875,104.2678,104.2161,,,2857.45,104.1107137,104.1910137,104.1393137,
2858.35,104.1879,104.2664,104.2163,,,2858.35,104.1111258,104.1896258,104.1395258,
2859.2501,104.1876,104.2682,104.2163,,,2859.2501,104.1108378,104.1914378,104.1395378,
2860.2,104.1868,104.2671,104.2161,,,2860.2,104.1100505,104.1903505,104.1393505,
2861.15,104.1856,104.2678,104.2161,,,2861.15,104.1088633,104.1910633,104.1393633,
2862.0499,104.1862,104.2671,104.216,,,2862.0499,104.1094753,104.1903753,104.1392753,
2862.95,104.1865,104.268,104.2158,,,2862.95,104.1097874,104.1912874,104.1390874,
2863.85,104.1853,104.2687,104.2158,,,2863.85,104.1085994,104.1919994,104.1390994,
2864.7501,104.1849,104.2678,104.2158,,,2864.7501,104.1082115,104.1911115,104.1391115,
2865.65,104.1846,104.2682,104.2157,,,2865.65,104.1079236,104.1915236,104.1390236,
2866.6,104.185,104.269,104.2157,,,2866.6,104.1083363,104.1923363,104.1390363,
2867.5499,104.185,104.27,104.2157,,,2867.5499,104.108349,104.193349,104.139049,
2868.45,104.1849,104.2695,104.2157,,,2868.45,104.1082611,104.1928611,104.1390611,
2869.35,104.1842,104.2694,104.2156,,,2869.35,104.1075731,104.1927731,104.1389731,
2870.2501,104.1837,104.2696,104.2156,,,2870.2501,104.1070852,104.1929852,104.1389852,
2871.15,104.1846,104.2718,104.2155,,,2871.15,104.1079973,104.1951973,104.1388973,
2872.1,104.1836,104.2719,104.2156,,,2872.1,104.10701,104.19531,104.13901,
2873.0499,104.1836,104.2714,104.2156,,,2873.0499,104.1070227,104.1948227,104.1390227,
2873.95,104.1845,104.27,104.2155,,,2873.95,104.1079348,104.1934348,104.1389348,
2874.85,104.1838,104.2712,104.2156,,,2874.85,104.1072468,104.1946468,104.1390468,
2875.7501,104.1841,104.2712,104.2158,,,2875.7501,104.1075589,104.1946589,104.1392589,
2876.65,104.1842,104.2722,104.2159,,,2876.65,104.107671,104.195671,104.139371,
2877.6,104.1849,104.2719,104.2162,,,2877.6,104.1083837,104.1953837,104.1396837,
2878.5499,104.1857,104.2714,104.2164,,,2878.5499,104.1091964,104.1948964,104.1398964,
2879.45,104.1857,104.2711,104.2166,,,2879.45,104.1092085,104.1946085,104.1401085,
2880.35,104.1859,104.271,104.2167,,,2880.35,104.1094205,104.1945205,104.1402205,
2881.2501,104.1852,104.2703,104.2169,,,2881.2501,104.1087326,104.1938326,104.1404326,
2882.2,104.1857,104.2702,104.2171,,,2882.2,104.1092453,104.1937453,104.1406453,
2883.15,104.1864,104.2696,104.2173,,,2883.15,104.1099581,104.1931581,104.1408581,
2884.0499,104.1873,104.2691,104.2175,,,2884.0499,104.1108701,104.1926701,104.1410701,
2884.95,104.1877,104.2688,104.2177,,,2884.95,104.1112822,104.1923822,104.1412822,
2885.85,104.1883,104.2692,104.2179,,,2885.85,104.1118942,104.1927942,104.1414942,
2886.7999,104.1881,104.2687,104.2183,,,2886.7999,104.111707,104.192307,104.141907,
2887.7501,104.1889,104.269,104.2187,,,2887.7501,104.1125197,104.1926197,104.1423197,
2888.65,104.1893,104.2671,104.2188,,,2888.65,104.1129318,104.1907318,104.1424318,
2889.5499,104.1893,104.2679,104.219,,,2889.5499,104.1129438,104.1915438,104.1426438,
2890.45,104.1899,104.2665,104.2193,,,2890.45,104.1135559,104.1901559,104.1429559,
2891.35,104.1899,104.2663,104.2196,,,2891.35,104.1135679,104.1899679,104.1432679,
2892.2501,104.1895,104.2657,104.2198,,,2892.2501,104.11318,104.18938,104.14348,
2893.2,104.1904,104.2655,104.2201,,,2893.2,104.1140927,104.1891927,104.1437927,
2894.15,104.1909,104.266,104.2203,,,2894.15,104.1146055,104.1897055,104.1440055,
2895.0499,104.1915,104.2649,104.2205,,,2895.0499,104.1152175,104.1886175,104.1442175,
2895.95,104.1916,104.2637,104.2209,,,2895.95,104.1153296,104.1874296,104.1446296,
2896.85,104.1926,104.2635,104.2213,,,2896.85,104.1163416,104.1872416,104.1450416,
2897.7999,104.1924,104.2628,104.2217,,,2897.7999,104.1161544,104.1865544,104.1454544,
2898.7501,104.1936,104.2625,104.2222,,,2898.7501,104.1173671,104.1862671,104.1459671,
2899.65,104.1939,104.2636,104.2224,,,2899.65,104.1176792,104.1873792,104.1461792,
2900.5499,104.1944,104.2624,104.2228,,,2900.5499,104.1181912,104.1861912,104.1465912,
2901.45,104.1946,104.2609,104.2231,,,2901.45,104.1184033,104.1847033,104.1469033,
2902.35,104.1948,104.2607,104.2236,,,2902.35,104.1186153,104.1845153,104.1474153,
2903.2999,104.1947,104.2611,104.2244,,,2903.2999,104.1185281,104.1849281,104.1482281,
2904.2501,104.1962,104.2609,104.2247,,,2904.2501,104.1200408,104.1847408,104.1485408,
2905.15,104.1964,104.2608,104.2251,,,2905.15,104.1202529,104.1846529,104.1489529,
2906.0499,104.1967,104.2612,104.2255,,,2906.0499,104.1205649,104.1850649,104.1493649,
2906.95,104.1974,104.2613,104.226,,,2906.95,104.121277,104.185177,104.149877,
2907.9,104.1975,104.2609,104.2263,,,2907.9,104.1213897,104.1847897,104.1501897,
2908.85,104.1975,104.2609,104.2268,,,2908.85,104.1214024,104.1848024,104.1507024,
2909.7501,104.1983,104.2609,104.2272,,,2909.7501,104.1222145,104.1848145,104.1511145,
2910.65,104.1984,104.262,104.2274,,,2910.65,104.1223266,104.1859266,104.1513266,
2911.5499,104.1982,104.2615,104.2276,,,2911.5499,104.1221386,104.1854386,104.1515386,
2912.5001,104.1986,104.2621,104.2277,,,2912.5001,104.1225513,104.1860513,104.1516513,
2913.45,104.1984,104.2625,104.228,,,2913.45,104.1223641,104.1864641,104.1519641,
2914.35,104.1984,104.2628,104.2281,,,2914.35,104.1223761,104.1867761,104.1520761,
2915.2501,104.1981,104.2628,104.2283,,,2915.2501,104.1220882,104.1867882,104.1522882,
2916.15,104.1982,104.2629,104.2284,,,2916.15,104.1222003,104.1869003,104.1524003,
2917.0499,104.1984,104.2635,104.2285,,,2917.0499,104.1224123,104.1875123,104.1525123,
2917.95,104.1987,104.2637,104.2287,,,2917.95,104.1227244,104.1877244,104.1527244,
2918.9,104.1983,104.2645,104.2289,,,2918.9,104.1223371,104.1885371,104.1529371,
2919.85,104.1983,104.2653,104.2289,,,2919.85,104.1223498,104.1893498,104.1529498,
2920.7501,104.1987,104.2656,104.229,,,2920.7501,104.1227619,104.1896619,104.1530619,
2921.65,104.199,104.2664,104.2291,,,2921.65,104.123074,104.190474,104.153174,
2922.5499,104.1993,104.267,104.2293,,,2922.5499,104.123386,104.191086,104.153386,
2923.5001,104.1991,104.2671,104.2295,,,2923.5001,104.1231987,104.1911987,104.1535987,
2924.45,104.1993,104.2678,104.2295,,,2924.45,104.1234115,104.1919115,104.1536115,
2925.35,104.1995,104.2676,104.2294,,,2925.35,104.1236235,104.1917235,104.1535235,
2926.2501,104.1994,104.2684,104.2294,,,2926.2501,104.1235356,104.1925356,104.1535356,
2927.15,104.1995,104.2684,104.2295,,,2927.15,104.1236476,104.1925476,104.1536476,
2928.0499,104.1994,104.2683,104.2296,,,2928.0499,104.1235597,104.1924597,104.1537597,
2928.95,104.2002,104.2688,104.2296,,,2928.95,104.1243718,104.1929718,104.1537718,
2929.9,104.2005,104.2686,104.2295,,,2929.9,104.1246845,104.1927845,104.1536845,
2930.85,104.199,104.2676,104.2293,,,2930.85,104.1231972,104.1917972,104.1534972,
2931.7501,104.2003,104.2687,104.2292,,,2931.7501,104.1245093,104.1929093,104.1534093,
2932.65,104.2005,104.2682,104.2292,,,2932.65,104.1247213,104.1924213,104.1534213,
2933.5499,104.2013,104.2687,104.2292,,,2933.5499,104.1255334,104.1929334,104.1534334,
2934.45,104.2013,104.2694,104.2292,,,2934.45,104.1255455,104.1936455,104.1534455,
2935.35,104.2014,104.2696,104.2291,,,2935.35,104.1256575,104.1938575,104.1533575,
2936.2999,104.2015,104.2691,104.229,,,2936.2999,104.1257703,104.1933703,104.1532703,
2937.2501,104.2009,104.2688,104.229,,,2937.2501,104.125183,104.193083,104.153283,
2938.15,104.2015,104.2687,104.229,,,2938.15,104.125795,104.192995,104.153295,
2939.0499,104.2018,104.2684,104.2288,,,2939.0499,104.1261071,104.1927071,104.1531071,
2939.95,104.2019,104.2688,104.2289,,,2939.95,104.1262192,104.1931192,104.1532192,
2940.85,104.2022,104.269,104.229,,,2940.85,104.1265312,104.1933312,104.1533312,
2941.7501,104.2022,104.2683,104.229,,,2941.7501,104.1265433,104.1926433,104.1533433,
2942.7,104.2029,104.2678,104.2289,,,2942.7,104.127256,104.192156,104.153256,
2943.65,104.2029,104.2672,104.229,,,2943.65,104.1272687,104.1915687,104.1533687,
2944.5499,104.2026,104.2676,104.2289,,,2944.5499,104.1269808,104.1919808,104.1532808,
2945.45,104.2029,104.2674,104.2289,,,2945.45,104.1272929,104.1917929,104.1532929,
2946.35,104.2031,104.267,104.2288,,,2946.35,104.1275049,104.1914049,104.1532049,
2947.2501,104.2027,104.2667,104.2287,,,2947.2501,104.127117,104.191117,104.153117,
2948.15,104.2027,104.2665,104.2285,,,2948.15,104.127129,104.190929,104.152929,
2949.0499,104.2027,104.2667,104.2285,,,2949.0499,104.1271411,104.1911411,104.1529411,
2949.95,104.2027,104.2664,104.2283,,,2949.95,104.1271532,104.1908532,104.1527532,
2950.9,104.2019,104.266,104.2281,,,2950.9,104.1263659,104.1904659,104.1525659,
2951.85,104.2018,104.2653,104.228,,,2951.85,104.1262786,104.1897786,104.1524786,
2952.7501,104.2015,104.2657,104.228,,,2952.7501,104.1259907,104.1901907,104.1524907,
2953.65,104.2017,104.2652,104.228,,,2953.65,104.1262027,104.1897027,104.1525027,
2954.5499,104.2009,104.2647,104.2277,,,2954.5499,104.1254148,104.1892148,104.1522148,
2955.45,104.1998,104.2649,104.2274,,,2955.45,104.1243269,104.1894269,104.1519269,
2956.35,104.1995,104.2648,104.2272,,,2956.35,104.1240389,104.1893389,104.1517389,
2957.2501,104.1989,104.2652,104.2269,,,2957.2501,104.123451,104.189751,104.151451,
2958.2,104.1986,104.2644,104.2267,,,2958.2,104.1231637,104.1889637,104.1512637,
2959.1002,104.1979,104.2647,104.2264,,,2959.1002,104.1224758,104.1892758,104.1509758,
2960.0001,104.1976,104.2645,104.2261,,,2960.0001,104.1221878,104.1890878,104.1506878,
2960.95,104.1968,104.2637,104.2259,,,2960.95,104.1214006,104.1883006,104.1505006,
2961.85,104.197,104.2633,104.2257,,,2961.85,104.1216126,104.1879126,104.1503126,
2962.7501,104.1972,104.2631,104.2253,,,2962.7501,104.1218247,104.1877247,104.1499247,
2963.65,104.1964,104.2636,104.2253,,,2963.65,104.1210367,104.1882367,104.1499367,
2964.5499,104.1958,104.262,104.2249,,,2964.5499,104.1204488,104.1866488,104.1495488,
2965.45,104.1959,104.2624,104.2246,,,2965.45,104.1205609,104.1870609,104.1492609,
2966.35,104.1954,104.2609,104.2246,,,2966.35,104.1200729,104.1855729,104.1492729,
2967.2501,104.195,104.2608,104.2243,,,2967.2501,104.119685,104.185485,104.148985,
2968.2,104.1951,104.2611,104.2241,,,2968.2,104.1197977,104.1857977,104.1487977,
2969.15,104.194,104.2593,104.2237,,,2969.15,104.1187104,104.1840104,104.1484104,
2970.0499,104.195,104.2594,104.2236,,,2970.0499,104.1197225,104.1841225,104.1483225,
2970.95,104.1942,104.2585,104.2232,,,2970.95,104.1189346,104.1832346,104.1479346,
2971.85,104.1931,104.2584,104.2228,,,2971.85,104.1178466,104.1831466,104.1475466,
2972.7501,104.1939,104.2565,104.2229,,,2972.7501,104.1186587,104.1812587,104.1476587,
2973.65,104.1938,104.256,104.223,,,2973.65,104.1185707,104.1807707,104.1477707,
2974.6,104.194,104.2572,104.223,,,2974.6,104.1187835,104.1819835,104.1477835,
2975.5499,104.1939,104.2568,104.2229,,,2975.5499,104.1186962,104.1815962,104.1476962,
2976.45,104.194,104.2564,104.2228,,,2976.45,104.1188083,104.1812083,104.1476083,
2977.35,104.1939,104.2564,104.2229,,,2977.35,104.1187203,104.1812203,104.1477203,
2978.2501,104.1942,104.2564,104.223,,,2978.2501,104.1190324,104.1812324,104.1478324,
2979.15,104.1936,104.2561,104.2233,,,2979.15,104.1184444,104.1809444,104.1481444,
2980.0499,104.1946,104.256,104.2233,,,2980.0499,104.1194565,104.1808565,104.1481565,
2981.0001,104.1948,104.2554,104.2235,,,2981.0001,104.1196692,104.1802692,104.1483692,
2981.95,104.1958,104.2549,104.2236,,,2981.95,104.120682,104.179782,104.148482,
2982.85,104.196,104.2553,104.224,,,2982.85,104.120894,104.180194,104.148894,
2983.7501,104.1964,104.2556,104.2245,,,2983.7501,104.1213061,104.1805061,104.1494061,
2984.65,104.1972,104.2557,104.225,,,2984.65,104.1221181,104.1806181,104.1499181,
2985.5499,104.1975,104.256,104.2255,,,2985.5499,104.1224302,104.1809302,104.1504302,
2986.5001,104.1987,104.2561,104.2259,,,2986.5001,104.1236429,104.1810429,104.1508429,
2987.45,104.1999,104.2562,104.2267,,,2987.45,104.1248557,104.1811557,104.1516557,
2988.35,104.2007,104.2569,104.2273,,,2988.35,104.1256677,104.1818677,104.1522677,
2989.2501,104.2018,104.2573,104.2282,,,2989.2501,104.1267798,104.1822798,104.1531798,
2990.15,104.2029,104.2573,104.2291,,,2990.15,104.1278918,104.1822918,104.1540918,
2991.0499,104.2045,104.258,104.23,,,2991.0499,104.1295039,104.1830039,104.1550039,
2992.0001,104.2049,104.2585,104.2308,,,2992.0001,104.1299166,104.1835166,104.1558166,
2992.95,104.2069,104.2589,104.2319,,,2992.95,104.1319293,104.1839293,104.1569293,
2993.85,104.2078,104.2602,104.2329,,,2993.85,104.1328414,104.1852414,104.1579414,
2994.7501,104.2098,104.2609,104.2341,,,2994.7501,104.1348535,104.1859535,104.1591535,
2995.65,104.2109,104.2615,104.2354,,,2995.65,104.1359655,104.1865655,104.1604655,
2996.6,104.2132,104.2616,104.2366,,,2996.6,104.1382783,104.1866783,104.1616783,
2997.5499,104.2143,104.2621,104.2378,,,2997.5499,104.139391,104.187191,104.162891,
2998.45,104.2156,104.2635,104.2392,,,2998.45,104.140703,104.188603,104.164303,
2999.35,104.2172,104.264,104.2405,,,2999.35,104.1423151,104.1891151,104.1656151,
3000.2501,104.2161,104.2651,104.2417,,,3000.2501,104.1412272,104.1902272,104.1668272,
3001.15,104.2204,104.2657,104.2423,,,3001.15,104.1455392,104.1908392,104.1674392,
3002.1,104.2219,104.2671,104.2447,,,3002.1,104.147052,104.192252,104.169852,
3003.0499,104.2247,104.2675,104.2461,,,3003.0499,104.1498647,104.1926647,104.1712647,
3003.95,104.2265,104.2687,104.2477,,,3003.95,104.1516767,104.1938767,104.1728767,
3004.85,104.229,104.2696,104.2494,,,3004.85,104.1541888,104.1947888,104.1745888,
3005.7501,104.2305,104.2704,104.2506,,,3005.7501,104.1557009,104.1956009,104.1758009,
3006.65,104.2321,104.2716,104.2521,,,3006.65,104.1573129,104.1968129,104.1773129,
3007.6,104.2342,104.2727,104.2537,,,3007.6,104.1594257,104.1979257,104.1789257,
3008.5499,104.2361,104.2735,104.2553,,,3008.5499,104.1613384,104.1987384,104.1805384,
3009.45,104.2383,104.2738,104.2567,,,3009.45,104.1635504,104.1990504,104.1819504,
3010.35,104.2403,104.2746,104.258,,,3010.35,104.1655625,104.1998625,104.1832625,
3011.2501,104.2416,104.2755,104.2595,,,3011.2501,104.1668746,104.2007746,104.1847746,
3012.15,104.244,104.2763,104.2608,,,3012.15,104.1692866,104.2015866,104.1860866,
3013.0499,104.2456,104.2769,104.2622,,,3013.0499,104.1708987,104.2021987,104.1874987,
3014.0001,104.248,104.2774,104.2638,,,3014.0001,104.1733114,104.2027114,104.1891114,
3014.95,104.2493,104.2779,104.2652,,,3014.95,104.1746241,104.2032241,104.1905241,
3015.85,104.2513,104.2787,104.2665,,,3015.85,104.1766362,104.2040362,104.1918362,
3016.7501,104.2529,104.2795,104.2678,,,3016.7501,104.1782483,104.2048483,104.1931483,
3017.65,104.2545,104.28,104.2691,,,3017.65,104.1798603,104.2053603,104.1944603,
3018.5499,104.2562,104.2802,104.2704,,,3018.5499,104.1815724,104.2055724,104.1957724,
3019.45,104.2577,104.2814,104.2716,,,3019.45,104.1830844,104.2067844,104.1969844,
3020.4,104.259,104.2822,104.2728,,,3020.4,104.1843972,104.2075972,104.1981972,
3021.35,104.2607,104.2833,104.274,,,3021.35,104.1861099,104.2087099,104.1994099,
3022.2501,104.2619,104.2841,104.2752,,,3022.2501,104.187322,104.209522,104.200622,
3023.15,104.2636,104.2848,104.2763,,,3023.15,104.189034,104.210234,104.201734,
3024.0499,104.2645,104.2856,104.2773,,,3024.0499,104.1899461,104.2110461,104.2027461,
3024.95,104.2664,104.2865,104.2783,,,3024.95,104.1918581,104.2119581,104.2037581,
3025.9,104.267,104.2869,104.2792,,,3025.9,104.1924709,104.2123709,104.2046709,
3026.85,104.2686,104.2876,104.2799,,,3026.85,104.1940836,104.2130836,104.2053836,
3027.7501,104.269,104.2883,104.2807,,,3027.7501,104.1944957,104.2137957,104.2061957,
3028.65,104.2695,104.2887,104.2815,,,3028.65,104.1950077,104.2142077,104.2070077,
3029.5499,104.2702,104.2888,104.2818,,,3029.5499,104.1957198,104.2143198,104.2073198,
3030.45,104.2707,104.2896,104.2827,,,3030.45,104.1962318,104.2151318,104.2082318,
3031.35,104.2715,104.2904,104.2836,,,3031.35,104.1970439,104.2159439,104.2091439,
3032.2501,104.2722,104.2905,104.284,,,3032.2501,104.197756,104.216056,104.209556,
3033.2,104.2724,104.2914,104.2845,,,3033.2,104.1979687,104.2169687,104.2100687,
3034.15,104.2742,104.2919,104.2852,,,3034.15,104.1997814,104.2174814,104.2107814,
3035.0499,104.2751,104.2922,104.286,,,3035.0499,104.2006935,104.2177935,104.2115935,
3035.95,104.2763,104.2926,104.2865,,,3035.95,104.2019055,104.2182055,104.2121055,
3036.85,104.2762,104.2938,104.2871,,,3036.85,104.2018176,104.2194176,104.2127176,
3037.7501,104.2771,104.2942,104.2876,,,3037.7501,104.2027297,104.2198297,104.2132297,
3038.65,104.2775,104.2963,104.2882,,,3038.65,104.2031417,104.2219417,104.2138417,
3039.6,104.2782,104.2967,104.2886,,,3039.6,104.2038544,104.2223544,104.2142544,
3040.5499,104.2783,104.2979,104.2889,,,3040.5499,104.2039672,104.2235672,104.2145672,
3041.45,104.2795,104.2989,104.2894,,,3041.45,104.2051792,104.2245792,104.2150792,
3042.35,104.28,104.2998,104.2898,,,3042.35,104.2056913,104.2254913,104.2154913,
3043.2501,104.2813,104.3006,104.2901,,,3043.2501,104.2070034,104.2263034,104.2158034,
3044.15,104.2817,104.3018,104.2904,,,3044.15,104.2074154,104.2275154,104.2161154,
3045.0499,104.2828,104.3023,104.2905,,,3045.0499,104.2085275,104.2280275,104.2162275,
3046.0001,104.2829,104.3036,104.2909,,,3046.0001,104.2086402,104.2293402,104.2166402,
3046.95,104.2841,104.3045,104.2915,,,3046.95,104.2098529,104.2302529,104.2172529,
3047.85,104.2845,104.3057,104.292,,,3047.85,104.210265,104.231465,104.217765,
3048.7501,104.285,104.3069,104.292,,,3048.7501,104.2107771,104.2326771,104.2177771,
3049.65,104.285,104.3077,104.2924,,,3049.65,104.2107891,104.2334891,104.2181891,
3050.5499,104.2855,104.3093,104.2927,,,3050.5499,104.2113012,104.2351012,104.2185012,
3051.45,104.2853,104.3096,104.2929,,,3051.45,104.2111132,104.2354132,104.2187132,
3052.35,104.2857,104.31,104.2933,,,3052.35,104.2115253,104.2358253,104.2191253,
3053.2501,104.2856,104.3111,104.2937,,,3053.2501,104.2114374,104.2369374,104.2195374,
3054.15,104.286,104.3137,104.2942,,,3054.15,104.2118494,104.2395494,104.2200494,
3055.1,104.2852,104.3135,104.2944,,,3055.1,104.2110621,104.2393621,104.2202621,
3056.0499,104.2861,104.3152,104.2948,,,3056.0499,104.2119749,104.2410749,104.2206749,
3056.95,104.2849,104.3164,104.2952,,,3056.95,104.2107869,104.2422869,104.2210869,
3057.85,104.2853,104.3171,104.2955,,,3057.85,104.211199,104.242999,104.221399,
3058.7501,104.2857,104.3178,104.296,,,3058.7501,104.2116111,104.2437111,104.2219111,
3059.65,104.2853,104.3188,104.2962,,,3059.65,104.2112231,104.2447231,104.2221231,
3060.5499,104.2856,104.3199,104.2967,,,3060.5499,104.2115352,104.2458352,104.2226352,
3061.45,104.2857,104.3214,104.2972,,,3061.45,104.2116472,104.2473472,104.2231472,
3062.35,104.2855,104.3218,104.2976,,,3062.35,104.2114593,104.2477593,104.2235593,
3063.2999,104.2857,104.3223,104.298,,,3063.2999,104.211672,104.248272,104.223972,
3064.2501,104.2861,104.3237,104.2985,,,3064.2501,104.2120847,104.2496847,104.2244847,
3065.15,104.2856,104.325,104.2989,,,3065.15,104.2115968,104.2509968,104.2248968,
3066.0499,104.2861,104.3258,104.2993,,,3066.0499,104.2121089,104.2518089,104.2253089,
3066.95,104.2855,104.3261,104.2997,,,3066.95,104.2115209,104.2521209,104.2257209,
3067.85,104.2855,104.327,104.2999,,,3067.85,104.211533,104.253033,104.225933,
3068.7501,104.2856,104.3278,104.3002,,,3068.7501,104.211645,104.253845,104.226245,
3069.65,104.2852,104.3288,104.3004,,,3069.65,104.2112571,104.2548571,104.2264571,
3070.6,104.2857,104.3298,104.3009,,,3070.6,104.2117698,104.2558698,104.2269698,
3071.5499,104.2856,104.3304,104.3012,,,3071.5499,104.2116826,104.2564826,104.2272826,
3072.45,104.2855,104.3312,104.3016,,,3072.45,104.2115946,104.2572946,104.2276946,
3073.35,104.2859,104.331,104.3017,,,3073.35,104.2120067,104.2571067,104.2278067,
3074.2501,104.2867,104.3318,104.3022,,,3074.2501,104.2128187,104.2579187,104.2283187,
3075.15,104.2865,104.3324,104.3028,,,3075.15,104.2126308,104.2585308,104.2289308,
3076.0499,104.2867,104.3337,104.3033,,,3076.0499,104.2128429,104.2598429,104.2294429,
3076.95,104.2865,104.3353,104.3036,,,3076.95,104.2126549,104.2614549,104.2297549,
3077.85,104.2875,104.3357,104.304,,,3077.85,104.213667,104.261867,104.230167,
3078.7501,104.2876,104.336,104.3045,,,3078.7501,104.213779,104.262179,104.230679,
3079.7,104.2865,104.3371,104.3048,,,3079.7,104.2126918,104.2632918,104.2309918,
3080.65,104.2869,104.3381,104.305,,,3080.65,104.2131045,104.2643045,104.2312045,
3081.5499,104.2872,104.3393,104.3055,,,3081.5499,104.2134166,104.2655166,104.2317166,
3082.45,104.2871,104.3396,104.3059,,,3082.45,104.2133286,104.2658286,104.2321286,
3083.35,104.2884,104.34,104.3062,,,3083.35,104.2146407,104.2662407,104.2324407,
3084.2501,104.2876,104.3407,104.3065,,,3084.2501,104.2138527,104.2669527,104.2327527,
3085.15,104.2879,104.3419,104.3071,,,3085.15,104.2141648,104.2681648,104.2333648,
3086.0499,104.2889,104.3424,104.3075,,,3086.0499,104.2151769,104.2686769,104.2337769,
3086.95,104.2891,104.3435,104.3081,,,3086.95,104.2153889,104.2697889,104.2343889,
3087.85,104.2889,104.3434,104.3085,,,3087.85,104.215201,104.269701,104.234801,
3088.7501,104.2885,104.3443,104.3089,,,3088.7501,104.214813,104.270613,104.235213,
3089.65,104.288,104.3451,104.3089,,,3089.65,104.2143251,104.2714251,104.2352251,
3090.6,104.2884,104.3456,104.3091,,,3090.6,104.2147378,104.2719378,104.2354378,
3091.5499,104.2885,104.3463,104.3093,,,3091.5499,104.2148506,104.2726506,104.2356506,
3092.45,104.2891,104.3471,104.3099,,,3092.45,104.2154626,104.2734626,104.2362626,
3093.35,104.2891,104.3475,104.3102,,,3093.35,104.2154747,104.2738747,104.2365747,
3094.2501,104.2895,104.3486,104.3105,,,3094.2501,104.2158867,104.2749867,104.2368867,
3095.15,104.2897,104.3487,104.3108,,,3095.15,104.2160988,104.2750988,104.2371988,
3096.0499,104.2897,104.3491,104.3113,,,3096.0499,104.2161109,104.2755109,104.2377109,
3096.95,104.2907,104.3494,104.3116,,,3096.95,104.2171229,104.2758229,104.2380229,
3097.85,104.2907,104.3506,104.312,,,3097.85,104.217135,104.277035,104.238435,
3098.7501,104.2907,104.3509,104.3122,,,3098.7501,104.217147,104.277347,104.238647,
3099.65,104.2901,104.3522,104.3123,,,3099.65,104.2165591,104.2786591,104.2387591,
3100.5499,104.29,104.3529,104.3126,,,3100.5499,104.2164712,104.2793712,104.2390712,
3101.5001,104.2897,104.353,104.313,,,3101.5001,104.2161839,104.2794839,104.2394839,
3102.4,104.2901,104.3545,104.3135,,,3102.4,104.2165959,104.2809959,104.2399959,
3103.2999,104.2909,104.3552,104.3139,,,3103.2999,104.217408,104.281708,104.240408,
3104.2501,104.2907,104.3546,104.3145,,,3104.2501,104.2172207,104.2811207,104.2410207,
3105.15,104.2909,104.356,104.3147,,,3105.15,104.2174328,104.2825328,104.2412328,
3106.0499,104.2909,104.3576,104.3151,,,3106.0499,104.2174449,104.2841449,104.2416449,
3106.95,104.2912,104.3573,104.3156,,,3106.95,104.2177569,104.2838569,104.2421569,
3107.85,104.2914,104.3581,104.316,,,3107.85,104.217969,104.284669,104.242569,
3108.7501,104.2911,104.3588,104.3163,,,3108.7501,104.217681,104.285381,104.242881,
3109.65,104.2908,104.3593,104.3165,,,3109.65,104.2173931,104.2858931,104.2430931,
3110.5499,104.2911,104.3601,104.3168,,,3110.5499,104.2177052,104.2867052,104.2434052,
3111.45,104.2907,104.3608,104.3169,,,3111.45,104.2173172,104.2874172,104.2435172,
3112.35,104.2904,104.3611,104.3172,,,3112.35,104.2170293,104.2877293,104.2438293,
3113.2501,104.2904,104.3625,104.3175,,,3113.2501,104.2170413,104.2891413,104.2441413,
3114.15,104.2909,104.3621,104.3178,,,3114.15,104.2175534,104.2887534,104.2444534,
3115.0499,104.2903,104.3648,104.318,,,3115.0499,104.2169655,104.2914655,104.2446655,
3116.0001,104.2901,104.3649,104.3182,,,3116.0001,104.2167782,104.2915782,104.2448782,
3116.95,104.2901,104.3657,104.3186,,,3116.95,104.2167909,104.2923909,104.2452909,
3117.85,104.2899,104.3672,104.3189,,,3117.85,104.216603,104.293903,104.245603,
3118.7501,104.2896,104.3679,104.3191,,,3118.7501,104.216315,104.294615,104.245815,
3119.65,104.2896,104.3684,104.3193,,,3119.65,104.2163271,104.2951271,104.2460271,
3120.5499,104.2889,104.3688,104.3195,,,3120.5499,104.2156392,104.2955392,104.2462392,
3121.45,104.2891,104.37,104.3198,,,3121.45,104.2158512,104.2967512,104.2465512,
3122.35,104.2888,104.3717,104.3201,,,3122.35,104.2155633,104.2984633,104.2468633,
3123.2501,104.2888,104.3715,104.3202,,,3123.2501,104.2155753,104.2982753,104.2469753,
3124.15,104.2891,104.3726,104.3206,,,3124.15,104.2158874,104.2993874,104.2473874,
3125.0499,104.2887,104.3726,104.3208,,,3125.0499,104.2154994,104.2993994,104.2475994,
3125.95,104.2885,104.3745,104.3212,,,3125.95,104.2153115,104.3013115,104.2480115,
3126.85,104.2892,104.3738,104.3214,,,3126.85,104.2160236,104.3006236,104.2482236,
3127.7501,104.2888,104.3753,104.3215,,,3127.7501,104.2156356,104.3021356,104.2483356,
3128.7,104.2889,104.3751,104.3219,,,3128.7,104.2157484,104.3019484,104.2487484,
3129.65,104.2881,104.3769,104.322,,,3129.65,104.2149611,104.3037611,104.2488611,
3130.5499,104.2891,104.3767,104.3224,,,3130.5499,104.2159731,104.3035731,104.2492731,
3131.45,104.2885,104.3766,104.3225,,,3131.45,104.2153852,104.3034852,104.2493852,
3132.35,104.2889,104.3771,104.3228,,,3132.35,104.2157973,104.3039973,104.2496973,
3133.2501,104.2888,104.3778,104.3232,,,3133.2501,104.2157093,104.3047093,104.2501093,
3134.15,104.2892,104.3785,104.3237,,,3134.15,104.2161214,104.3054214,104.2506214,
3135.0499,104.29,104.3797,104.3242,,,3135.0499,104.2169334,104.3066334,104.2511334,
3135.95,104.2897,104.3801,104.3245,,,3135.95,104.2166455,104.3070455,104.2514455,
3136.85,104.2897,104.381,104.3248,,,3136.85,104.2166576,104.3079576,104.2517576,
3137.7999,104.2909,104.3818,104.3255,,,3137.7999,104.2178703,104.3087703,104.2524703,
3138.7501,104.2908,104.381,104.3258,,,3138.7501,104.217783,104.307983,104.252783,
3139.65,104.2908,104.3822,104.3261,,,3139.65,104.2177951,104.3091951,104.2530951,
3140.5499,104.2914,104.3838,104.3265,,,3140.5499,104.2184071,104.3108071,104.2535071,
3141.45,104.2916,104.3832,104.327,,,3141.45,104.2186192,104.3102192,104.2540192,
3142.35,104.2909,104.3832,104.3272,,,3142.35,104.2179313,104.3102313,104.2542313,
3143.2501,104.2919,104.3836,104.3277,,,3143.2501,104.2189433,104.3106433,104.2547433,
3144.15,104.2927,104.383,104.328,,,3144.15,104.2197554,104.3100554,104.2550554,
3145.0499,104.293,104.384,104.3284,,,3145.0499,104.2200674,104.3110674,104.2554674,
3146.0001,104.2922,104.3841,104.3288,,,3146.0001,104.2192802,104.3111802,104.2558802,
3146.95,104.2931,104.3841,104.3291,,,3146.95,104.2201929,104.3111929,104.2561929,
3147.85,104.2934,104.3842,104.3293,,,3147.85,104.220505,104.311305,104.256405,
3148.7501,104.2934,104.3851,104.3299,,,3148.7501,104.220517,104.312217,104.257017,
3149.65,104.2946,104.3851,104.3301,,,3149.65,104.2217291,104.3122291,104.2572291,
3150.5499,104.294,104.3845,104.3305,,,3150.5499,104.2211411,104.3116411,104.2576411,
3151.45,104.2947,104.3856,104.3307,,,3151.45,104.2218532,104.3127532,104.2578532,
3152.35,104.2946,104.3849,104.331,,,3152.35,104.2217653,104.3120653,104.2581653,
3153.2501,104.2952,104.3851,104.3312,,,3153.2501,104.2223773,104.3122773,104.2583773,
3154.2,104.2955,104.3856,104.3316,,,3154.2,104.2226901,104.3127901,104.2587901,
3155.15,104.2963,104.3842,104.3319,,,3155.15,104.2235028,104.3114028,104.2591028,
3156.0499,104.2967,104.3856,104.3322,,,3156.0499,104.2239148,104.3128148,104.2594148,
3156.95,104.2972,104.3847,104.3324,,,3156.95,104.2244269,104.3119269,104.2596269,
3157.85,104.2979,104.3849,104.3327,,,3157.85,104.225139,104.312139,104.259939,
3158.7501,104.2989,104.3845,104.333,,,3158.7501,104.226151,104.311751,104.260251,
3159.65,104.2994,104.3844,104.3334,,,3159.65,104.2266631,104.3116631,104.2606631,
3160.5499,104.2986,104.3849,104.3334,,,3160.5499,104.2258751,104.3121751,104.2606751,
3161.45,104.3001,104.3836,104.3336,,,3161.45,104.2273872,104.3108872,104.2608872,
3162.35,104.3001,104.3842,104.3339,,,3162.35,104.2273993,104.3114993,104.2611993,
3163.2501,104.3009,104.3848,104.334,,,3163.2501,104.2282113,104.3121113,104.2613113,
3164.15,104.301,104.3832,104.3343,,,3164.15,104.2283234,104.3105234,104.2616234,
3165.0499,104.3015,104.3832,104.3347,,,3165.0499,104.2288354,104.3105354,104.2620354,
3166.0001,104.3021,104.383,104.3349,,,3166.0001,104.2294482,104.3103482,104.2622482,
3166.95,104.3025,104.3821,104.3353,,,3166.95,104.2298609,104.3094609,104.2626609,
3167.85,104.3031,104.3826,104.3355,,,3167.85,104.230473,104.309973,104.262873,
3168.7501,104.3044,104.3816,104.336,,,3168.7501,104.231785,104.308985,104.263385,
3169.65,104.3042,104.3832,104.3364,,,3169.65,104.2315971,104.3105971,104.2637971,
3170.5499,104.3049,104.3816,104.3369,,,3170.5499,104.2323091,104.3090091,104.2643091,
3171.45,104.305,104.3809,104.337,,,3171.45,104.2324212,104.3083212,104.2644212,
3172.35,104.3057,104.381,104.3372,,,3172.35,104.2331333,104.3084333,104.2646333,
3173.2501,104.3068,104.3806,104.3377,,,3173.2501,104.2342453,104.3080453,104.2651453,
3174.15,104.3072,104.381,104.3379,,,3174.15,104.2346574,104.3084574,104.2653574,
3175.0499,104.3073,104.3798,104.3383,,,3175.0499,104.2347694,104.3072694,104.2657694,
3175.95,104.3077,104.3806,104.3387,,,3175.95,104.2351815,104.3080815,104.2661815,
3176.85,104.3086,104.3813,104.3392,,,3176.85,104.2360936,104.3087936,104.2666936,
3177.7999,104.3088,104.3805,104.3393,,,3177.7999,104.2363063,104.3080063,104.2668063,
3178.7501,104.3084,104.382,104.3395,,,3178.7501,104.235919,104.309519,104.267019,
3179.65,104.3088,104.3814,104.3395,,,3179.65,104.2363311,104.3089311,104.2670311,
3180.5499,104.3089,104.3822,104.3396,,,3180.5499,104.2364431,104.3097431,104.2671431,
3181.45,104.3096,104.3817,104.3399,,,3181.45,104.2371552,104.3092552,104.2674552,
3182.35,104.3094,104.3821,104.3399,,,3182.35,104.2369673,104.3096673,104.2674673,
3183.2501,104.3085,104.3833,104.3399,,,3183.2501,104.2360793,104.3108793,104.2674793,
3184.15,104.309,104.3837,104.3402,,,3184.15,104.2365914,104.3112914,104.2677914,
3185.0499,104.3093,104.3836,104.3407,,,3185.0499,104.2369034,104.3112034,104.2683034,
3185.95,104.309,104.3844,104.3407,,,3185.95,104.2366155,104.3120155,104.2683155,
3186.9,104.3084,104.3851,104.3407,,,3186.9,104.2360282,104.3127282,104.2683282,
3187.7999,104.3085,104.3856,104.3408,,,3187.7999,104.2361403,104.3132403,104.2684403,
3188.7,104.3081,104.3856,104.3408,,,3188.7,104.2357523,104.3132523,104.2684523,
3189.65,104.3078,104.3868,104.3404,,,3189.65,104.2354651,104.3144651,104.2680651,
3190.5499,104.3076,104.3871,104.3406,,,3190.5499,104.2352771,104.3147771,104.2682771,
3191.45,104.3082,104.3872,104.3406,,,3191.45,104.2358892,104.3148892,104.2682892,
3192.35,104.3076,104.3881,104.3407,,,3192.35,104.2353012,104.3158012,104.2684012,
3193.2501,104.3077,104.3889,104.3408,,,3193.2501,104.2354133,104.3166133,104.2685133,
3194.15,104.3074,104.3888,104.3404,,,3194.15,104.2351254,104.3165254,104.2681254,
3195.0499,104.3065,104.3897,104.3404,,,3195.0499,104.2342374,104.3174374,104.2681374,
3195.95,104.3064,104.3891,104.3404,,,3195.95,104.2341495,104.3168495,104.2681495,
3196.85,104.306,104.3904,104.3405,,,3196.85,104.2337615,104.3181615,104.2682615,
3197.7501,104.3062,104.3905,104.3404,,,3197.7501,104.2339736,104.3182736,104.2681736,
3198.65,104.305,104.3911,104.34,,,3198.65,104.2327857,104.3188857,104.2677857,
3199.5499,104.3049,104.3928,104.34,,,3199.5499,104.2326977,104.3205977,104.2677977,
3200.45,104.3042,104.3919,104.3397,,,3200.45,104.2320098,104.3197098,104.2675098,
3201.4,104.3031,104.393,104.3398,,,3201.4,104.2309225,104.3208225,104.2676225,
3202.2999,104.3036,104.3926,104.3397,,,3202.2999,104.2314346,104.3204346,104.2675346,
3203.2,104.3029,104.3939,104.3394,,,3203.2,104.2307466,104.3217466,104.2672466,
3204.15,104.3025,104.3939,104.3393,,,3204.15,104.2303594,104.3217594,104.2671594,
3205.0499,104.3021,104.3938,104.3392,,,3205.0499,104.2299714,104.3216714,104.2670714,
3205.95,104.3021,104.3955,104.3392,,,3205.95,104.2299835,104.3233835,104.2670835,
3206.85,104.3013,104.3956,104.3391,,,3206.85,104.2291955,104.3234955,104.2669955,
3207.7501,104.3011,104.397,104.3391,,,3207.7501,104.2290076,104.3249076,104.2670076,
3208.65,104.3006,104.3955,104.3391,,,3208.65,104.2285197,104.3234197,104.2670197,
3209.5499,104.3005,104.3966,104.3387,,,3209.5499,104.2284317,104.3245317,104.2666317,
3210.45,104.3006,104.3975,104.3391,,,3210.45,104.2285438,104.3254438,104.2670438,
3211.35,104.3006,104.3986,104.3393,,,3211.35,104.2285558,104.3265558,104.2672558,
3212.2501,104.3005,104.3985,104.3394,,,3212.2501,104.2284679,104.3264679,104.2673679,
3213.15,104.3007,104.3985,104.3391,,,3213.15,104.22868,104.32648,104.26708,
3214.0499,104.3013,104.3979,104.3393,,,3214.0499,104.229292,104.325892,104.267292,
3214.95,104.301,104.3999,104.3394,,,3214.95,104.2290041,104.3279041,104.2674041,
3215.85,104.3007,104.4001,104.3395,,,3215.85,104.2287161,104.3281161,104.2675161,
3216.7501,104.3013,104.4003,104.3397,,,3216.7501,104.2293282,104.3283282,104.2677282,
3217.65,104.3017,104.4009,104.3401,,,3217.65,104.2297403,104.3289403,104.2681403,
3218.5499,104.3026,104.401,104.3403,,,3218.5499,104.2306523,104.3290523,104.2683523,
3219.45,104.3017,104.4009,104.3405,,,3219.45,104.2297644,104.3289644,104.2685644,
3220.35,104.3005,104.4011,104.3405,,,3220.35,104.2285764,104.3291764,104.2685764,
3221.2501,104.2997,104.4025,104.3406,,,3221.2501,104.2277885,104.3305885,104.2686885,
3222.15,104.3005,104.4018,104.3407,,,3222.15,104.2286006,104.3299006,104.2688006,
3223.0499,104.2989,104.4007,104.3409,,,3223.0499,104.2270126,104.3288126,104.2690126,
3223.95,104.2997,104.4014,104.3411,,,3223.95,104.2278247,104.3295247,104.2692247,
3224.85,104.3039,104.4014,104.3415,,,3224.85,104.2320367,104.3295367,104.2696367,
3225.7501,104.303,104.4035,104.3415,,,3225.7501,104.2311488,104.3316488,104.2696488,
3226.65,104.301,104.4032,104.3421,,,3226.65,104.2291609,104.3313609,104.2702609,
3227.5499,104.3054,104.4013,104.3427,,,3227.5499,104.2335729,104.3294729,104.2708729,
3228.45,104.3058,104.4011,104.343,,,3228.45,104.233985,104.329285,104.271185,
3229.35,104.3065,104.4023,104.3432,,,3229.35,104.234697,104.330497,104.271397,
3230.2501,104.3078,104.4022,104.3434,,,3230.2501,104.2360091,104.3304091,104.2716091,
3231.15,104.3076,104.4019,104.3436,,,3231.15,104.2358212,104.3301212,104.2718212,
3232.0499,104.3088,104.4018,104.3441,,,3232.0499,104.2370332,104.3300332,104.2723332,
3232.95,104.3097,104.4013,104.3445,,,3232.95,104.2379453,104.3295453,104.2727453,
3233.85,104.3105,104.4009,104.3449,,,3233.85,104.2387573,104.3291573,104.2731573,
3234.7999,104.3081,104.4013,104.3453,,,3234.7999,104.2363701,104.3295701,104.2735701,
3235.7501,104.3049,104.4007,104.3457,,,3235.7501,104.2331828,104.3289828,104.2739828,
3236.65,104.3046,104.401,104.346,,,3236.65,104.2328949,104.3292949,104.2742949,
3237.5499,104.3062,104.3999,104.3467,,,3237.5499,104.2345069,104.3282069,104.2750069,
3238.45,104.3065,104.4009,104.3472,,,3238.45,104.234819,104.329219,104.275519,
3239.35,104.3077,104.4011,104.3478,,,3239.35,104.236031,104.329431,104.276131,
3240.2501,104.3123,104.4007,104.3486,,,3240.2501,104.2406431,104.3290431,104.2769431,
3241.15,104.3123,104.3977,104.3491,,,3241.15,104.2406552,104.3260552,104.2774552,
3242.0499,104.3129,104.3978,104.3493,,,3242.0499,104.2412672,104.3261672,104.2776672,
3242.95,104.3149,104.3978,104.35,,,3242.95,104.2432793,104.3261793,104.2783793,
3243.85,104.3164,104.3967,104.3507,,,3243.85,104.2447913,104.3250913,104.2790913,
3244.7501,104.3206,104.3971,104.3515,,,3244.7501,104.2490034,104.3255034,104.2799034,
3245.65,104.3203,104.3966,104.3519,,,3245.65,104.2487155,104.3250155,104.2803155,
3246.5499,104.3171,104.3969,104.3524,,,3246.5499,104.2455275,104.3253275,104.2808275,
3247.45,104.317,104.3974,104.3531,,,3247.45,104.2454396,104.3258396,104.2815396,
3248.35,104.3218,104.3962,104.3539,,,3248.35,104.2502516,104.3246516,104.2823516,
3249.2999,104.322,104.3974,104.3547,,,3249.2999,104.2504644,104.3258644,104.2831644,
3250.2501,104.3261,104.3964,104.3556,,,3250.2501,104.2545771,104.3248771,104.2840771,
3251.15,104.3255,104.393,104.3516,,,3251.15,104.2539892,104.3214892,104.2800892,
3252.0499,104.3269,104.3962,104.356,,,3252.0499,104.2554012,104.3247012,104.2845012,
3252.95,104.3351,104.3959,104.3573,,,3252.95,104.2636133,104.3244133,104.2858133,
3253.85,104.336,104.3963,104.3583,,,3253.85,104.2645253,104.3248253,104.2868253,
3254.7501,104.3372,104.3952,104.359,,,3254.7501,104.2657374,104.3237374,104.2875374,
3255.65,104.3377,104.397,104.3595,,,3255.65,104.2662495,104.3255495,104.2880495,
3256.5499,104.3396,104.3952,104.3602,,,3256.5499,104.2681615,104.3237615,104.2887615,
3257.45,104.3405,104.396,104.3607,,,3257.45,104.2690736,104.3245736,104.2892736,
3258.35,104.3415,104.3959,104.3615,,,3258.35,104.2700856,104.3244856,104.2900856,
3259.2501,104.3434,104.3956,104.3625,,,3259.2501,104.2719977,104.3241977,104.2910977,
3260.15,104.344,104.3963,104.3631,,,3260.15,104.2726097,104.3249097,104.2917097,
3261.0499,104.3432,104.3956,104.3635,,,3261.0499,104.2718218,104.3242218,104.2921218,
3261.95,104.3463,104.395,104.3642,,,3261.95,104.2749339,104.3236339,104.2928339,
3262.85,104.3466,104.3962,104.3648,,,3262.85,104.2752459,104.3248459,104.2934459,
3263.7501,104.3434,104.3943,104.3648,,,3263.7501,104.272058,104.322958,104.293458,
3264.65,104.3408,104.3946,104.3654,,,3264.65,104.26947,104.32327,104.29407,
3265.5499,104.3506,104.3946,104.3664,,,3265.5499,104.2792821,104.3232821,104.2950821,
3266.5001,104.3509,104.3938,104.3667,,,3266.5001,104.2795948,104.3224948,104.2953948,
3267.45,104.3523,104.3944,104.3672,,,3267.45,104.2810076,104.3231076,104.2959076,
3268.35,104.3531,104.3936,104.3682,,,3268.35,104.2818196,104.3223196,104.2969196,
3269.2501,104.3546,104.3946,104.3692,,,3269.2501,104.2833317,104.3233317,104.2979317,
3270.15,104.3556,104.3942,104.3699,,,3270.15,104.2843437,104.3229437,104.2986437,
3271.0499,104.3565,104.3942,104.3707,,,3271.0499,104.2852558,104.3229558,104.2994558,
3271.95,104.3574,104.3942,104.3713,,,3271.95,104.2861679,104.3229679,104.3000679,
3272.85,104.3582,104.3936,104.372,,,3272.85,104.2869799,104.3223799,104.3007799,
3273.7501,104.3592,104.3938,104.3726,,,3273.7501,104.287992,104.322592,104.301392,
3274.65,104.3598,104.3932,104.3734,,,3274.65,104.288604,104.322004,104.302204,
3275.5499,104.3609,104.3938,104.3745,,,3275.5499,104.2897161,104.3226161,104.3033161,
3276.45,104.362,104.3934,104.3748,,,3276.45,104.2908282,104.3222282,104.3036282,
3277.35,104.3627,104.3934,104.3756,,,3277.35,104.2915402,104.3222402,104.3044402,
3278.2501,104.364,104.393,104.3766,,,3278.2501,104.2928523,104.3218523,104.3054523,
3279.2,104.3655,104.3932,104.3774,,,3279.2,104.294365,104.322065,104.306265,
3280.15,104.3657,104.3935,104.3784,,,3280.15,104.2945777,104.3223777,104.3072777,
3281.0499,104.3668,104.394,104.3794,,,3281.0499,104.2956898,104.3228898,104.3082898,
3281.95,104.3683,104.3936,104.38,,,3281.95,104.2972019,104.3225019,104.3089019,
3282.85,104.3691,104.3936,104.3806,,,3282.85,104.2980139,104.3225139,104.3095139,
3283.7501,104.3695,104.3936,104.3813,,,3283.7501,104.298426,104.322526,104.310226,
3284.65,104.3708,104.3938,104.382,,,3284.65,104.299738,104.322738,104.310938,
3285.5499,104.3711,104.394,104.3826,,,3285.5499,104.3000501,104.3229501,104.3115501,
3286.45,104.3719,104.3942,104.3831,,,3286.45,104.3008622,104.3231622,104.3120622,
3287.35,104.3725,104.3946,104.3838,,,3287.35,104.3014742,104.3235742,104.3127742,
3288.2501,104.3727,104.3944,104.3845,,,3288.2501,104.3016863,104.3233863,104.3134863,
3289.15,104.3738,104.3952,104.3854,,,3289.15,104.3027983,104.3241983,104.3143983,
3290.1,104.375,104.3955,104.3864,,,3290.1,104.3040111,104.3245111,104.3154111,
3291.0001,104.3751,104.396,104.3871,,,3291.0001,104.3041231,104.3250231,104.3161231,
3291.9,104.3765,104.3962,104.3877,,,3291.9,104.3055352,104.3252352,104.3167352,
3292.85,104.3769,104.3964,104.3882,,,3292.85,104.3059479,104.3254479,104.3172479,
3293.7501,104.3774,104.3974,104.3889,,,3293.7501,104.30646,104.32646,104.31796,
3294.65,104.3779,104.3978,104.3894,,,3294.65,104.306972,104.326872,104.318472,
3295.5499,104.3786,104.3985,104.3902,,,3295.5499,104.3076841,104.3275841,104.3192841,
3296.45,104.3798,104.3991,104.3909,,,3296.45,104.3088962,104.3281962,104.3199962,
3297.35,104.3792,104.3999,104.3915,,,3297.35,104.3083082,104.3290082,104.3206082,
3298.2501,104.3802,104.4007,104.3921,,,3298.2501,104.3093203,104.3298203,104.3212203,
3299.15,104.3804,104.4014,104.3927,,,3299.15,104.3095323,104.3305323,104.3218323,
3300.0499,104.3808,104.4022,104.3933,,,3300.0499,104.3099444,104.3313444,104.3224444,
3300.95,104.3821,104.403,104.3938,,,3300.95,104.3112565,104.3321565,104.3229565,
3301.85,104.3816,104.403,104.3941,,,3301.85,104.3107685,104.3321685,104.3232685,
3302.7501,104.3821,104.4038,104.3947,,,3302.7501,104.3112806,104.3329806,104.3238806,
3303.65,104.3822,104.4042,104.3949,,,3303.65,104.3113926,104.3333926,104.3240926,
3304.6,104.3829,104.4046,104.3951,,,3304.6,104.3121054,104.3338054,104.3243054,
3305.5001,104.383,104.4053,104.3952,,,3305.5001,104.3122174,104.3345174,104.3244174,
3306.4,104.3836,104.4065,104.3958,,,3306.4,104.3128295,104.3357295,104.3250295,
3307.35,104.3836,104.4069,104.3959,,,3307.35,104.3128422,104.3361422,104.3251422,
3308.2501,104.3829,104.408,104.3962,,,3308.2501,104.3121543,104.3372543,104.3254543,
3309.15,104.3847,104.4092,104.3967,,,3309.15,104.3139663,104.3384663,104.3259663,
3310.0499,104.384,104.4104,104.3968,,,3310.0499,104.3132784,104.3396784,104.3260784,
3310.95,104.3836,104.4111,104.3971,,,3310.95,104.3128905,104.3403905,104.3263905,
3311.85,104.3836,104.4116,104.3969,,,3311.85,104.3129025,104.3409025,104.3262025,
3312.7501,104.3829,104.4127,104.3968,,,3312.7501,104.3122146,104.3420146,104.3261146,
3313.65,104.3841,104.4137,104.3973,,,3313.65,104.3134266,104.3430266,104.3266266,
3314.5499,104.3847,104.4144,104.3974,,,3314.5499,104.3140387,104.3437387,104.3267387,
3315.45,104.3841,104.4152,104.3976,,,3315.45,104.3134508,104.3445508,104.3269508,
3316.35,104.3837,104.4157,104.3977,,,3316.35,104.3130628,104.3450628,104.3270628,
3317.2501,104.3847,104.417,104.398,,,3317.2501,104.3140749,104.3463749,104.3273749,
3318.15,104.3848,104.4179,104.3985,,,3318.15,104.3141869,104.3472869,104.3278869,
3319.0499,104.3844,104.4187,104.3989,,,3319.0499,104.313799,104.348099,104.328299,
3319.95,104.3841,104.4206,104.3992,,,3319.95,104.3135111,104.3500111,104.3286111,
3320.85,104.3853,104.4208,104.3995,,,3320.85,104.3147231,104.3502231,104.3289231,
3321.7501,104.3853,104.4221,104.3997,,,3321.7501,104.3147352,104.3515352,104.3291352,
3322.65,104.3857,104.4221,104.3999,,,3322.65,104.3151472,104.3515472,104.3293472,
3323.5499,104.3859,104.4231,104.4002,,,3323.5499,104.3153593,104.3525593,104.3296593,
3324.45,104.386,104.4235,104.4002,,,3324.45,104.3154714,104.3529714,104.3296714,
3325.35,104.3856,104.4251,104.4005,,,3325.35,104.3150834,104.3545834,104.3299834,
3326.2501,104.3852,104.4265,104.401,,,3326.2501,104.3146955,104.3559955,104.3304955,
3327.15,104.3855,104.4267,104.4013,,,3327.15,104.3150075,104.3562075,104.3308075,
3328.0499,104.3861,104.4279,104.4017,,,3328.0499,104.3156196,104.3574196,104.3312196,
3328.95,104.3864,104.4288,104.4019,,,3328.95,104.3159316,104.3583316,104.3314316,
3329.9,104.386,104.4296,104.4021,,,3329.9,104.3155444,104.3591444,104.3316444,
3330.85,104.3861,104.4302,104.4023,,,3330.85,104.3156571,104.3597571,104.3318571,
3331.7501,104.386,104.431,104.4026,,,3331.7501,104.3155692,104.3605692,104.3321692,
3332.65,104.3856,104.4314,104.4028,,,3332.65,104.3151812,104.3609812,104.3323812,
3333.5499,104.3864,104.432,104.4032,,,3333.5499,104.3159933,104.3615933,104.3327933,
3334.45,104.3865,104.4336,104.4035,,,3334.45,104.3161053,104.3632053,104.3331053,
3335.35,104.386,104.4344,104.4039,,,3335.35,104.3156174,104.3640174,104.3335174,
3336.2501,104.3825,104.4352,104.4041,,,3336.2501,104.3121295,104.3648295,104.3337295,
3337.15,104.3856,104.4356,104.4047,,,3337.15,104.3152415,104.3652415,104.3343415,
3338.0499,104.3864,104.4355,104.4051,,,3338.0499,104.3160536,104.3651536,104.3347536,
3338.95,104.3867,104.4372,104.4053,,,3338.95,104.3163656,104.3668656,104.3349656,
3339.85,104.3867,104.4381,104.4057,,,3339.85,104.3163777,104.3677777,104.3353777,
3340.7501,104.3868,104.4388,104.406,,,3340.7501,104.3164898,104.3684898,104.3356898,
3341.65,104.3865,104.4395,104.4064,,,3341.65,104.3162018,104.3692018,104.3361018,
3342.5499,104.3867,104.4401,104.4067,,,3342.5499,104.3164139,104.3698139,104.3364139,
3343.45,104.3875,104.441,104.4072,,,3343.45,104.3172259,104.3707259,104.3369259,
3344.35,104.3877,104.4422,104.4077,,,3344.35,104.317438,104.371938,104.337438,
3345.2501,104.3873,104.4423,104.4083,,,3345.2501,104.3170501,104.3720501,104.3380501,
3346.15,104.3881,104.4434,104.4088,,,3346.15,104.3178621,104.3731621,104.3385621,
3347.0499,104.3887,104.4435,104.4095,,,3347.0499,104.3184742,104.3732742,104.3392742,
3347.95,104.3897,104.4446,104.4099,,,3347.95,104.3194862,104.3743862,104.3396862,
3348.85,104.39,104.4454,104.4104,,,3348.85,104.3197983,104.3751983,104.3401983,
3349.7501,104.3897,104.4455,104.4107,,,3349.7501,104.3195104,104.3753104,104.3405104,
3350.65,104.3887,104.4466,104.4109,,,3350.65,104.3185224,104.3764224,104.3407224,
3351.5499,104.3904,104.4491,104.4116,,,3351.5499,104.3202345,104.3789345,104.3414345,
3352.45,104.3912,104.449,104.412,,,3352.45,104.3210465,104.3788465,104.3418465,
3353.35,104.3912,104.4498,104.4126,,,3353.35,104.3210586,104.3796586,104.3424586,
3354.2501,104.3912,104.4517,104.4131,,,3354.2501,104.3210707,104.3815707,104.3429707,
3355.15,104.3918,104.4514,104.4134,,,3355.15,104.3216827,104.3812827,104.3432827,
3356.0499,104.392,104.4513,104.4138,,,3356.0499,104.3218948,104.3811948,104.3436948,
3356.95,104.3923,104.4525,104.4141,,,3356.95,104.3222068,104.3824068,104.3440068,
3357.85,104.392,104.4537,104.4148,,,3357.85,104.3219189,104.3836189,104.3447189,
3358.7501,104.3927,104.4542,104.4153,,,3358.7501,104.322631,104.384131,104.345231,
3359.65,104.3936,104.4558,104.4157,,,3359.65,104.323543,104.385743,104.345643,
3360.5499,104.3928,104.4564,104.4159,,,3360.5499,104.3227551,104.3863551,104.3458551,
3361.45,104.3932,104.4572,104.4164,,,3361.45,104.3231671,104.3871671,104.3463671,
3362.35,104.3924,104.4577,104.4169,,,3362.35,104.3223792,104.3876792,104.3468792,
3363.2501,104.3936,104.4591,104.4178,,,3363.2501,104.3235913,104.3890913,104.3477913,
3364.15,104.3943,104.4593,104.4177,,,3364.15,104.3243033,104.3893033,104.3477033,
3365.0499,104.3947,104.4601,104.4179,,,3365.0499,104.3247154,104.3901154,104.3479154,
3365.95,104.3946,104.4608,104.4183,,,3365.95,104.3246274,104.3908274,104.3483274,
3366.85,104.3938,104.4604,104.4186,,,3366.85,104.3238395,104.3904395,104.3486395,
3367.7501,104.395,104.4609,104.4191,,,3367.7501,104.3250516,104.3909516,104.3491516,
3368.65,104.3955,104.4607,104.4195,,,3368.65,104.3255636,104.3907636,104.3495636,
3369.5499,104.3956,104.462,104.4201,,,3369.5499,104.3256757,104.3920757,104.3501757,
3370.45,104.3955,104.4635,104.4203,,,3370.45,104.3255877,104.3935877,104.3503877,
3371.35,104.3952,104.4637,104.4205,,,3371.35,104.3252998,104.3937998,104.3505998,
3372.2501,104.3962,104.466,104.4213,,,3372.2501,104.3263119,104.3961119,104.3514119,
3373.15,104.3962,104.4644,104.4213,,,3373.15,104.3263239,104.3945239,104.3514239,
3374.0499,104.3963,104.4674,104.422,,,3374.0499,104.326436,104.397536,104.352136,
3374.95,104.3972,104.466,104.4222,,,3374.95,104.327348,104.396148,104.352348,
3375.85,104.3975,104.4671,104.4225,,,3375.85,104.3276601,104.3972601,104.3526601,
3376.7501,104.3977,104.4664,104.4229,,,3376.7501,104.3278722,104.3965722,104.3530722,
3377.65,104.3979,104.4676,104.4235,,,3377.65,104.3280842,104.3977842,104.3536842,
3378.5499,104.3982,104.4686,104.4237,,,3378.5499,104.3283963,104.3987963,104.3538963,
3379.45,104.3987,104.4694,104.4241,,,3379.45,104.3289083,104.3996083,104.3543083,
3380.35,104.399,104.4696,104.4242,,,3380.35,104.3292204,104.3998204,104.3544204,
3381.2501,104.3987,104.4714,104.4245,,,3381.2501,104.3289325,104.4016325,104.3547325,
3382.2,104.3989,104.4718,104.425,,,3382.2,104.3291452,104.4020452,104.3552452,
3383.1002,104.3987,104.4702,104.4253,,,3383.1002,104.3289572,104.4004572,104.3555572,
3384.0001,104.3986,104.471,104.4257,,,3384.0001,104.3288693,104.4012693,104.3559693,
3384.9,104.399,104.4722,104.426,,,3384.9,104.3292814,104.4024814,104.3562814,
3385.7999,104.3995,104.4723,104.4263,,,3385.7999,104.3297934,104.4025934,104.3565934,
3386.7501,104.4002,104.4738,104.4267,,,3386.7501,104.3305062,104.4041062,104.3570062,
3387.65,104.3998,104.4755,104.4273,,,3387.65,104.3301182,104.4058182,104.3576182,
3388.5499,104.4003,104.4754,104.4276,,,3388.5499,104.3306303,104.4057303,104.3579303,
3389.45,104.4006,104.4773,104.4282,,,3389.45,104.3309423,104.4076423,104.3585423,
3390.35,104.4005,104.4758,104.4286,,,3390.35,104.3308544,104.4061544,104.3589544,
3391.2501,104.4007,104.4771,104.4288,,,3391.2501,104.3310665,104.4074665,104.3591665,
3392.15,104.401,104.4778,104.4293,,,3392.15,104.3313785,104.4081785,104.3596785,
3393.0499,104.4014,104.4794,104.43,,,3393.0499,104.3317906,104.4097906,104.3603906,
3393.95,104.4017,104.4789,104.4302,,,3393.95,104.3321026,104.4093026,104.3606026,
3394.85,104.4021,104.4782,104.4305,,,3394.85,104.3325147,104.4086147,104.3609147,
3395.7501,104.4015,104.48,104.4311,,,3395.7501,104.3319268,104.4104268,104.3615268,
3396.65,104.4029,104.4797,104.4315,,,3396.65,104.3333388,104.4101388,104.3619388,
3397.5499,104.4029,104.4806,104.4318,,,3397.5499,104.3333509,104.4110509,104.3622509,
3398.45,104.4038,104.4809,104.4325,,,3398.45,104.3342629,104.4113629,104.3629629,
3399.35,104.4038,104.4812,104.433,,,3399.35,104.334275,104.411675,104.363475,
3400.2501,104.4033,104.4817,104.4334,,,3400.2501,104.333787,104.412187,104.363887,
3401.15,104.4038,104.4828,104.4338,,,3401.15,104.3342991,104.4132991,104.3642991,
3402.0499,104.4046,104.4834,104.4342,,,3402.0499,104.3351112,104.4139112,104.3647112,
3402.95,104.4046,104.4833,104.4346,,,3402.95,104.3351232,104.4138232,104.3651232,
3403.85,104.4045,104.4833,104.4348,,,3403.85,104.3350353,104.4138353,104.3653353,
3404.7501,104.4027,104.4836,104.4354,,,3404.7501,104.3332473,104.4141473,104.3659473,
3405.65,104.4058,104.4838,104.4361,,,3405.65,104.3363594,104.4143594,104.3666594,
3406.5499,104.4061,104.4861,104.4368,,,3406.5499,104.3366715,104.4166715,104.3673715,
3407.45,104.4064,104.4859,104.4369,,,3407.45,104.3369835,104.4164835,104.3674835,
3408.35,104.4062,104.4861,104.4372,,,3408.35,104.3367956,104.4166956,104.3677956,
3409.2501,104.403,104.4852,104.4372,,,3409.2501,104.3336076,104.4158076,104.3678076,
3410.15,104.4072,104.4868,104.438,,,3410.15,104.3378197,104.4174197,104.3686197,
3411.0499,104.4085,104.4871,104.4387,,,3411.0499,104.3391318,104.4177318,104.3693318,
3411.95,104.4088,104.4875,104.439,,,3411.95,104.3394438,104.4181438,104.3696438,
3412.9,104.4089,104.4891,104.4395,,,3412.9,104.3395566,104.4197566,104.3701566,
3413.85,104.4066,104.4883,104.4399,,,3413.85,104.3372693,104.4189693,104.3705693,
3414.7501,104.4037,104.4887,104.4403,,,3414.7501,104.3343813,104.4193813,104.3709813,
3415.65,104.4107,104.4892,104.4411,,,3415.65,104.3413934,104.4198934,104.3717934,
3416.5499,104.4123,104.4889,104.4417,,,3416.5499,104.3430055,104.4196055,104.3724055,
3417.45,104.4129,104.4892,104.4423,,,3417.45,104.3436175,104.4199175,104.3730175,
3418.35,104.4137,104.4896,104.4428,,,3418.35,104.3444296,104.4203296,104.3735296,
3419.2501,104.4147,104.49,104.4436,,,3419.2501,104.3454416,104.4207416,104.3743416,
3420.15,104.4151,104.4895,104.4439,,,3420.15,104.3458537,104.4202537,104.3746537,
3421.0499,104.4152,104.4916,104.4446,,,3421.0499,104.3459658,104.4223658,104.3753658,
3421.95,104.4154,104.491,104.4449,,,3421.95,104.3461778,104.4217778,104.3756778,
3422.85,104.4167,104.4904,104.4454,,,3422.85,104.3474899,104.4211899,104.3761899,
3423.7501,104.4171,104.4899,104.4456,,,3423.7501,104.3479019,104.4207019,104.3764019,
3424.65,104.4178,104.4911,104.446,,,3424.65,104.348614,104.421914,104.376814,
3425.5499,104.4178,104.4903,104.4464,,,3425.5499,104.3486261,104.4211261,104.3772261,
3426.45,104.4196,104.4908,104.4469,,,3426.45,104.3504381,104.4216381,104.3777381,
3427.35,104.42,104.4904,104.4472,,,3427.35,104.3508502,104.4212502,104.3780502,
3428.2501,104.4182,104.4893,104.4476,,,3428.2501,104.3490622,104.4201622,104.3784622,
3429.15,104.4198,104.4902,104.4481,,,3429.15,104.3506743,104.4210743,104.3789743,
3430.0499,104.4219,104.4902,104.4485,,,3430.0499,104.3527864,104.4210864,104.3793864,
3430.95,104.4222,104.4895,104.4487,,,3430.95,104.3530984,104.4203984,104.3795984,
3431.85,104.4225,104.4887,104.4489,,,3431.85,104.3534105,104.4196105,104.3798105,
3432.7999,104.4239,104.4892,104.449,,,3432.7999,104.3548232,104.4201232,104.3799232,
3433.6998,104.4235,104.4888,104.4492,,,3433.6998,104.3544353,104.4197353,104.3801353,
3434.6,104.4242,104.4868,104.4492,,,3434.6,104.3551473,104.4177473,104.3801473,
3435.5001,104.4249,104.4868,104.4493,,,3435.5001,104.3558594,104.4177594,104.3802594,
3436.35,104.4247,104.4873,104.4493,,,3436.35,104.3556708,104.4182708,104.3802708,
3437.2501,104.4257,104.4871,104.4495,,,3437.2501,104.3566828,104.4180828,104.3804828,
3438.2,104.4258,104.4859,104.4495,,,3438.2,104.3567956,104.4168956,104.3804956,
3439.15,104.4262,104.4843,104.4494,,,3439.15,104.3572083,104.4153083,104.3804083,
3440.0499,104.4263,104.4837,104.4494,,,3440.0499,104.3573204,104.4147204,104.3804204,
3440.95,104.4275,104.4838,104.4493,,,3440.95,104.3585324,104.4148324,104.3803324,
3441.7999,104.4269,104.4829,104.449,,,3441.7999,104.3579438,104.4139438,104.3800438,
3442.7,104.4271,104.4825,104.4488,,,3442.7,104.3581559,104.4135559,104.3798559,
3443.6002,104.4275,104.4806,104.4486,,,3443.6002,104.3585679,104.4116679,104.3796679,
3444.5001,104.4266,104.4801,104.448,,,3444.5001,104.35768,104.41118,104.37908,
3445.45,104.4267,104.479,104.4479,,,3445.45,104.3577927,104.4100927,104.3789927,
3446.35,104.4265,104.4789,104.4476,,,3446.35,104.3576048,104.4100048,104.3787048,
3447.2501,104.4253,104.4781,104.4469,,,3447.2501,104.3564168,104.4092168,104.3780168,
3448.15,104.4258,104.477,104.4466,,,3448.15,104.3569289,104.4081289,104.3777289,
3449.0499,104.4249,104.4753,104.4461,,,3449.0499,104.356041,104.406441,104.377241,
3449.95,104.4249,104.4738,104.4456,,,3449.95,104.356053,104.404953,104.376753,
3450.85,104.4238,104.4733,104.4451,,,3450.85,104.3549651,104.4044651,104.3762651,
3451.7501,104.4231,104.4727,104.4445,,,3451.7501,104.3542771,104.4038771,104.3756771,
3452.65,104.4229,104.4726,104.4436,,,3452.65,104.3540892,104.4037892,104.3747892,
3453.5499,104.4212,104.4715,104.4427,,,3453.5499,104.3524013,104.4027013,104.3739013,
3454.45,104.4198,104.4707,104.4418,,,3454.45,104.3510133,104.4019133,104.3730133,
3455.35,104.4194,104.4706,104.4407,,,3455.35,104.3506254,104.4018254,104.3719254,
3456.2501,104.4186,104.47,104.44,,,3456.2501,104.3498374,104.4012374,104.3712374,
3457.15,104.4174,104.4696,104.439,,,3457.15,104.3486495,104.4008495,104.3702495,
3458.0499,104.4168,104.4688,104.4379,,,3458.0499,104.3480615,104.4000615,104.3691615,
3458.95,104.4156,104.4683,104.4367,,,3458.95,104.3468736,104.3995736,104.3679736,
3459.85,104.4144,104.4679,104.4356,,,3459.85,104.3456857,104.3991857,104.3668857,
3460.7501,104.4137,104.4671,104.4342,,,3460.7501,104.3449977,104.3983977,104.3654977,
3461.65,104.4121,104.4672,104.4329,,,3461.65,104.3434098,104.3985098,104.3642098,
3462.5499,104.4116,104.4658,104.4317,,,3462.5499,104.3429218,104.3971218,104.3630218,
3463.45,104.4101,104.4651,104.4305,,,3463.45,104.3414339,104.3964339,104.3618339,
3464.35,104.4082,104.4647,104.4291,,,3464.35,104.339546,104.396046,104.360446,
3465.2501,104.4069,104.4639,104.4277,,,3465.2501,104.338258,104.395258,104.359058,
3466.15,104.4064,104.4625,104.4261,,,3466.15,104.3377701,104.3938701,104.3574701,
3467.0499,104.4049,104.4608,104.4247,,,3467.0499,104.3362821,104.3921821,104.3560821,
3467.95,104.403,104.4589,104.4234,,,3467.95,104.3343942,104.3902942,104.3547942,
3468.85,104.4021,104.4585,104.4222,,,3468.85,104.3335063,104.3899063,104.3536063,
3469.7501,104.4006,104.4578,104.4211,,,3469.7501,104.3320183,104.3892183,104.3525183,
3470.65,104.3987,104.4569,104.4195,,,3470.65,104.3301304,104.3883304,104.3509304,
3471.6,104.3977,104.4553,104.4185,,,3471.6,104.3291431,104.3867431,104.3499431,
3472.5499,104.3963,104.4546,104.4172,,,3472.5499,104.3277558,104.3860558,104.3486558,
3473.4,104.3948,104.4525,104.4157,,,3473.4,104.3262672,104.3839672,104.3471672,
3474.2999,104.3936,104.4528,104.4146,,,3474.2999,104.3250793,104.3842793,104.3460793,
3475.1998,104.3923,104.4525,104.4137,,,3475.1998,104.3237914,104.3839914,104.3451914,
3476.1,104.3912,104.4509,104.4126,,,3476.1,104.3227034,104.3824034,104.3441034,
3477.0499,104.3897,104.4501,104.4117,,,3477.0499,104.3212161,104.3816161,104.3432161,
3477.95,104.3892,104.4494,104.4111,,,3477.95,104.3207282,104.3809282,104.3426282,
3478.85,104.3883,104.4495,104.4104,,,3478.85,104.3198403,104.3810403,104.3419403,
3479.7501,104.3873,104.4485,104.41,,,3479.7501,104.3188523,104.3800523,104.3415523,
3480.65,104.3872,104.4487,104.4097,,,3480.65,104.3187644,104.3802644,104.3412644,
3481.5499,104.3869,104.4475,104.4094,,,3481.5499,104.3184764,104.3790764,104.3409764,
3482.45,104.3864,104.4485,104.4093,,,3482.45,104.3179885,104.3800885,104.3408885,
3483.35,104.3869,104.4475,104.4094,,,3483.35,104.3185006,104.3791006,104.3410006,
3484.2501,104.3865,104.4479,104.4093,,,3484.2501,104.3181126,104.3795126,104.3409126,
3485.15,104.3859,104.4501,104.4094,,,3485.15,104.3175247,104.3817247,104.3410247,
3486.0499,104.3863,104.4499,104.4097,,,3486.0499,104.3179367,104.3815367,104.3413367,
3486.95,104.3865,104.4493,104.4102,,,3486.95,104.3181488,104.3809488,104.3418488,
3487.85,104.3869,104.4497,104.4108,,,3487.85,104.3185609,104.3813609,104.3424609,
3488.7501,104.3881,104.4499,104.4113,,,3488.7501,104.3197729,104.3815729,104.3429729,
3489.65,104.3881,104.4513,104.4121,,,3489.65,104.319785,104.382985,104.343785,
3490.5499,104.3892,104.4506,104.4127,,,3490.5499,104.320897,104.382297,104.344397,
3491.45,104.3896,104.4519,104.4138,,,3491.45,104.3213091,104.3836091,104.3455091,
3492.35,104.3918,104.4521,104.415,,,3492.35,104.3235212,104.3838212,104.3467212,
3493.2501,104.3924,104.4525,104.4161,,,3493.2501,104.3241332,104.3842332,104.3478332,
3494.15,104.3944,104.4538,104.417,,,3494.15,104.3261453,104.3855453,104.3487453,
3495.0499,104.3954,104.454,104.4181,,,3495.0499,104.3271573,104.3857573,104.3498573,
3495.95,104.3964,104.4549,104.4191,,,3495.95,104.3281694,104.3866694,104.3508694,
3496.9,104.3981,104.4556,104.4205,,,3496.9,104.3298821,104.3873821,104.3522821,
3497.7999,104.3994,104.4572,104.4219,,,3497.7999,104.3311942,104.3889942,104.3536942,
3498.7,104.4015,104.4574,104.4233,,,3498.7,104.3333062,104.3892062,104.3551062,
3499.65,104.4035,104.4584,104.4248,,,3499.65,104.335319,104.390219,104.356619,
3500.5499,104.4046,104.4594,104.4262,,,3500.5499,104.336431,104.391231,104.358031,
3501.45,104.4065,104.4607,104.4276,,,3501.45,104.3383431,104.3925431,104.3594431,
3502.35,104.408,104.4616,104.4291,,,3502.35,104.3398552,104.3934552,104.3609552,
3503.2501,104.4103,104.4625,104.4306,,,3503.2501,104.3421672,104.3943672,104.3624672,
3504.15,104.4121,104.4636,104.4322,,,3504.15,104.3439793,104.3954793,104.3640793,
3505.0499,104.4136,104.4645,104.4335,,,3505.0499,104.3454913,104.3963913,104.3653913,
3505.95,104.4156,104.464,104.4346,,,3505.95,104.3475034,104.3959034,104.3665034,
3506.85,104.4174,104.4653,104.4364,,,3506.85,104.3493155,104.3972155,104.3683155,
3507.7501,104.419,104.4659,104.4371,,,3507.7501,104.3509275,104.3978275,104.3690275,
3508.65,104.4198,104.4674,104.4388,,,3508.65,104.3517396,104.3993396,104.3707396,
3509.5499,104.4215,104.4678,104.4398,,,3509.5499,104.3534516,104.3997516,104.3717516,
3510.45,104.4234,104.4676,104.4412,,,3510.45,104.3553637,104.3995637,104.3731637,
3511.35,104.4249,104.468,104.4424,,,3511.35,104.3568758,104.3999758,104.3743758,
3512.2501,104.4257,104.4688,104.4437,,,3512.2501,104.3576878,104.4007878,104.3756878,
3513.15,104.4275,104.4694,104.4449,,,3513.15,104.3594999,104.4013999,104.3768999,
3514.0499,104.4289,104.4698,104.4463,,,3514.0499,104.3609119,104.4018119,104.3783119,
3514.95,104.4306,104.4706,104.4472,,,3514.95,104.362624,104.402624,104.379224,
3515.85,104.4312,104.4702,104.4483,,,3515.85,104.3632361,104.4022361,104.3803361,
3516.7501,104.4333,104.4706,104.4495,,,3516.7501,104.3653481,104.4026481,104.3815481,
3517.65,104.4345,104.4706,104.4504,,,3517.65,104.3665602,104.4026602,104.3824602,
3518.5499,104.4355,104.4714,104.4517,,,3518.5499,104.3675722,104.4034722,104.3837722,
3519.45,104.4375,104.4718,104.4525,,,3519.45,104.3695843,104.4038843,104.3845843,
3520.4,104.4388,104.4727,104.4536,,,3520.4,104.370897,104.404797,104.385697,
3521.35,104.4397,104.4733,104.4546,,,3521.35,104.3718098,104.4054098,104.3867098,
3522.2501,104.4408,104.473,104.4557,,,3522.2501,104.3729218,104.4051218,104.3878218,
3523.15,104.4422,104.4731,104.457,,,3523.15,104.3743339,104.4052339,104.3891339,
3524.0499,104.4438,104.4743,104.4581,,,3524.0499,104.3759459,104.4064459,104.3902459,
3524.95,104.4454,104.4746,104.4591,,,3524.95,104.377558,104.406758,104.391258,
3525.85,104.4459,104.4745,104.4601,,,3525.85,104.37807,104.40667,104.39227,
3526.7501,104.4475,104.4747,104.461,,,3526.7501,104.3796821,104.4068821,104.3931821,
3527.65,104.4493,104.4745,104.4617,,,3527.65,104.3814942,104.4066942,104.3938942,
3528.5499,104.4491,104.475,104.4626,,,3528.5499,104.3813062,104.4072062,104.3948062,
3529.45,104.4505,104.4753,104.4634,,,3529.45,104.3827183,104.4075183,104.3956183,
3530.35,104.4501,104.475,104.4642,,,3530.35,104.3823303,104.4072303,104.3964303,
3531.2501,104.4501,104.475,104.4652,,,3531.2501,104.3823424,104.4072424,104.3974424,
3532.15,104.453,104.4759,104.4664,,,3532.15,104.3852545,104.4081545,104.3986545,
3533.0499,104.455,104.4755,104.4671,,,3533.0499,104.3872665,104.4077665,104.3993665,
3533.95,104.4549,104.4757,104.4682,,,3533.95,104.3871786,104.4079786,104.4004786,
3534.85,104.4585,104.4765,104.469,,,3534.85,104.3907906,104.4087906,104.4012906,
3535.7501,104.4591,104.4775,104.4702,,,3535.7501,104.3914027,104.4098027,104.4025027,
3536.65,104.4604,104.4774,104.4704,,,3536.65,104.3927148,104.4097148,104.4027148,
3537.5499,104.4616,104.4784,104.4712,,,3537.5499,104.3939268,104.4107268,104.4035268,
3538.5001,104.4613,104.479,104.4718,,,3538.5001,104.3936396,104.4113396,104.4041396,
3539.45,104.4604,104.4797,104.4725,,,3539.45,104.3927523,104.4120523,104.4048523,
3540.35,104.4625,104.4809,104.4735,,,3540.35,104.3948643,104.4132643,104.4058643,
3541.2501,104.4644,104.4816,104.4741,,,3541.2501,104.3967764,104.4139764,104.4064764,
3542.15,104.4655,104.4824,104.4747,,,3542.15,104.3978885,104.4147885,104.4070885,
3543.0499,104.4671,104.4829,104.4753,,,3543.0499,104.3995005,104.4153005,104.4077005,
3543.95,104.4679,104.4833,104.4758,,,3543.95,104.4003126,104.4157126,104.4082126,
3544.85,104.4686,104.4837,104.4765,,,3544.85,104.4010246,104.4161246,104.4089246,
3545.7501,104.4696,104.4845,104.4769,,,3545.7501,104.4020367,104.4169367,104.4093367,
3546.65,104.47,104.4845,104.4772,,,3546.65,104.4024488,104.4169488,104.4096488,
3547.5499,104.4696,104.4848,104.4774,,,3547.5499,104.4020608,104.4172608,104.4098608,
3548.45,104.4704,104.4852,104.4776,,,3548.45,104.4028729,104.4176729,104.4100729,
3549.35,104.4707,104.4852,104.478,,,3549.35,104.4031849,104.4176849,104.4104849,
3550.2501,104.4714,104.4852,104.4782,,,3550.2501,104.403897,104.417697,104.410697,
3551.15,104.4711,104.4855,104.4785,,,3551.15,104.4036091,104.4180091,104.4110091,
3552.0499,104.4716,104.4857,104.4789,,,3552.0499,104.4041211,104.4182211,104.4114211,
3552.95,104.4723,104.4856,104.4793,,,3552.95,104.4048332,104.4181332,104.4118332,
3553.85,104.4722,104.4864,104.4795,,,3553.85,104.4047452,104.4189452,104.4120452,
3554.7501,104.4731,104.4869,104.4799,,,3554.7501,104.4056573,104.4194573,104.4124573,
3555.65,104.4731,104.4875,104.4801,,,3555.65,104.4056694,104.4200694,104.4126694,
3556.5499,104.4727,104.4883,104.4801,,,3556.5499,104.4052814,104.4208814,104.4126814,
3557.45,104.4731,104.4892,104.4803,,,3557.45,104.4056935,104.4217935,104.4128935,
3558.4,104.4733,104.4904,104.4806,,,3558.4,104.4059062,104.4230062,104.4132062,
3559.2999,104.4739,104.4914,104.4809,,,3559.2999,104.4065183,104.4240183,104.4135183,
3560.2,104.4742,104.4926,104.4814,,,3560.2,104.4068303,104.4252303,104.4140303,
3561.1002,104.4747,104.4935,104.4816,,,3561.1002,104.4073424,104.4261424,104.4142424,
3562.0001,104.475,104.4943,104.4821,,,3562.0001,104.4076545,104.4269545,104.4147545,
3562.9,104.4746,104.4963,104.4824,,,3562.9,104.4072665,104.4289665,104.4150665,
3563.7999,104.4735,104.4967,104.4826,,,3563.7999,104.4061786,104.4293786,104.4152786,
3564.7501,104.473,104.4989,104.4831,,,3564.7501,104.4056913,104.4315913,104.4157913,
3565.65,104.4753,104.4991,104.4837,,,3565.65,104.4080034,104.4318034,104.4164034,
3566.5499,104.4755,104.5006,104.4842,,,3566.5499,104.4082154,104.4333154,104.4169154,
3567.4,104.4755,104.5015,104.4847,,,3567.4,104.4082268,104.4342268,104.4174268,
3568.2999,104.4763,104.5023,104.485,,,3568.2999,104.4090389,104.4350389,104.4177389,
3569.1998,104.4773,104.5034,104.4857,,,3569.1998,104.4100509,104.4361509,104.4184509,
3570.0499,104.477,104.505,104.4863,,,3570.0499,104.4097623,104.4377623,104.4190623,
3570.95,104.477,104.5052,104.4866,,,3570.95,104.4097744,104.4379744,104.4193744,
3571.85,104.4774,104.506,104.487,,,3571.85,104.4101864,104.4387864,104.4197864,
3572.7999,104.4775,104.5074,104.4874,,,3572.7999,104.4102992,104.4401992,104.4201992,
3573.6998,104.478,104.5082,104.4879,,,3573.6998,104.4108112,104.4410112,104.4207112,
3574.6,104.4778,104.51,104.4884,,,3574.6,104.4106233,104.4428233,104.4212233,
3575.5499,104.4774,104.5107,104.489,,,3575.5499,104.410236,104.443536,104.421836,
3576.45,104.4782,104.5107,104.4894,,,3576.45,104.4110481,104.4435481,104.4222481,
3577.35,104.4777,104.5109,104.4894,,,3577.35,104.4105601,104.4437601,104.4222601,
3578.2501,104.4786,104.5117,104.4897,,,3578.2501,104.4114722,104.4445722,104.4225722,
3579.15,104.4786,104.5129,104.4901,,,3579.15,104.4114843,104.4457843,104.4229843,
3580.0499,104.4788,104.5141,104.4903,,,3580.0499,104.4116963,104.4469963,104.4231963,
3580.95,104.4782,104.5154,104.4907,,,3580.95,104.4111084,104.4483084,104.4236084,
3581.85,104.4786,104.5158,104.4912,,,3581.85,104.4115204,104.4487204,104.4241204,
3582.7501,104.4793,104.5171,104.4919,,,3582.7501,104.4122325,104.4500325,104.4248325,
3583.65,104.4786,104.5184,104.4925,,,3583.65,104.4115446,104.4513446,104.4254446,
3584.5499,104.4794,104.5202,104.493,,,3584.5499,104.4123566,104.4531566,104.4259566,
3585.45,104.4798,104.5204,104.4935,,,3585.45,104.4127687,104.4533687,104.4264687,
3586.35,104.4802,104.5214,104.4939,,,3586.35,104.4131807,104.4543807,104.4268807,
3587.2501,104.4806,104.5229,104.4941,,,3587.2501,104.4135928,104.4558928,104.4270928,
3588.15,104.4802,104.5235,104.4944,,,3588.15,104.4132049,104.4565049,104.4274049,
3589.0499,104.4801,104.5239,104.4948,,,3589.0499,104.4131169,104.4569169,104.4278169,
3589.95,104.481,104.5254,104.4955,,,3589.95,104.414029,104.458429,104.428529,
3590.85,104.4813,104.5257,104.4959,,,3590.85,104.414341,104.458741,104.428941,
3591.7501,104.4812,104.5265,104.4964,,,3591.7501,104.4142531,104.4595531,104.4294531,
3592.65,104.4817,104.5282,104.4972,,,3592.65,104.4147651,104.4612651,104.4302651,
3593.5499,104.482,104.5292,104.4982,,,3593.5499,104.4150772,104.4622772,104.4312772,
3594.45,104.4828,104.5298,104.4988,,,3594.45,104.4158893,104.4628893,104.4318893,
3595.35,104.4833,104.5302,104.4994,,,3595.35,104.4164013,104.4633013,104.4325013,
3596.2501,104.4832,104.5309,104.4996,,,3596.2501,104.4163134,104.4640134,104.4327134,
3597.15,104.484,104.5314,104.4999,,,3597.15,104.4171254,104.4645254,104.4330254,
3598.0499,104.4834,104.5317,104.5003,,,3598.0499,104.4165375,104.4648375,104.4334375,
3598.95,104.4826,104.5347,104.5008,,,3598.95,104.4157496,104.4678496,104.4339496,
3599.85,104.4844,104.5353,104.5016,,,3599.85,104.4175616,104.4684616,104.4347616,
3600.7501,104.4848,104.5357,104.5023,,,3600.7501,104.4179737,104.4688737,104.4354737,
3601.65,104.4853,104.536,104.503,,,3601.65,104.4184857,104.4691857,104.4361857,
3602.5499,104.4859,104.5368,104.5037,,,3602.5499,104.4190978,104.4699978,104.4368978,
3603.45,104.4859,104.5381,104.5046,,,3603.45,104.4191099,104.4713099,104.4378099,
3604.35,104.4864,104.5397,104.5053,,,3604.35,104.4196219,104.4729219,104.4385219,
3605.2501,104.4873,104.5403,104.5058,,,3605.2501,104.420534,104.473534,104.439034,
3606.15,104.4871,104.5407,104.5061,,,3606.15,104.420346,104.473946,104.439346,
3607.0499,104.4871,104.542,104.5066,,,3607.0499,104.4203581,104.4752581,104.4398581,
3607.95,104.4872,104.5426,104.507,,,3607.95,104.4204702,104.4758702,104.4402702,
3608.85,104.4876,104.5436,104.5074,,,3608.85,104.4208822,104.4768822,104.4406822,
3609.7501,104.4875,104.5432,104.5078,,,3609.7501,104.4207943,104.4764943,104.4410943,
3610.65,104.4881,104.5439,104.5084,,,3610.65,104.4214063,104.4772063,104.4417063,
3611.5499,104.4887,104.5458,104.5091,,,3611.5499,104.4220184,104.4791184,104.4424184,
3612.45,104.4895,104.5463,104.5101,,,3612.45,104.4228305,104.4796305,104.4434305,
3613.35,104.4906,104.5471,104.5107,,,3613.35,104.4239425,104.4804425,104.4440425,
3614.2501,104.4911,104.5482,104.5113,,,3614.2501,104.4244546,104.4815546,104.4446546,
3615.15,104.4919,104.5498,104.5119,,,3615.15,104.4252666,104.4831666,104.4452666,
3616.0499,104.4919,104.5495,104.5122,,,3616.0499,104.4252787,104.4828787,104.4455787,
3616.95,104.4922,104.5499,104.5127,,,3616.95,104.4255908,104.4832908,104.4460908,
3617.85,104.4893,104.5509,104.5131,,,3617.85,104.4227028,104.4843028,104.4465028,
3618.7501,104.4893,104.5517,104.5137,,,3618.7501,104.4227149,104.4851149,104.4471149,
3619.65,104.4932,104.5519,104.5145,,,3619.65,104.4266269,104.4853269,104.4479269,
3620.5499,104.4946,104.5532,104.5152,,,3620.5499,104.428039,104.486639,104.448639,
3621.45,104.4944,104.5546,104.5158,,,3621.45,104.4278511,104.4880511,104.4492511,
3622.35,104.4947,104.5557,104.5161,,,3622.35,104.4281631,104.4891631,104.4495631,
3623.2999,104.488,104.5545,104.5165,,,3623.2999,104.4214758,104.4879758,104.4499758,
3624.2501,104.4951,104.5565,104.5173,,,3624.2501,104.4285886,104.4899886,104.4507886,
3625.15,104.4962,104.5569,104.518,,,3625.15,104.4297006,104.4904006,104.4515006,
3626.0001,104.497,104.5591,104.5184,,,3626.0001,104.430512,104.492612,104.451912,
3626.9,104.4963,104.56,104.5189,,,3626.9,104.4298241,104.4935241,104.4524241,
3627.7999,104.4975,104.5593,104.5195,,,3627.7999,104.4310361,104.4928361,104.4530361,
3628.7,104.4983,104.5599,104.5202,,,3628.7,104.4318482,104.4934482,104.4537482,
3629.65,104.4986,104.5604,104.5207,,,3629.65,104.4321609,104.4939609,104.4542609,
3630.5499,104.4989,104.5619,104.5213,,,3630.5499,104.432473,104.495473,104.454873,
3631.45,104.4993,104.5617,104.5212,,,3631.45,104.4328851,104.4952851,104.4547851,
3632.35,104.4979,104.5625,104.5212,,,3632.35,104.4314971,104.4960971,104.4547971,
3633.2501,104.4982,104.5623,104.5213,,,3633.2501,104.4318092,104.4959092,104.4549092,
3634.15,104.4983,104.5632,104.5217,,,3634.15,104.4319212,104.4968212,104.4553212,
3635.0499,104.4993,104.5641,104.5221,,,3635.0499,104.4329333,104.4977333,104.4557333,
3635.95,104.4994,104.5635,104.5225,,,3635.95,104.4330454,104.4971454,104.4561454,
3636.85,104.4998,104.5647,104.5227,,,3636.85,104.4334574,104.4983574,104.4563574,
3637.7501,104.4995,104.5649,104.5231,,,3637.7501,104.4331695,104.4985695,104.4567695,
3638.65,104.5002,104.5659,104.5235,,,3638.65,104.4338815,104.4995815,104.4571815,
3639.5499,104.5009,104.5662,104.5241,,,3639.5499,104.4345936,104.4998936,104.4577936,
3640.45,104.5014,104.568,104.5248,,,3640.45,104.4351057,104.5017057,104.4585057,
3641.35,104.5018,104.5682,104.5254,,,3641.35,104.4355177,104.5019177,104.4591177,
3642.2501,104.5026,104.5694,104.5259,,,3642.2501,104.4363298,104.5031298,104.4596298,
3643.15,104.5033,104.5694,104.5268,,,3643.15,104.4370418,104.5031418,104.4605418,
3644.0499,104.5041,104.57,104.5275,,,3644.0499,104.4378539,104.5037539,104.4612539,
3644.95,104.5048,104.5727,104.5283,,,3644.95,104.438566,104.506466,104.462066,
3645.85,104.5053,104.5719,104.5292,,,3645.85,104.439078,104.505678,104.462978,
3646.7501,104.5064,104.5723,104.5299,,,3646.7501,104.4401901,104.5060901,104.4636901,
3647.65,104.5064,104.5743,104.5304,,,3647.65,104.4402021,104.5081021,104.4642021,
3648.5499,104.5073,104.5737,104.5311,,,3648.5499,104.4411142,104.5075142,104.4649142,
3649.5001,104.5074,104.5751,104.5319,,,3649.5001,104.4412269,104.5089269,104.4657269,
3650.45,104.508,104.5763,104.5327,,,3650.45,104.4418397,104.5101397,104.4665397,
3651.35,104.5093,104.5766,104.5336,,,3651.35,104.4431517,104.5104517,104.4674517,
3652.2501,104.5103,104.5776,104.5344,,,3652.2501,104.4441638,104.5114638,104.4682638,
3653.15,104.5108,104.5773,104.5352,,,3653.15,104.4446758,104.5111758,104.4690758,
3654.0499,104.5115,104.58,104.5359,,,3654.0499,104.4453879,104.5138879,104.4697879,
3654.95,104.5128,104.5797,104.537,,,3654.95,104.4467,104.5136,104.4709,
3655.85,104.5132,104.5798,104.5378,,,3655.85,104.447112,104.513712,104.471712,
3656.7501,104.5145,104.5813,104.5386,,,3656.7501,104.4484241,104.5152241,104.4725241,
3657.65,104.5154,104.5813,104.5393,,,3657.65,104.4493361,104.5152361,104.4732361,
3658.5499,104.5152,104.5821,104.5397,,,3658.5499,104.4491482,104.5160482,104.4736482,
3659.45,104.5158,104.5818,104.5401,,,3659.45,104.4497602,104.5157602,104.4740602,
3660.35,104.5164,104.583,104.5409,,,3660.35,104.4503723,104.5169723,104.4748723,
3661.2501,104.5178,104.5843,104.5418,,,3661.2501,104.4517844,104.5182844,104.4757844,
3662.15,104.5182,104.5843,104.5429,,,3662.15,104.4521964,104.5182964,104.4768964,
3663.0499,104.5198,104.5848,104.5437,,,3663.0499,104.4538085,104.5188085,104.4777085,
3663.95,104.5206,104.5871,104.5448,,,3663.95,104.4546205,104.5211205,104.4788205,
3664.85,104.5219,104.5871,104.5457,,,3664.85,104.4559326,104.5211326,104.4797326,
3665.7501,104.5222,104.5872,104.5463,,,3665.7501,104.4562447,104.5212447,104.4803447,
3666.65,104.5229,104.5873,104.5465,,,3666.65,104.4569567,104.5213567,104.4805567,
3667.5499,104.5234,104.588,104.5467,,,3667.5499,104.4574688,104.5220688,104.4807688,
3668.5001,104.5251,104.5877,104.5477,,,3668.5001,104.4591815,104.5217815,104.4817815,
3669.45,104.5262,104.5887,104.5492,,,3669.45,104.4602942,104.5227942,104.4832942,
3670.2999,104.5275,104.5906,104.5504,,,3670.2999,104.4616056,104.5247056,104.4845056,
3671.2,104.5285,104.5904,104.5512,,,3671.2,104.4626177,104.5245177,104.4853177,
3672.15,104.5293,104.5911,104.5518,,,3672.15,104.4634304,104.5252304,104.4859304,
3673.0499,104.5296,104.591,104.5525,,,3673.0499,104.4637425,104.5251425,104.4866425,
3673.95,104.5308,104.592,104.553,,,3673.95,104.4649545,104.5261545,104.4871545,
3674.85,104.5313,104.5927,104.5537,,,3674.85,104.4654666,104.5268666,104.4878666,
3675.7501,104.5322,104.5934,104.5549,,,3675.7501,104.4663787,104.5275787,104.4890787,
3676.65,104.5334,104.5946,104.5562,,,3676.65,104.4675907,104.5287907,104.4903907,
3677.5499,104.5344,104.5963,104.5572,,,3677.5499,104.4686028,104.5305028,104.4914028,
3678.45,104.5343,104.5959,104.5578,,,3678.45,104.4685148,104.5301148,104.4920148,
3679.35,104.5352,104.5961,104.5584,,,3679.35,104.4694269,104.5303269,104.4926269,
3680.2501,104.5355,104.5974,104.5591,,,3680.2501,104.469739,104.531639,104.493339,
3681.15,104.5357,104.597,104.5595,,,3681.15,104.469951,104.531251,104.493751,
3682.0499,104.5365,104.5982,104.5603,,,3682.0499,104.4707631,104.5324631,104.4945631,
3682.95,104.5373,104.5987,104.5614,,,3682.95,104.4715751,104.5329751,104.4956751,
3683.85,104.5383,104.6001,104.5622,,,3683.85,104.4725872,104.5343872,104.4964872,
3684.7501,104.5391,104.6003,104.5633,,,3684.7501,104.4733993,104.5345993,104.4975993,
3685.65,104.54,104.6017,104.5641,,,3685.65,104.4743113,104.5360113,104.4984113,
3686.5499,104.5404,104.6006,104.5646,,,3686.5499,104.4747234,104.5349234,104.4989234,
3687.5001,104.5419,104.6015,104.5653,,,3687.5001,104.4762361,104.5358361,104.4996361,
3688.45,104.5427,104.6017,104.5657,,,3688.45,104.4770488,104.5360488,104.5000488,
3689.35,104.5428,104.6029,104.5665,,,3689.35,104.4771609,104.5372609,104.5008609,
3690.2501,104.5432,104.603,104.567,,,3690.2501,104.477573,104.537373,104.501373,
3691.15,104.5439,104.6036,104.5678,,,3691.15,104.478285,104.537985,104.502185,
3692.0499,104.5444,104.6038,104.5681,,,3692.0499,104.4787971,104.5381971,104.5024971,
3692.95,104.5447,104.6037,104.5683,,,3692.95,104.4791091,104.5381091,104.5027091,
3693.85,104.545,104.6038,104.5684,,,3693.85,104.4794212,104.5382212,104.5028212,
3694.7501,104.5455,104.6049,104.5691,,,3694.7501,104.4799333,104.5393333,104.5035333,
3695.65,104.5458,104.6033,104.5693,,,3695.65,104.4802453,104.5377453,104.5037453,
3696.5499,104.5461,104.604,104.5694,,,3696.5499,104.4805574,104.5384574,104.5038574,
3697.45,104.5461,104.6036,104.5697,,,3697.45,104.4805694,104.5380694,104.5041694,
3698.35,104.5473,104.605,104.5704,,,3698.35,104.4817815,104.5394815,104.5048815,
3699.2501,104.5479,104.6045,104.5704,,,3699.2501,104.4823936,104.5389936,104.5048936,
3700.15,104.5479,104.6041,104.5706,,,3700.15,104.4824056,104.5386056,104.5051056,
3701.0499,104.5479,104.6038,104.5708,,,3701.0499,104.4824177,104.5383177,104.5053177,
3701.95,104.5485,104.6054,104.5715,,,3701.95,104.4830297,104.5399297,104.5060297,
3702.85,104.5487,104.6049,104.5717,,,3702.85,104.4832418,104.5394418,104.5062418,
3703.7501,104.5483,104.6046,104.5716,,,3703.7501,104.4828539,104.5391539,104.5061539,
3704.65,104.5491,104.6041,104.572,,,3704.65,104.4836659,104.5386659,104.5065659,
3705.5499,104.5499,104.6052,104.5725,,,3705.5499,104.484478,104.539778,104.507078,
3706.45,104.5509,104.6058,104.5735,,,3706.45,104.48549,104.54039,104.50809,
3707.35,104.5511,104.6045,104.5735,,,3707.35,104.4857021,104.5391021,104.5081021,
3708.2501,104.5513,104.6052,104.5736,,,3708.2501,104.4859142,104.5398142,104.5082142,
3709.15,104.5513,104.6049,104.5738,,,3709.15,104.4859262,104.5395262,104.5084262,
3710.0499,104.5505,104.6053,104.5735,,,3710.0499,104.4851383,104.5399383,104.5081383,
3710.95,104.551,104.6056,104.5745,,,3710.95,104.4856503,104.5402503,104.5091503,
3711.85,104.5522,104.606,104.5753,,,3711.85,104.4868624,104.5406624,104.5099624,
3712.7501,104.5525,104.6065,104.5756,,,3712.7501,104.4871745,104.5411745,104.5102745,
3713.65,104.5524,104.6057,104.5755,,,3713.65,104.4870865,104.5403865,104.5101865,
3714.5499,104.5524,104.6049,104.5754,,,3714.5499,104.4870986,104.5395986,104.5100986,
3715.45,104.5521,104.6054,104.5753,,,3715.45,104.4868106,104.5401106,104.5100106,
3716.35,104.5524,104.6052,104.5751,,,3716.35,104.4871227,104.5399227,104.5098227,
3717.2999,104.5515,104.605,104.5751,,,3717.2999,104.4862354,104.5397354,104.5098354,
3718.2501,104.5521,104.605,104.5752,,,3718.2501,104.4868482,104.5397482,104.5099482,
3719.15,104.5517,104.6046,104.5752,,,3719.15,104.4864602,104.5393602,104.5099602,
3720.0499,104.551,104.6046,104.5746,,,3720.0499,104.4857723,104.5393723,104.5093723,
3720.95,104.5491,104.6049,104.5745,,,3720.95,104.4838843,104.5396843,104.5092843,
3721.85,104.551,104.6054,104.5751,,,3721.85,104.4857964,104.5401964,104.5098964,
3722.7501,104.5509,104.6062,104.5753,,,3722.7501,104.4857085,104.5410085,104.5101085,
3723.65,104.5511,104.6072,104.5758,,,3723.65,104.4859205,104.5420205,104.5106205,
3724.5499,104.5519,104.6074,104.5761,,,3724.5499,104.4867326,104.5422326,104.5109326,
3725.45,104.5518,104.6077,104.5759,,,3725.45,104.4866446,104.5425446,104.5107446,
3726.35,104.5503,104.6074,104.5755,,,3726.35,104.4851567,104.5422567,104.5103567,
3727.2501,104.5503,104.6081,104.5758,,,3727.2501,104.4851688,104.5429688,104.5106688,
3728.15,104.551,104.6091,104.5753,,,3728.15,104.4858808,104.5439808,104.5101808,
3729.0499,104.5513,104.6083,104.5752,,,3729.0499,104.4861929,104.5431929,104.5100929,
3729.95,104.551,104.6097,104.5752,,,3729.95,104.4859049,104.5446049,104.5101049,
3730.85,104.551,104.6099,104.5754,,,3730.85,104.485917,104.544817,104.510317,
3731.7501,104.5506,104.61,104.5753,,,3731.7501,104.485529,104.544929,104.510229,
3732.65,104.5498,104.6103,104.5749,,,3732.65,104.4847411,104.5452411,104.5098411,
3733.5499,104.5494,104.6116,104.5751,,,3733.5499,104.4843532,104.5465532,104.5100532,
3734.45,104.5498,104.6128,104.5757,,,3734.45,104.4847652,104.5477652,104.5106652,
3735.35,104.5503,104.6107,104.5755,,,3735.35,104.4852773,104.5456773,104.5104773,
3736.2999,104.5501,104.6117,104.5752,,,3736.2999,104.48509,104.54669,104.51019,
3737.1998,104.5475,104.6111,104.5744,,,3737.1998,104.4825021,104.5461021,104.5094021,
3738.1,104.5481,104.6107,104.5736,,,3738.1,104.4831141,104.5457141,104.5086141,
3739.0499,104.5455,104.6107,104.5735,,,3739.0499,104.4805269,104.5457269,104.5085269,
3739.95,104.5414,104.6103,104.5728,,,3739.95,104.4764389,104.5453389,104.5078389,
3740.85,104.5415,104.61,104.5725,,,3740.85,104.476551,104.545051,104.507551,
3741.7501,104.544,104.6092,104.5718,,,3741.7501,104.479063,104.544263,104.506863,
3742.65,104.5414,104.6091,104.5716,,,3742.65,104.4764751,104.5441751,104.5066751,
3743.5499,104.5448,104.6096,104.5723,,,3743.5499,104.4798872,104.5446872,104.5073872,
3744.45,104.5454,104.6093,104.5722,,,3744.45,104.4804992,104.5443992,104.5072992,
3745.35,104.5451,104.6096,104.5721,,,3745.35,104.4802113,104.5447113,104.5072113,
3746.2501,104.5439,104.6096,104.5711,,,3746.2501,104.4790233,104.5447233,104.5062233,
3747.15,104.541,104.6097,104.5708,,,3747.15,104.4761354,104.5448354,104.5059354,
3748.0499,104.543,104.6093,104.5704,,,3748.0499,104.4781475,104.5444475,104.5055475,
3748.95,104.5431,104.6095,104.5701,,,3748.95,104.4782595,104.5446595,104.5052595,
3749.85,104.5422,104.6084,104.5695,,,3749.85,104.4773716,104.5435716,104.5046716,
3750.7501,104.541,104.61,104.5692,,,3750.7501,104.4761836,104.5451836,104.5043836,
3751.65,104.5403,104.6089,104.5688,,,3751.65,104.4754957,104.5440957,104.5039957,
3752.5499,104.54,104.6092,104.5673,,,3752.5499,104.4752078,104.5444078,104.5025078,
3753.45,104.5392,104.6085,104.567,,,3753.45,104.4744198,104.5437198,104.5022198,
3754.35,104.5384,104.6083,104.5667,,,3754.35,104.4736319,104.5435319,104.5019319,
3755.2501,104.5379,104.6084,104.5662,,,3755.2501,104.4731439,104.5436439,104.5014439,
3756.15,104.5373,104.6077,104.5655,,,3756.15,104.472556,104.542956,104.500756,
3757.0499,104.5367,104.6074,104.565,,,3757.0499,104.4719681,104.5426681,104.5002681,
3757.95,104.5359,104.6073,104.5645,,,3757.95,104.4711801,104.5425801,104.4997801,
3758.85,104.5349,104.6066,104.5642,,,3758.85,104.4701922,104.5418922,104.4994922,
3759.7501,104.5344,104.6062,104.5639,,,3759.7501,104.4697042,104.5415042,104.4992042,
3760.65,104.5348,104.605,104.5636,,,3760.65,104.4701163,104.5403163,104.4989163,
3761.5499,104.5343,104.6053,104.5634,,,3761.5499,104.4696284,104.5406284,104.4987284,
3762.45,104.534,104.6038,104.563,,,3762.45,104.4693404,104.5391404,104.4983404,
3763.35,104.5331,104.6038,104.5625,,,3763.35,104.4684525,104.5391525,104.4978525,
3764.2501,104.5332,104.6038,104.5622,,,3764.2501,104.4685645,104.5391645,104.4975645,
3765.15,104.5331,104.6032,104.562,,,3765.15,104.4684766,104.5385766,104.4973766,
3766.0499,104.5325,104.602,104.5615,,,3766.0499,104.4678887,104.5373887,104.4968887,
3766.95,104.5317,104.6018,104.5613,,,3766.95,104.4671007,104.5372007,104.4967007,
3767.85,104.5313,104.6017,104.5613,,,3767.85,104.4667128,104.5371128,104.4967128,
3768.7501,104.532,104.6011,104.5613,,,3768.7501,104.4674248,104.5365248,104.4967248,
3769.65,104.5309,104.6007,104.5611,,,3769.65,104.4663369,104.5361369,104.4965369,
3770.5499,104.5308,104.6009,104.5607,,,3770.5499,104.466249,104.536349,104.496149,
3771.45,104.5298,104.6002,104.5605,,,3771.45,104.465261,104.535661,104.495961,
3772.35,104.5296,104.599,104.5597,,,3772.35,104.4650731,104.5344731,104.4951731,
3773.2501,104.528,104.5974,104.5586,,,3773.2501,104.4634851,104.5328851,104.4940851,
3774.15,104.5271,104.5967,104.5583,,,3774.15,104.4625972,104.5321972,104.4937972,
3775.0499,104.528,104.5966,104.5583,,,3775.0499,104.4635093,104.5321093,104.4938093,
3775.95,104.527,104.5961,104.5581,,,3775.95,104.4625213,104.5316213,104.4936213,
3776.85,104.527,104.5951,104.5572,,,3776.85,104.4625334,104.5306334,104.4927334,
3777.7501,104.5261,104.5954,104.557,,,3777.7501,104.4616454,104.5309454,104.4925454,
3778.65,104.5257,104.5947,104.557,,,3778.65,104.4612575,104.5302575,104.4925575,
3779.5499,104.5249,104.5938,104.5568,,,3779.5499,104.4604696,104.5293696,104.4923696,
3780.45,104.5249,104.5942,104.5563,,,3780.45,104.4604816,104.5297816,104.4918816,
3781.35,104.525,104.5932,104.5559,,,3781.35,104.4605937,104.5287937,104.4914937,
3782.2501,104.5235,104.5922,104.5555,,,3782.2501,104.4591057,104.5278057,104.4911057,
3783.15,104.5242,104.5923,104.5553,,,3783.15,104.4598178,104.5279178,104.4909178,
3784.0499,104.5245,104.5918,104.5554,,,3784.0499,104.4601299,104.5274299,104.4910299,
3784.95,104.5237,104.5916,104.5555,,,3784.95,104.4593419,104.5272419,104.4911419,
3785.85,104.5241,104.5926,104.5556,,,3785.85,104.459754,104.528254,104.491254,
3786.7501,104.5241,104.5918,104.5554,,,3786.7501,104.459766,104.527466,104.491066,
3787.65,104.5235,104.5914,104.5553,,,3787.65,104.4591781,104.5270781,104.4909781,
3788.5499,104.5237,104.5907,104.5559,,,3788.5499,104.4593901,104.5263901,104.4915901,
3789.45,104.5239,104.5906,104.5564,,,3789.45,104.4596022,104.5263022,104.4921022,
3790.35,104.5246,104.59,104.5568,,,3790.35,104.4603143,104.5257143,104.4925143,
3791.2501,104.5246,104.5899,104.5564,,,3791.2501,104.4603263,104.5256263,104.4921263,
3792.15,104.5242,104.5899,104.5565,,,3792.15,104.4599384,104.5256384,104.4922384,
3793.0499,104.5253,104.5907,104.5572,,,3793.0499,104.4610504,104.5264504,104.4929504,
3793.95,104.5253,104.5899,104.5571,,,3793.95,104.4610625,104.5256625,104.4928625,
3794.85,104.5255,104.5903,104.5578,,,3794.85,104.4612746,104.5260746,104.4935746,
3795.7501,104.5258,104.5903,104.5578,,,3795.7501,104.4615866,104.5260866,104.4935866,
3796.65,104.5263,104.5906,104.5581,,,3796.65,104.4620987,104.5263987,104.4938987,
3797.5499,104.5261,104.5907,104.5585,,,3797.5499,104.4619107,104.5265107,104.4943107,
3798.45,104.5266,104.59,104.5588,,,3798.45,104.4624228,104.5258228,104.4946228,
3799.35,104.5274,104.59,104.5588,,,3799.35,104.4632349,104.5258349,104.4946349,
3800.2501,104.5278,104.5903,104.5592,,,3800.2501,104.4636469,104.5261469,104.4950469,
3801.15,104.5277,104.5906,104.5597,,,3801.15,104.463559,104.526459,104.495559,
3802.0499,104.5286,104.5907,104.5601,,,3802.0499,104.464471,104.526571,104.495971,
3802.95,104.5293,104.5922,104.5615,,,3802.95,104.4651831,104.5280831,104.4973831,
3803.85,104.5292,104.5916,104.5611,,,3803.85,104.4650952,104.5274952,104.4969952,
3804.7501,104.5305,104.5924,104.5619,,,3804.7501,104.4664072,104.5283072,104.4978072,
3805.65,104.531,104.5928,104.5625,,,3805.65,104.4669193,104.5287193,104.4984193,
3806.5499,104.5318,104.5931,104.5629,,,3806.5499,104.4677313,104.5290313,104.4988313,
3807.45,104.5326,104.5959,104.5653,,,3807.45,104.4685434,104.5318434,104.5012434,
3808.35,104.5324,104.5934,104.5638,,,3808.35,104.4683555,104.5293555,104.4997555,
3809.2501,104.5328,104.5939,104.5642,,,3809.2501,104.4687675,104.5298675,104.5001675,
3810.15,104.5343,104.5936,104.5643,,,3810.15,104.4702796,104.5295796,104.5002796,
3811.0499,104.5336,104.594,104.5648,,,3811.0499,104.4695916,104.5299916,104.5007916,
3811.95,104.5339,104.5939,104.5644,,,3811.95,104.4699037,104.5299037,104.5004037,
3812.85,104.5353,104.594,104.565,,,3812.85,104.4713158,104.5300158,104.5010158,
3813.7501,104.5356,104.5938,104.5653,,,3813.7501,104.4716278,104.5298278,104.5013278,
3814.65,104.536,104.5938,104.5654,,,3814.65,104.4720399,104.5298399,104.5014399,
3815.5499,104.5361,104.5947,104.5666,,,3815.5499,104.4721519,104.5307519,104.5026519,
3816.45,104.5371,104.5942,104.5668,,,3816.45,104.473164,104.530264,104.502864,
3817.35,104.5373,104.594,104.5666,,,3817.35,104.4733761,104.5300761,104.5026761,
3818.2501,104.5376,104.5943,104.5669,,,3818.2501,104.4736881,104.5303881,104.5029881,
3819.15,104.5381,104.5947,104.5675,,,3819.15,104.4742002,104.5308002,104.5036002,
3820.0499,104.5384,104.5942,104.5676,,,3820.0499,104.4745122,104.5303122,104.5037122,
3820.95,104.5391,104.5939,104.5678,,,3820.95,104.4752243,104.5300243,104.5039243,
3821.85,104.5388,104.594,104.568,,,3821.85,104.4749364,104.5301364,104.5041364,
3822.7501,104.5389,104.594,104.5684,,,3822.7501,104.4750484,104.5301484,104.5045484,
3823.65,104.5395,104.5944,104.5686,,,3823.65,104.4756605,104.5305605,104.5047605,
3824.5499,104.54,104.5939,104.5686,,,3824.5499,104.4761725,104.5300725,104.5047725,
3825.45,104.5396,104.5942,104.5693,,,3825.45,104.4757846,104.5303846,104.5054846,
3826.35,104.5406,104.5942,104.5692,,,3826.35,104.4767967,104.5303967,104.5053967,
3827.2501,104.5411,104.5939,104.5694,,,3827.2501,104.4773087,104.5301087,104.5056087,
3828.15,104.5418,104.594,104.5692,,,3828.15,104.4780208,104.5302208,104.5054208,
3829.0499,104.5418,104.594,104.5695,,,3829.0499,104.4780328,104.5302328,104.5057328,
3829.95,104.5423,104.5944,104.5696,,,3829.95,104.4785449,104.5306449,104.5058449,
3830.85,104.5423,104.5944,104.5695,,,3830.85,104.478557,104.530657,104.505757,
3831.7501,104.5418,104.5942,104.5696,,,3831.7501,104.478069,104.530469,104.505869,
3832.65,104.542,104.5939,104.5696,,,3832.65,104.4782811,104.5301811,104.5058811,
3833.5499,104.5423,104.5939,104.5694,,,3833.5499,104.4785931,104.5301931,104.5056931,
3834.45,104.5435,104.5951,104.5705,,,3834.45,104.4798052,104.5314052,104.5068052,
3835.35,104.5438,104.5955,104.5705,,,3835.35,104.4801173,104.5318173,104.5068173,
3836.2501,104.5436,104.5952,104.5705,,,3836.2501,104.4799293,104.5315293,104.5068293,
3837.15,104.544,104.5974,104.5714,,,3837.15,104.4803414,104.5337414,104.5077414,
3838.0499,104.5452,104.5973,104.5715,,,3838.0499,104.4815534,104.5336534,104.5078534,
3838.95,104.5455,104.5973,104.5719,,,3838.95,104.4818655,104.5336655,104.5082655,
3839.85,104.5458,104.5986,104.5727,,,3839.85,104.4821776,104.5349776,104.5090776,
3840.7501,104.5466,104.5989,104.5724,,,3840.7501,104.4829896,104.5352896,104.5087896,
3841.65,104.5469,104.599,104.573,,,3841.65,104.4833017,104.5354017,104.5094017,
3842.5499,104.5479,104.599,104.5732,,,3842.5499,104.4843137,104.5354137,104.5096137,
3843.4,104.5481,104.6009,104.5743,,,3843.4,104.4845251,104.5373251,104.5107251,
3844.2999,104.5485,104.6005,104.5743,,,3844.2999,104.4849372,104.5369372,104.5107372,
3845.2501,104.5491,104.6014,104.5748,,,3845.2501,104.4855499,104.5378499,104.5112499,
3846.15,104.5505,104.6036,104.5757,,,3846.15,104.486962,104.540062,104.512162,
3847.0499,104.5517,104.6049,104.5765,,,3847.0499,104.488174,104.541374,104.512974,
3847.95,104.5517,104.6037,104.5765,,,3847.95,104.4881861,104.5401861,104.5129861,
3848.85,104.5532,104.6046,104.5773,,,3848.85,104.4896982,104.5410982,104.5137982,
3849.7501,104.5533,104.6065,104.5784,,,3849.7501,104.4898102,104.5430102,104.5149102,
3850.65,104.5541,104.6056,104.578,,,3850.65,104.4906223,104.5421223,104.5145223,
3851.5499,104.5544,104.6073,104.579,,,3851.5499,104.4909343,104.5438343,104.5155343,
3852.45,104.5553,104.6078,104.5795,,,3852.45,104.4918464,104.5443464,104.5160464,
3853.35,104.556,104.6095,104.58,,,3853.35,104.4925585,104.5460585,104.5165585,
3854.2501,104.557,104.6093,104.5806,,,3854.2501,104.4935705,104.5458705,104.5171705,
3855.15,104.5584,104.6093,104.581,,,3855.15,104.4949826,104.5458826,104.5175826,
3856.0499,104.5591,104.6111,104.5816,,,3856.0499,104.4956946,104.5476946,104.5181946,
3856.95,104.5589,104.6121,104.5828,,,3856.95,104.4955067,104.5487067,104.5194067,
3857.85,104.5612,104.6127,104.5833,,,3857.85,104.4978188,104.5493188,104.5199188,
3858.7501,104.5615,104.6142,104.5845,,,3858.7501,104.4981308,104.5508308,104.5211308,
3859.65,104.5627,104.6137,104.5847,,,3859.65,104.4993429,104.5503429,104.5213429,
3860.5499,104.5637,104.6142,104.5851,,,3860.5499,104.5003549,104.5508549,104.5217549,
3861.45,104.5646,104.6148,104.5853,,,3861.45,104.501267,104.551467,104.521967,
3862.35,104.5641,104.6148,104.5859,,,3862.35,104.500779,104.551479,104.522579,
3863.2501,104.5658,104.6163,104.5862,,,3863.2501,104.5024911,104.5529911,104.5228911,
3864.15,104.5662,104.617,104.5867,,,3864.15,104.5029032,104.5537032,104.5234032,
3865.0499,104.5667,104.6178,104.5874,,,3865.0499,104.5034152,104.5545152,104.5241152,
3865.95,104.5682,104.6178,104.5882,,,3865.95,104.5049273,104.5545273,104.5249273,
3866.85,104.569,104.6192,104.5885,,,3866.85,104.5057393,104.5559393,104.5252393,
3867.7501,104.5692,104.6202,104.5896,,,3867.7501,104.5059514,104.5569514,104.5263514,
3868.65,104.5706,104.6217,104.5903,,,3868.65,104.5073635,104.5584635,104.5270635,
3869.5499,104.5706,104.6207,104.5908,,,3869.5499,104.5073755,104.5574755,104.5275755,
3870.45,104.5717,104.6219,104.5911,,,3870.45,104.5084876,104.5586876,104.5278876,
3871.35,104.5719,104.6218,104.5915,,,3871.35,104.5086996,104.5585996,104.5282996,
3872.2501,104.5729,104.6233,104.5922,,,3872.2501,104.5097117,104.5601117,104.5290117,
3873.15,104.5738,104.6225,104.5928,,,3873.15,104.5106238,104.5593238,104.5296238,
3874.0499,104.5746,104.6227,104.5931,,,3874.0499,104.5114358,104.5595358,104.5299358,
3874.95,104.5751,104.6243,104.5937,,,3874.95,104.5119479,104.5611479,104.5305479,
3875.85,104.5765,104.6235,104.5945,,,3875.85,104.5133599,104.5603599,104.5313599,
3876.7999,104.5769,104.625,104.5951,,,3876.7999,104.5137727,104.5618727,104.5319727,
3877.7501,104.578,104.6264,104.5956,,,3877.7501,104.5148854,104.5632854,104.5324854,
3878.65,104.579,104.627,104.5965,,,3878.65,104.5158975,104.5638975,104.5333975,
3879.5499,104.58,104.6274,104.5968,,,3879.5499,104.5169095,104.5643095,104.5337095,
3880.45,104.5796,104.6277,104.5973,,,3880.45,104.5165216,104.5646216,104.5342216,
3881.35,104.5802,104.6284,104.5981,,,3881.35,104.5171336,104.5653336,104.5350336,
3882.2501,104.5797,104.6292,104.5987,,,3882.2501,104.5166457,104.5661457,104.5356457,
3883.15,104.5814,104.6298,104.5987,,,3883.15,104.5183578,104.5667578,104.5356578,
3884.0499,104.5822,104.6304,104.5995,,,3884.0499,104.5191698,104.5673698,104.5364698,
3884.95,104.5829,104.6305,104.5999,,,3884.95,104.5198819,104.5674819,104.5368819,
3885.85,104.5836,104.6308,104.6005,,,3885.85,104.5205939,104.5677939,104.5374939,
3886.7501,104.5841,104.632,104.6009,,,3886.7501,104.521106,104.569006,104.537906,
3887.65,104.5847,104.6335,104.6018,,,3887.65,104.5217181,104.5705181,104.5388181,
3888.5499,104.5851,104.6329,104.6025,,,3888.5499,104.5221301,104.5699301,104.5395301,
3889.45,104.5861,104.6343,104.6029,,,3889.45,104.5231422,104.5713422,104.5399422,
3890.35,104.5868,104.6343,104.6034,,,3890.35,104.5238542,104.5713542,104.5404542,
3891.2501,104.5875,104.6363,104.6046,,,3891.2501,104.5245663,104.5733663,104.5416663,
3892.15,104.5869,104.6365,104.6047,,,3892.15,104.5239784,104.5735784,104.5417784,
3893.0499,104.5879,104.6364,104.6048,,,3893.0499,104.5249904,104.5734904,104.5418904,
3893.95,104.5885,104.6368,104.6053,,,3893.95,104.5256025,104.5739025,104.5424025,
3894.85,104.5893,104.6377,104.6057,,,3894.85,104.5264145,104.5748145,104.5428145,
3895.7501,104.59,104.6377,104.6063,,,3895.7501,104.5271266,104.5748266,104.5434266,
3896.65,104.5895,104.6379,104.6065,,,3896.65,104.5266387,104.5750387,104.5436387,
3897.5499,104.5907,104.6389,104.6076,,,3897.5499,104.5278507,104.5760507,104.5447507,
3898.45,104.591,104.6403,104.6079,,,3898.45,104.5281628,104.5774628,104.5450628,
3899.35,104.5915,104.6398,104.6086,,,3899.35,104.5286748,104.5769748,104.5457748,
3900.2501,104.5927,104.6416,104.6089,,,3900.2501,104.5298869,104.5787869,104.5460869,
3901.2,104.5923,104.6402,104.6092,,,3901.2,104.5294996,104.5773996,104.5463996,
3902.1002,104.5931,104.641,104.6094,,,3902.1002,104.5303117,104.5782117,104.5466117,
3903.0001,104.5944,104.6414,104.6101,,,3903.0001,104.5316237,104.5786237,104.5473237,
3903.9,104.5946,104.6427,104.6107,,,3903.9,104.5318358,104.5799358,104.5479358,
3904.7999,104.5958,104.6427,104.6112,,,3904.7999,104.5330479,104.5799479,104.5484479,
3905.7501,104.5958,104.6426,104.6117,,,3905.7501,104.5330606,104.5798606,104.5489606,
3906.65,104.5963,104.643,104.6123,,,3906.65,104.5335727,104.5802727,104.5495727,
3907.5499,104.5978,104.6447,104.6129,,,3907.5499,104.5350847,104.5819847,104.5501847,
3908.45,104.5982,104.6446,104.6137,,,3908.45,104.5354968,104.5818968,104.5509968,
3909.35,104.5995,104.6454,104.6144,,,3909.35,104.5368088,104.5827088,104.5517088,
3910.2501,104.5993,104.6452,104.6149,,,3910.2501,104.5366209,104.5825209,104.5522209,
3911.15,104.6006,104.6459,104.6156,,,3911.15,104.537933,104.583233,104.552933,
3912.0499,104.6013,104.6451,104.616,,,3912.0499,104.538645,104.582445,104.553345,
3912.95,104.6021,104.6465,104.6166,,,3912.95,104.5394571,104.5838571,104.5539571,
3913.85,104.6025,104.6462,104.6172,,,3913.85,104.5398691,104.5835691,104.5545691,
3914.7501,104.603,104.6471,104.6176,,,3914.7501,104.5403812,104.5844812,104.5549812,
3915.65,104.6045,104.6467,104.6182,,,3915.65,104.5418933,104.5840933,104.5555933,
3916.5499,104.6053,104.6474,104.6189,,,3916.5499,104.5427053,104.5848053,104.5563053,
3917.45,104.606,104.6475,104.6195,,,3917.45,104.5434174,104.5849174,104.5569174,
3918.35,104.6064,104.6482,104.6202,,,3918.35,104.5438294,104.5856294,104.5576294,
3919.2501,104.6068,104.6486,104.6209,,,3919.2501,104.5442415,104.5860415,104.5583415,
3920.15,104.6083,104.6486,104.6215,,,3920.15,104.5457536,104.5860536,104.5589536,
3921.0499,104.6091,104.6486,104.6221,,,3921.0499,104.5465656,104.5860656,104.5595656,
3921.95,104.6097,104.6491,104.6224,,,3921.95,104.5471777,104.5865777,104.5598777,
3922.85,104.6104,104.6497,104.623,,,3922.85,104.5478897,104.5871897,104.5604897,
3923.7501,104.6109,104.6489,104.6231,,,3923.7501,104.5484018,104.5864018,104.5606018,
3924.65,104.6116,104.6485,104.6232,,,3924.65,104.5491139,104.5860139,104.5607139,
3925.5499,104.6123,104.6491,104.6235,,,3925.5499,104.5498259,104.5866259,104.5610259,
3926.45,104.6124,104.6483,104.624,,,3926.45,104.549938,104.585838,104.561538,
3927.35,104.6127,104.6487,104.6243,,,3927.35,104.55025,104.58625,104.56185,
3928.2501,104.6136,104.6487,104.6247,,,3928.2501,104.5511621,104.5862621,104.5622621,
3929.15,104.6142,104.6491,104.6253,,,3929.15,104.5517741,104.5866741,104.5628741,
3930.0499,104.6144,104.6491,104.6259,,,3930.0499,104.5519862,104.5866862,104.5634862,
3930.95,104.6156,104.6486,104.6261,,,3930.95,104.5531983,104.5861983,104.5636983,
3931.85,104.6151,104.6482,104.6261,,,3931.85,104.5527103,104.5858103,104.5637103,
3932.7501,104.6154,104.6481,104.6261,,,3932.7501,104.5530224,104.5857224,104.5637224,
3933.65,104.6162,104.6475,104.6264,,,3933.65,104.5538344,104.5851344,104.5640344,
3934.5499,104.6163,104.6478,104.6267,,,3934.5499,104.5539465,104.5854465,104.5643465,
3935.45,104.6152,104.6486,104.6261,,,3935.45,104.5528586,104.5862586,104.5637586,
3936.35,104.6151,104.6463,104.6259,,,3936.35,104.5527706,104.5839706,104.5635706,
3937.2501,104.6164,104.6461,104.6259,,,3937.2501,104.5540827,104.5837827,104.5635827,
3938.15,104.6168,104.6458,104.626,,,3938.15,104.5544947,104.5834947,104.5636947,
3939.0499,104.6163,104.6452,104.6253,,,3939.0499,104.5540068,104.5829068,104.5630068,
3939.95,104.6159,104.6447,104.6251,,,3939.95,104.5536189,104.5824189,104.5628189,
3940.85,104.6156,104.6446,104.6248,,,3940.85,104.5533309,104.5823309,104.5625309,
3941.7501,104.6155,104.6431,104.6243,,,3941.7501,104.553243,104.580843,104.562043,
3942.65,104.6144,104.6439,104.6242,,,3942.65,104.552155,104.581655,104.561955,
3943.5499,104.6147,104.6414,104.6232,,,3943.5499,104.5524671,104.5791671,104.5609671,
3944.45,104.6135,104.6407,104.6226,,,3944.45,104.5512792,104.5784792,104.5603792,
3945.2999,104.6124,104.64,104.6219,,,3945.2999,104.5501906,104.5777906,104.5596906,
3946.2,104.612,104.6399,104.6214,,,3946.2,104.5498026,104.5777026,104.5592026,
3947.15,104.6108,104.6388,104.6204,,,3947.15,104.5486153,104.5766153,104.5582153,
3948.0499,104.6093,104.638,104.6196,,,3948.0499,104.5471274,104.5758274,104.5574274,
3948.95,104.6084,104.6391,104.6193,,,3948.95,104.5462395,104.5769395,104.5571395,
3949.7999,104.6066,104.6369,104.6184,,,3949.7999,104.5444509,104.5747509,104.5562509,
3950.65,104.6062,104.6359,104.6171,,,3950.65,104.5440622,104.5737622,104.5549622,
3951.5499,104.6048,104.6345,104.6163,,,3951.5499,104.5426743,104.5723743,104.5541743,
3952.45,104.6038,104.6336,104.6152,,,3952.45,104.5416864,104.5714864,104.5530864,
3953.35,104.602,104.6314,104.614,,,3953.35,104.5398984,104.5692984,104.5518984,
3954.2501,104.6002,104.6309,104.6128,,,3954.2501,104.5381105,104.5688105,104.5507105,
3955.15,104.5993,104.629,104.6117,,,3955.15,104.5372225,104.5669225,104.5496225,
3956.0499,104.5986,104.628,104.6106,,,3956.0499,104.5365346,104.5659346,104.5485346,
3956.95,104.5969,104.6267,104.6097,,,3956.95,104.5348467,104.5646467,104.5476467,
3957.85,104.5961,104.6259,104.6084,,,3957.85,104.5340587,104.5638587,104.5463587,
3958.7501,104.5942,104.6253,104.6074,,,3958.7501,104.5321708,104.5632708,104.5453708,
3959.65,104.5932,104.6231,104.6063,,,3959.65,104.5311828,104.5610828,104.5442828,
3960.5499,104.5918,104.6214,104.6049,,,3960.5499,104.5297949,104.5593949,104.5428949,
3961.45,104.591,104.6194,104.6037,,,3961.45,104.529007,104.557407,104.541707,
3962.35,104.5892,104.6187,104.6025,,,3962.35,104.527219,104.556719,104.540519,
3963.2501,104.5863,104.6162,104.6009,,,3963.2501,104.5243311,104.5542311,104.5389311,
3964.15,104.5851,104.6155,104.6,,,3964.15,104.5231431,104.5535431,104.5380431,
3965.0499,104.5832,104.6128,104.5983,,,3965.0499,104.5212552,104.5508552,104.5363552,
3965.95,104.5825,104.6112,104.5971,,,3965.95,104.5205673,104.5492673,104.5351673,
3966.85,104.5809,104.6096,104.5957,,,3966.85,104.5189793,104.5476793,104.5337793,
3967.7501,104.5792,104.6095,104.5946,,,3967.7501,104.5172914,104.5475914,104.5326914,
3968.65,104.578,104.6072,104.5933,,,3968.65,104.5161034,104.5453034,104.5314034,
3969.5499,104.5766,104.6056,104.5925,,,3969.5499,104.5147155,104.5437155,104.5306155,
3970.45,104.5758,104.6045,104.5916,,,3970.45,104.5139276,104.5426276,104.5297276,
3971.35,104.5757,104.6038,104.5908,,,3971.35,104.5138396,104.5419396,104.5289396,
3972.2501,104.5745,104.6025,104.5902,,,3972.2501,104.5126517,104.5406517,104.5283517,
3973.15,104.5735,104.6018,104.5893,,,3973.15,104.5116637,104.5399637,104.5274637,
3974.0499,104.5725,104.6017,104.5887,,,3974.0499,104.5106758,104.5398758,104.5268758,
3974.95,104.5725,104.6014,104.5882,,,3974.95,104.5106879,104.5395879,104.5263879,
3975.85,104.5717,104.601,104.5875,,,3975.85,104.5098999,104.5391999,104.5256999,
3976.7501,104.5714,104.6011,104.5876,,,3976.7501,104.509612,104.539312,104.525812,
3977.65,104.5715,104.6017,104.5874,,,3977.65,104.509724,104.539924,104.525624,
3978.5499,104.571,104.6021,104.5872,,,3978.5499,104.5092361,104.5403361,104.5254361,
3979.45,104.571,104.6026,104.5875,,,3979.45,104.5092482,104.5408482,104.5257482,
3980.2999,104.5704,104.6034,104.5879,,,3980.2999,104.5086595,104.5416595,104.5261595,
3981.2,104.5706,104.604,104.5881,,,3981.2,104.5088716,104.5422716,104.5263716,
3982.1002,104.5714,104.6045,104.5883,,,3982.1002,104.5096837,104.5427837,104.5265837,
3982.95,104.5715,104.6057,104.5889,,,3982.95,104.5097951,104.5439951,104.5271951,
3983.85,104.5719,104.6068,104.5894,,,3983.85,104.5102071,104.5451071,104.5277071,
3984.7501,104.5727,104.608,104.5898,,,3984.7501,104.5110192,104.5463192,104.5281192,
3985.65,104.5734,104.6092,104.591,,,3985.65,104.5117312,104.5475312,104.5293312,
3986.5499,104.5745,104.6099,104.5915,,,3986.5499,104.5128433,104.5482433,104.5298433,
3987.45,104.5755,104.6112,104.5927,,,3987.45,104.5138554,104.5495554,104.5310554,
3988.35,104.5768,104.6125,104.5936,,,3988.35,104.5151674,104.5508674,104.5319674,
3989.2501,104.5782,104.6144,104.5951,,,3989.2501,104.5165795,104.5527795,104.5334795,
3990.15,104.5793,104.6163,104.5964,,,3990.15,104.5176915,104.5546915,104.5347915,
3991.0499,104.5802,104.6182,104.5978,,,3991.0499,104.5186036,104.5566036,104.5362036,
3991.95,104.5821,104.6192,104.5991,,,3991.95,104.5205156,104.5576156,104.5375156,
3992.85,104.5833,104.6211,104.6007,,,3992.85,104.5217277,104.5595277,104.5391277,
3993.7501,104.5849,104.6227,104.6022,,,3993.7501,104.5233398,104.5611398,104.5406398,
3994.65,104.5865,104.6241,104.6037,,,3994.65,104.5249518,104.5625518,104.5421518,
3995.5499,104.5885,104.6258,104.6056,,,3995.5499,104.5269639,104.5642639,104.5440639,
3996.45,104.5896,104.6273,104.6069,,,3996.45,104.5280759,104.5657759,104.5453759,
3997.35,104.591,104.6286,104.6083,,,3997.35,104.529488,104.567088,104.546788,
3998.2501,104.593,104.6306,104.61,,,3998.2501,104.5315001,104.5691001,104.5485001,
3999.15,104.5948,104.6325,104.6121,,,3999.15,104.5333121,104.5710121,104.5506121,
4000.0499,104.5973,104.6349,104.614,,,4000.0499,104.5358242,104.5734242,104.5525242,
4000.95,104.5983,104.6361,104.616,,,4000.95,104.5368362,104.5746362,104.5545362,
4001.85,104.6001,104.6376,104.6174,,,4001.85,104.5386483,104.5761483,104.5559483,
4002.7501,104.601,104.6384,104.6184,,,4002.7501,104.5395604,104.5769604,104.5569604,
4003.65,104.6025,104.6399,104.6201,,,4003.65,104.5410724,104.5784724,104.5586724,
4004.5499,104.6041,104.6418,104.6216,,,4004.5499,104.5426845,104.5803845,104.5601845,
4005.45,104.6048,104.644,104.6233,,,4005.45,104.5433965,104.5825965,104.5618965,
4006.35,104.606,104.6455,104.6246,,,4006.35,104.5446086,104.5841086,104.5632086,
4007.2501,104.6077,104.6462,104.6254,,,4007.2501,104.5463207,104.5848207,104.5640207,
4008.15,104.6085,104.6482,104.6268,,,4008.15,104.5471327,104.5868327,104.5654327,
4009.0499,104.6093,104.6491,104.628,,,4009.0499,104.5479448,104.5877448,104.5666448,
4009.95,104.6104,104.651,104.6297,,,4009.95,104.5490568,104.5896568,104.5683568,
4010.85,104.6116,104.6521,104.6308,,,4010.85,104.5502689,104.5907689,104.5694689,
4011.7501,104.6125,104.6537,104.6326,,,4011.7501,104.551181,104.592381,104.571281,
4012.65,104.6137,104.6556,104.634,,,4012.65,104.552393,104.594293,104.572693,
4013.5499,104.6142,104.6558,104.6347,,,4013.5499,104.5529051,104.5945051,104.5734051,
4014.45,104.6151,104.6568,104.6351,,,4014.45,104.5538171,104.5955171,104.5738171,
4015.35,104.6154,104.6581,104.6365,,,4015.35,104.5541292,104.5968292,104.5752292,
4016.2501,104.6168,104.6597,104.6374,,,4016.2501,104.5555413,104.5984413,104.5761413,
4017.15,104.6162,104.6601,104.6379,,,4017.15,104.5549533,104.5988533,104.5766533,
4018.0499,104.6172,104.6607,104.6377,,,4018.0499,104.5559654,104.5994654,104.5764654,
4018.95,104.6163,104.6605,104.638,,,4018.95,104.5550774,104.5992774,104.5767774,
4019.85,104.6175,104.6615,104.6385,,,4019.85,104.5562895,104.6002895,104.5772895,
4020.7501,104.6175,104.6624,104.639,,,4020.7501,104.5563016,104.6012016,104.5778016,
4021.65,104.6182,104.6624,104.6395,,,4021.65,104.5570136,104.6012136,104.5783136,
4022.5499,104.6176,104.6629,104.64,,,4022.5499,104.5564257,104.6017257,104.5788257,
4023.45,104.6191,104.6635,104.6403,,,4023.45,104.5579377,104.6023377,104.5791377,
4024.35,104.6192,104.6642,104.6406,,,4024.35,104.5580498,104.6030498,104.5794498,
4025.2501,104.6205,104.665,104.6414,,,4025.2501,104.5593619,104.6038619,104.5802619,
4026.15,104.6202,104.6642,104.6411,,,4026.15,104.5590739,104.6030739,104.5799739,
4027.0499,104.62,104.664,104.6412,,,4027.0499,104.558886,104.602886,104.580086,
4027.95,104.6196,104.6652,104.6418,,,4027.95,104.558498,104.604098,104.580698,
4028.85,104.6206,104.6658,104.6426,,,4028.85,104.5595101,104.6047101,104.5815101,
4029.7501,104.6203,104.6659,104.643,,,4029.7501,104.5592222,104.6048222,104.5819222,
4030.65,104.6206,104.665,104.6425,,,4030.65,104.5595342,104.6039342,104.5814342,
4031.5499,104.6205,104.6659,104.6429,,,4031.5499,104.5594463,104.6048463,104.5818463,
4032.45,104.6205,104.6659,104.6429,,,4032.45,104.5594583,104.6048583,104.5818583,
4033.35,104.6208,104.6659,104.6433,,,4033.35,104.5597704,104.6048704,104.5822704,
4034.2501,104.6217,104.6648,104.6431,,,4034.2501,104.5606825,104.6037825,104.5820825,
4035.15,104.6219,104.6658,104.6428,,,4035.15,104.5608945,104.6047945,104.5817945,
4036.0001,104.6217,104.6656,104.6431,,,4036.0001,104.5607059,104.6046059,104.5821059,
4036.85,104.6222,104.665,104.6431,,,4036.85,104.5612173,104.6040173,104.5821173,
4037.7501,104.6219,104.6647,104.6433,,,4037.7501,104.5609294,104.6037294,104.5823294,
4038.65,104.6231,104.6644,104.6431,,,4038.65,104.5621414,104.6034414,104.5821414,
4039.5499,104.6222,104.6644,104.6432,,,4039.5499,104.5612535,104.6034535,104.5822535,
4040.45,104.6235,104.6647,104.6437,,,4040.45,104.5625655,104.6037655,104.5827655,
4041.35,104.6238,104.665,104.6439,,,4041.35,104.5628776,104.6040776,104.5829776,
4042.2501,104.6242,104.6647,104.6438,,,4042.2501,104.5632897,104.6037897,104.5828897,
4043.15,104.6246,104.665,104.644,,,4043.15,104.5637017,104.6041017,104.5831017,
4044.0499,104.6246,104.6654,104.6446,,,4044.0499,104.5637138,104.6045138,104.5837138,
4044.95,104.6253,104.6654,104.6446,,,4044.95,104.5644258,104.6045258,104.5837258,
4045.85,104.6247,104.6655,104.6445,,,4045.85,104.5638379,104.6046379,104.5836379,
4046.7501,104.6255,104.6656,104.6446,,,4046.7501,104.56465,104.60475,104.58375,
4047.65,104.6258,104.6651,104.6448,,,4047.65,104.564962,104.604262,104.583962,
4048.5499,104.6264,104.6654,104.6454,,,4048.5499,104.5655741,104.6045741,104.5845741,
4049.45,104.6267,104.6651,104.6454,,,4049.45,104.5658861,104.6042861,104.5845861,
4050.35,104.6282,104.6655,104.6458,,,4050.35,104.5673982,104.6046982,104.5849982,
4051.2501,104.6286,104.6654,104.646,,,4051.2501,104.5678103,104.6046103,104.5852103,
4052.15,104.6294,104.6654,104.6461,,,4052.15,104.5686223,104.6046223,104.5853223,
4053.0499,104.6297,104.6655,104.6465,,,4053.0499,104.5689344,104.6047344,104.5857344,
4053.95,104.63,104.665,104.6465,,,4053.95,104.5692464,104.6042464,104.5857464,
4054.85,104.6305,104.6644,104.6466,,,4054.85,104.5697585,104.6036585,104.5858585,
4055.7501,104.6314,104.6646,104.6469,,,4055.7501,104.5706706,104.6038706,104.5861706,
4056.65,104.6305,104.6655,104.648,,,4056.65,104.5697826,104.6047826,104.5872826,
4057.5499,104.6324,104.6656,104.6485,,,4057.5499,104.5716947,104.6048947,104.5877947,
4058.4,104.633,104.6654,104.6485,,,4058.4,104.5723061,104.6047061,104.5878061,
4059.2501,104.6337,104.6652,104.6495,,,4059.2501,104.5730175,104.6045175,104.5888175,
4060.15,104.6352,104.6654,104.65,,,4060.15,104.5745295,104.6047295,104.5893295,
4061.0499,104.6356,104.6659,104.6503,,,4061.0499,104.5749416,104.6052416,104.5896416,
4061.95,104.6359,104.6658,104.6504,,,4061.95,104.5752536,104.6051536,104.5897536,
4062.85,104.6368,104.6662,104.6511,,,4062.85,104.5761657,104.6055657,104.5904657,
4063.7501,104.6369,104.666,104.6516,,,4063.7501,104.5762777,104.6053777,104.5909777,
4064.65,104.6384,104.6654,104.6518,,,4064.65,104.5777898,104.6047898,104.5911898,
4065.5499,104.6391,104.6662,104.6525,,,4065.5499,104.5785019,104.6056019,104.5919019,
4066.45,104.6396,104.6655,104.6528,,,4066.45,104.5790139,104.6049139,104.5922139,
4067.35,104.6404,104.6658,104.6532,,,4067.35,104.579826,104.605226,104.592626,
4068.2501,104.6412,104.6659,104.6537,,,4068.2501,104.580638,104.605338,104.593138,
4069.15,104.6418,104.6666,104.6548,,,4069.15,104.5812501,104.6060501,104.5942501,
4070.0499,104.6427,104.6663,104.655,,,4070.0499,104.5821622,104.6057622,104.5944622,
4070.95,104.6438,104.6667,104.6562,,,4070.95,104.5832742,104.6061742,104.5956742,
4071.85,104.6442,104.6667,104.6563,,,4071.85,104.5836863,104.6061863,104.5957863,
4072.7501,104.6451,104.6667,104.6568,,,4072.7501,104.5845983,104.6061983,104.5962983,
4073.65,104.6463,104.6674,104.658,,,4073.65,104.5858104,104.6069104,104.5975104,
4074.5499,104.647,104.667,104.6584,,,4074.5499,104.5865225,104.6065225,104.5979225,
4075.45,104.6481,104.6678,104.6595,,,4075.45,104.5876345,104.6073345,104.5990345,
4076.35,104.6486,104.667,104.6591,,,4076.35,104.5881466,104.6065466,104.5986466,
4077.2501,104.6483,104.6667,104.6592,,,4077.2501,104.5878586,104.6062586,104.5987586,
4078.15,104.6501,104.6674,104.6602,,,4078.15,104.5896707,104.6069707,104.5997707,
4079.0499,104.6507,104.6672,104.6603,,,4079.0499,104.5902828,104.6067828,104.5998828,
4079.95,104.6518,104.6679,104.6611,,,4079.95,104.5913948,104.6074948,104.6006948,
4080.85,104.6529,104.6687,104.662,,,4080.85,104.5925069,104.6083069,104.6016069,
4081.7501,104.6544,104.6686,104.6625,,,4081.7501,104.5940189,104.6082189,104.6021189,
4082.65,104.6544,104.6694,104.6632,,,4082.65,104.594031,104.609031,104.602831,
4083.5499,104.6553,104.6695,104.6637,,,4083.5499,104.5949431,104.6091431,104.6033431,
4084.45,104.6553,104.6695,104.664,,,4084.45,104.5949551,104.6091551,104.6036551,
4085.35,104.6562,104.6707,104.6647,,,4085.35,104.5958672,104.6103672,104.6043672,
4086.2501,104.6565,104.6709,104.6652,,,4086.2501,104.5961792,104.6105792,104.6048792,
4087.15,104.6579,104.6709,104.6652,,,4087.15,104.5975913,104.6105913,104.6048913,
4088.0499,104.6583,104.6715,104.6659,,,4088.0499,104.5980034,104.6112034,104.6056034,
4088.95,104.6591,104.6717,104.6664,,,4088.95,104.5988154,104.6114154,104.6061154,
4089.7999,104.6597,104.6722,104.6666,,,4089.7999,104.5994268,104.6119268,104.6063268,
4090.7,104.6603,104.673,104.6671,,,4090.7,104.6000389,104.6127389,104.6068389,
4091.6002,104.6615,104.6743,104.6677,,,4091.6002,104.6012509,104.6140509,104.6074509,
4092.45,104.6616,104.6749,104.668,,,4092.45,104.6013623,104.6146623,104.6077623,
4093.35,104.6624,104.6755,104.6682,,,4093.35,104.6021744,104.6152744,104.6079744,
4094.2501,104.6627,104.6768,104.6684,,,4094.2501,104.6024864,104.6165864,104.6081864,
4095.15,104.6628,104.678,104.6686,,,4095.15,104.6025985,104.6177985,104.6083985,
4096.0499,104.6631,104.6788,104.6687,,,4096.0499,104.6029106,104.6186106,104.6085106,
4096.95,104.6635,104.6792,104.6694,,,4096.95,104.6033226,104.6190226,104.6092226,
4097.85,104.6639,104.6801,104.6699,,,4097.85,104.6037347,104.6199347,104.6097347,
4098.7501,104.664,104.6813,104.6704,,,4098.7501,104.6038467,104.6211467,104.6102467,
4099.65,104.6633,104.6825,104.671,,,4099.65,104.6031588,104.6223588,104.6108588,
4100.5499,104.6644,104.684,104.6716,,,4100.5499,104.6042709,104.6238709,104.6114709,
4101.45,104.6644,104.6839,104.6719,,,4101.45,104.6042829,104.6237829,104.6117829,
4102.35,104.6654,104.6849,104.6726,,,4102.35,104.605295,104.624795,104.612495,
4103.2501,104.6655,104.6861,104.6729,,,4103.2501,104.605407,104.626007,104.612807,
4104.15,104.6662,104.6879,104.6738,,,4104.15,104.6061191,104.6278191,104.6137191,
4105.0499,104.6656,104.6875,104.6736,,,4105.0499,104.6055312,104.6274312,104.6135312,
4105.95,104.6651,104.6889,104.674,,,4105.95,104.6050432,104.6288432,104.6139432,
4106.85,104.6646,104.6888,104.6744,,,4106.85,104.6045553,104.6287553,104.6143553,
4107.7501,104.666,104.6895,104.6748,,,4107.7501,104.6059673,104.6294673,104.6147673,
4108.65,104.6664,104.6907,104.6752,,,4108.65,104.6063794,104.6306794,104.6151794,
4109.5499,104.6668,104.6915,104.6763,,,4109.5499,104.6067915,104.6314915,104.6162915,
4110.45,104.6671,104.6938,104.677,,,4110.45,104.6071035,104.6338035,104.6170035,
4111.35,104.6667,104.6947,104.6779,,,4111.35,104.6067156,104.6347156,104.6179156,
4112.2501,104.6676,104.6986,104.6822,,,4112.2501,104.6076276,104.6386276,104.6222276,
4113.15,104.6682,104.6993,104.6801,,,4113.15,104.6082397,104.6393397,104.6201397,
4114.0499,104.6686,104.6986,104.6803,,,4114.0499,104.6086518,104.6386518,104.6203518,
4114.95,104.6667,104.6982,104.6797,,,4114.95,104.6067638,104.6382638,104.6197638,
4115.85,104.6687,104.7016,104.6813,,,4115.85,104.6087759,104.6416759,104.6213759,
4116.7496,104.6686,104.7018,104.6813,,,4116.7496,104.6086879,104.6418879,104.6213879,
4117.65,104.6684,104.702,104.6818,,,4117.65,104.6085,104.6421,104.6219,
4118.5504,104.6696,104.7036,104.6831,,,4118.5504,104.6097121,104.6437121,104.6232121,
4119.4498,104.6707,104.7024,104.6831,,,4119.4498,104.6108241,104.6425241,104.6232241,
4120.3502,104.6702,104.7034,104.6835,,,4120.3502,104.6103362,104.6435362,104.6236362,
4121.2496,104.6713,104.7045,104.6842,,,4121.2496,104.6114482,104.6446482,104.6243482,
4122.15,104.6717,104.7061,104.6854,,,4122.15,104.6118603,104.6462603,104.6255603,
4123.0504,104.6719,104.7065,104.6858,,,4123.0504,104.6120724,104.6466724,104.6259724,
4123.9498,104.6719,104.7064,104.6856,,,4123.9498,104.6120844,104.6465844,104.6257844,
4124.8502,104.6719,104.7073,104.6861,,,4124.8502,104.6120965,104.6474965,104.6262965,
4125.7999,104.6725,104.708,104.6862,,,4125.7999,104.6127092,104.6482092,104.6264092,
4126.7496,104.6717,104.7089,104.6868,,,4126.7496,104.6119219,104.6491219,104.6270219,
4127.6002,104.6723,104.7096,104.687,,,4127.6002,104.6125333,104.6498333,104.6272333,
4128.4498,104.6719,104.7117,104.6879,,,4128.4498,104.6121447,104.6519447,104.6281447,
4129.3502,104.6733,104.7123,104.6887,,,4129.3502,104.6135568,104.6525568,104.6289568,
4130.2999,104.6722,104.7146,104.6898,,,4130.2999,104.6124695,104.6548695,104.6300695,
4131.1998,104.6738,104.7152,104.6906,,,4131.1998,104.6140816,104.6554816,104.6308816,
4132.1002,104.6751,104.7163,104.6911,,,4132.1002,104.6153936,104.6565936,104.6313936,
4133.0504,104.6745,104.716,104.6911,,,4133.0504,104.6148064,104.6563064,104.6314064,
4133.9,104.6746,104.715,104.6903,,,4133.9,104.6149177,104.6553177,104.6306177,
4134.7496,104.6743,104.7162,104.6911,,,4134.7496,104.6146291,104.6565291,104.6314291,
4135.65,104.6741,104.716,104.69,,,4135.65,104.6144412,104.6563412,104.6303412,
4136.5504,104.6747,104.7171,104.6912,,,4136.5504,104.6150533,104.6574533,104.6315533,
4137.4498,104.6738,104.7188,104.6916,,,4137.4498,104.6141653,104.6591653,104.6319653,
4138.4,104.6757,104.7172,104.6912,,,4138.4,104.616078,104.657578,104.631578,
4139.2999,104.6762,104.7183,104.6918,,,4139.2999,104.6165901,104.6586901,104.6321901,
4140.15,104.6772,104.7195,104.6927,,,4140.15,104.6176015,104.6599015,104.6331015,
4141.0504,104.677,104.7205,104.6936,,,4141.0504,104.6174136,104.6609136,104.6340136,
4141.9498,104.6776,104.7218,104.6942,,,4141.9498,104.6180256,104.6622256,104.6346256,
4142.8502,104.6782,104.723,104.6948,,,4142.8502,104.6186377,104.6634377,104.6352377,
4143.7496,104.6789,104.7222,104.6948,,,4143.7496,104.6193497,104.6626497,104.6352497,
4144.6998,104.6781,104.7243,104.6961,,,4144.6998,104.6185625,104.6647625,104.6365625,
4145.65,104.6788,104.7241,104.6958,,,4145.65,104.6192752,104.6645752,104.6362752,
4146.5504,104.6788,104.725,104.6962,,,4146.5504,104.6192872,104.6654872,104.6366872,
4147.4,104.679,104.7247,104.6967,,,4147.4,104.6194986,104.6651986,104.6371986,
4148.2496,104.6794,104.7276,104.6971,,,4148.2496,104.61991,104.66811,104.63761,
4149.15,104.68,104.7288,104.6976,,,4149.15,104.6205221,104.6693221,104.6381221,
4150.1002,104.6792,104.7302,104.6991,,,4150.1002,104.6197348,104.6707348,104.6396348,
4151.0504,104.6796,104.7301,104.6986,,,4151.0504,104.6201475,104.6706475,104.6391475,
4151.9498,104.6802,104.7306,104.699,,,4151.9498,104.6207596,104.6711596,104.6395596,
4152.8502,104.68,104.7347,104.7007,,,4152.8502,104.6205717,104.6752717,104.6412717,
4153.7496,104.6808,104.7335,104.7011,,,4153.7496,104.6213837,104.6740837,104.6416837,
4154.65,104.682,104.7331,104.7005,,,4154.65,104.6225958,104.6736958,104.6410958,
4155.5504,104.6816,104.7335,104.7013,,,4155.5504,104.6222078,104.6741078,104.6419078,
4156.4,104.6824,104.7353,104.7012,,,4156.4,104.6230192,104.6759192,104.6418192,
4157.2999,104.6812,104.7333,104.7011,,,4157.2999,104.6218313,104.6739313,104.6417313,
4158.2496,104.6808,104.7359,104.7023,,,4158.2496,104.621444,104.676544,104.642944,
4159.15,104.682,104.7376,104.7029,,,4159.15,104.6226561,104.6782561,104.6435561,
4160.0504,104.6823,104.7377,104.7028,,,4160.0504,104.6229681,104.6783681,104.6434681,
4160.9498,104.6828,104.7372,104.7028,,,4160.9498,104.6234802,104.6778802,104.6434802,
4161.8502,104.6828,104.7398,104.7037,,,4161.8502,104.6234923,104.6804923,104.6443923,
4162.7496,104.6816,104.74,104.7039,,,4162.7496,104.6223043,104.6807043,104.6446043,
4163.65,104.6809,104.7403,104.7041,,,4163.65,104.6216164,104.6810164,104.6448164,
4164.5504,104.682,104.7407,104.7047,,,4164.5504,104.6227284,104.6814284,104.6454284,
4165.4498,104.6833,104.7404,104.7048,,,4165.4498,104.6240405,104.6811405,104.6455405,
4166.3502,104.6814,104.742,104.7056,,,4166.3502,104.6221526,104.6827526,104.6463526,
4167.2496,104.6839,104.7416,104.7054,,,4167.2496,104.6246646,104.6823646,104.6461646,
4168.15,104.6843,104.7423,104.708,,,4168.15,104.6250767,104.6830767,104.6487767,
4169.0504,104.6847,104.7466,104.7072,,,4169.0504,104.6254887,104.6873887,104.6479887,
4169.9498,104.6841,104.7465,104.7082,,,4169.9498,104.6249008,104.6873008,104.6490008,
4170.8502,104.6839,104.7469,104.7072,,,4170.8502,104.6247129,104.6877129,104.6480129,
4171.7496,104.6848,104.7489,104.7093,,,4171.7496,104.6256249,104.6897249,104.6501249,
4172.65,104.6853,104.7443,104.7068,,,4172.65,104.626137,104.685137,104.647637,
4173.5504,104.6859,104.7466,104.7085,,,4173.5504,104.626749,104.687449,104.649349,
4174.4498,104.6853,104.7439,104.707,,,4174.4498,104.6261611,104.6847611,104.6478611,
4175.3502,104.6855,104.7458,104.7078,,,4175.3502,104.6263732,104.6866732,104.6486732,
4176.2496,104.6859,104.749,104.7098,,,4176.2496,104.6267852,104.6898852,104.6506852,
4177.15,104.6849,104.7478,104.7092,,,4177.15,104.6257973,104.6886973,104.6500973,
4178.0504,104.6835,104.7483,104.7088,,,4178.0504,104.6244093,104.6892093,104.6497093,
4178.9498,104.6859,104.7502,104.7105,,,4178.9498,104.6268214,104.6911214,104.6514214,
4179.8502,104.6856,104.7481,104.7088,,,4179.8502,104.6265335,104.6890335,104.6497335,
4180.7496,104.6855,104.7477,104.709,,,4180.7496,104.6264455,104.6886455,104.6499455,
4181.65,104.6861,104.7499,104.7101,,,4181.65,104.6270576,104.6908576,104.6510576,
4182.5504,104.686,104.7489,104.71,,,4182.5504,104.6269696,104.6898696,104.6509696,
4183.4498,104.6872,104.7497,104.7106,,,4183.4498,104.6281817,104.6906817,104.6515817,
4184.3502,104.6867,104.7487,104.7094,,,4184.3502,104.6276938,104.6896938,104.6503938,
4185.2496,104.6871,104.7497,104.7102,,,4185.2496,104.6281058,104.6907058,104.6512058,
4186.15,104.6871,104.751,104.7113,,,4186.15,104.6281179,104.6920179,104.6523179,
4187.0504,104.6871,104.7558,104.7142,,,4187.0504,104.6281299,104.6968299,104.6552299,
4187.9498,104.6868,104.7491,104.7099,,,4187.9498,104.627842,104.690142,104.650942,
4188.9,104.6877,104.7544,104.7141,,,4188.9,104.6287547,104.6954547,104.6551547,
4189.8502,104.6871,104.7529,104.7112,,,4189.8502,104.6281675,104.6939675,104.6522675,
4190.7496,104.6871,104.7538,104.7131,,,4190.7496,104.6281795,104.6948795,104.6541795,
4191.65,104.6885,104.7579,104.7166,,,4191.65,104.6295916,104.6989916,104.6576916,
4192.5504,104.6873,104.7581,104.7162,,,4192.5504,104.6284036,104.6992036,104.6573036,
4193.4498,104.6883,104.7517,104.7119,,,4193.4498,104.6294157,104.6928157,104.6530157,
4194.3502,104.6885,104.7497,104.7123,,,4194.3502,104.6296278,104.6908278,104.6534278,
4195.2496,104.6899,104.7592,104.7174,,,4195.2496,104.6310398,104.7003398,104.6585398,
4196.15,104.6896,104.7536,104.7141,,,4196.15,104.6307519,104.6947519,104.6552519,
4197.0504,104.6898,104.7546,104.7143,,,4197.0504,104.6309639,104.6957639,104.6554639,
4197.9498,104.6903,104.7505,104.7124,,,4197.9498,104.631476,104.691676,104.653576,
4198.8502,104.6904,104.7524,104.7131,,,4198.8502,104.6315881,104.6935881,104.6542881,
4199.7496,104.6902,104.7512,104.713,,,4199.7496,104.6314001,104.6924001,104.6542001,
4200.65,104.6904,104.7489,104.7125,,,4200.65,104.6316122,104.6901122,104.6537122,
4201.5504,104.6896,104.7509,104.7131,,,4201.5504,104.6308242,104.6921242,104.6543242,
4202.4498,104.6904,104.7504,104.7125,,,4202.4498,104.6316363,104.6916363,104.6537363,
4203.3502,104.6918,104.7518,104.713,,,4203.3502,104.6330483,104.6930483,104.6542483,
4204.2496,104.6916,104.7514,104.7134,,,4204.2496,104.6328604,104.6926604,104.6546604,
4205.15,104.6927,104.753,104.7138,,,4205.15,104.6339725,104.6942725,104.6550725,
4206.0504,104.6908,104.7514,104.7136,,,4206.0504,104.6320845,104.6926845,104.6548845,
4206.9498,104.6918,104.7528,104.7145,,,4206.9498,104.6330966,104.6940966,104.6557966,
4207.8502,104.6927,104.7518,104.7146,,,4207.8502,104.6340086,104.6931086,104.6559086,
4208.7496,104.6938,104.7528,104.7153,,,4208.7496,104.6351207,104.6941207,104.6566207,
4209.65,104.6934,104.7575,104.717,,,4209.65,104.6347328,104.6988328,104.6583328,
4210.5504,104.6943,104.7544,104.7159,,,4210.5504,104.6356448,104.6957448,104.6572448,
4211.4498,104.6951,104.76,104.7197,,,4211.4498,104.6364569,104.7013569,104.6610569,
4212.3502,104.6948,104.7579,104.7181,,,4212.3502,104.6361689,104.6992689,104.6594689,
4213.2496,104.6891,104.7512,104.7128,,,4213.2496,104.630481,104.692581,104.654181,
4214.1998,104.6971,104.7552,104.7177,,,4214.1998,104.6384937,104.6965937,104.6590937,
4215.15,104.6973,104.7569,104.7183,,,4215.15,104.6387065,104.6983065,104.6597065,
4216.0504,104.6967,104.7611,104.7204,,,4216.0504,104.6381185,104.7025185,104.6618185,
4216.9498,104.6908,104.7587,104.7171,,,4216.9498,104.6322306,104.7001306,104.6585306,
4217.8502,104.6974,104.7557,104.7194,,,4217.8502,104.6388426,104.6971426,104.6608426,
4218.7496,104.6973,104.7549,104.7193,,,4218.7496,104.6387547,104.6963547,104.6607547,
4219.65,104.6973,104.755,104.7197,,,4219.65,104.6387668,104.6964668,104.6611668,
4220.5504,104.6986,104.7558,104.7206,,,4220.5504,104.6400788,104.6972788,104.6620788,
4221.4498,104.6985,104.7565,104.721,,,4221.4498,104.6399909,104.6979909,104.6624909,
4222.3502,104.6994,104.7561,104.7205,,,4222.3502,104.6409029,104.6976029,104.6620029,
4223.2496,104.6965,104.7596,104.7213,,,4223.2496,104.638015,104.701115,104.662815,
4224.15,104.7001,104.7576,104.7226,,,4224.15,104.6416271,104.6991271,104.6641271,
4225.1002,104.6983,104.7568,104.7208,,,4225.1002,104.6398398,104.6983398,104.6623398,
4226.0504,104.6938,104.7501,104.7155,,,4226.0504,104.6353525,104.6916525,104.6570525,
4226.9498,104.6999,104.7544,104.7214,,,4226.9498,104.6414646,104.6959646,104.6629646,
4227.8502,104.6967,104.7575,104.7205,,,4227.8502,104.6382766,104.6990766,104.6620766,
4228.7496,104.7013,104.7597,104.7245,,,4228.7496,104.6428887,104.7012887,104.6660887,
4229.65,104.7029,104.7581,104.7245,,,4229.65,104.6445008,104.6997008,104.6661008,
4230.5504,104.7032,104.7588,104.725,,,4230.5504,104.6448128,104.7004128,104.6666128,
4231.4498,104.7021,104.7577,104.724,,,4231.4498,104.6437249,104.6993249,104.6656249,
4232.3502,104.7025,104.7588,104.7243,,,4232.3502,104.6441369,104.7004369,104.6659369,
4233.2999,104.7029,104.7603,104.7254,,,4233.2999,104.6445497,104.7019497,104.6670497,
4234.1998,104.7033,104.7577,104.7251,,,4234.1998,104.6449617,104.6993617,104.6667617,
4235.0504,104.7038,104.7542,104.7245,,,4235.0504,104.6454731,104.6958731,104.6661731,
4235.9498,104.7038,104.7596,104.7253,,,4235.9498,104.6454852,104.7012852,104.6669852,
4236.8502,104.704,104.7576,104.7249,,,4236.8502,104.6456972,104.6992972,104.6665972,
4237.7496,104.7044,104.7573,104.7254,,,4237.7496,104.6461093,104.6990093,104.6671093,
4238.65,104.7045,104.7568,104.7249,,,4238.65,104.6462214,104.6985214,104.6666214,
4239.6002,104.7046,104.758,104.7249,,,4239.6002,104.6463341,104.6997341,104.6666341,
4240.5001,104.7054,104.7595,104.7257,,,4240.5001,104.6471461,104.7012461,104.6674461,
4241.4,104.705,104.7611,104.7268,,,4241.4,104.6467582,104.7028582,104.6685582,
4242.2999,104.7046,104.7566,104.7247,,,4242.2999,104.6463703,104.6983703,104.6664703,
4243.15,104.7052,104.7584,104.7253,,,4243.15,104.6469817,104.7001817,104.6670817,
4244.0504,104.705,104.7568,104.7257,,,4244.0504,104.6467937,104.6985937,104.6674937,
4245.0001,104.7056,104.7624,104.7276,,,4245.0001,104.6474064,104.7042064,104.6694064,
4245.9498,104.7061,104.7631,104.7277,,,4245.9498,104.6479192,104.7049192,104.6695192,
4246.8502,104.7053,104.7631,104.7287,,,4246.8502,104.6471312,104.7049312,104.6705312,
4247.7496,104.7076,104.7658,104.7347,,,4247.7496,104.6494433,104.7076433,104.6765433,
4248.6002,104.7069,104.7612,104.7282,,,4248.6002,104.6487547,104.7030547,104.6700547,
4249.5001,104.7068,104.7648,104.7339,,,4249.5001,104.6486667,104.7066667,104.6757667,
4250.4498,104.7075,104.7603,104.7292,,,4250.4498,104.6493795,104.7021795,104.6710795,
4251.3502,104.707,104.7643,104.7311,,,4251.3502,104.6488915,104.7061915,104.6729915,
4252.2496,104.7075,104.7646,104.7316,,,4252.2496,104.6494036,104.7065036,104.6735036,
4253.15,104.7069,104.7615,104.7283,,,4253.15,104.6488157,104.7034157,104.6702157,
4254.0504,104.7083,104.7591,104.7276,,,4254.0504,104.6502277,104.7010277,104.6695277,
4254.9498,104.7087,104.7742,104.7419,,,4254.9498,104.6506398,104.7161398,104.6838398,
4255.8502,104.707,104.7624,104.7293,,,4255.8502,104.6489518,104.7043518,104.6712518,
4256.7496,104.7075,104.7593,104.728,,,4256.7496,104.6494639,104.7012639,104.6699639,
4257.65,104.7079,104.7588,104.7278,,,4257.65,104.649876,104.700776,104.669776,
4258.5504,104.7076,104.76,104.7279,,,4258.5504,104.649588,104.701988,104.669888,
4259.4498,104.7077,104.7585,104.7275,,,4259.4498,104.6497001,104.7005001,104.6695001,
4260.3502,104.7083,104.764,104.7305,,,4260.3502,104.6503121,104.7060121,104.6725121,
4261.2496,104.7072,104.7581,104.7275,,,4261.2496,104.6492242,104.7001242,104.6695242,
4262.15,104.7072,104.7593,104.728,,,4262.15,104.6492362,104.7013362,104.6700362,
4263.0504,104.7076,104.7603,104.7299,,,4263.0504,104.6496483,104.7023483,104.6719483,
4263.9498,104.7077,104.7537,104.727,,,4263.9498,104.6497604,104.6957604,104.6690604,
4264.8502,104.7087,104.7534,104.7273,,,4264.8502,104.6507724,104.6954724,104.6693724,
4265.7496,104.7084,104.753,104.7273,,,4265.7496,104.6504845,104.6950845,104.6693845,
4266.65,104.7013,104.7583,104.7287,,,4266.65,104.6433965,104.7003965,104.6707965,
4267.5504,104.7077,104.7569,104.7284,,,4267.5504,104.6498086,104.6990086,104.6705086,
4268.4498,104.7064,104.7568,104.728,,,4268.4498,104.6485207,104.6989207,104.6701207,
4269.3502,104.708,104.7564,104.7278,,,4269.3502,104.6501327,104.6985327,104.6699327,
4270.2496,104.7079,104.7562,104.7283,,,4270.2496,104.6500448,104.6983448,104.6704448,
4271.15,104.7075,104.7575,104.7297,,,4271.15,104.6496568,104.6996568,104.6718568,
4272.0504,104.708,104.7548,104.7279,,,4272.0504,104.6501689,104.6969689,104.6700689,
4272.9498,104.708,104.7561,104.7287,,,4272.9498,104.650181,104.698281,104.670881,
4273.8502,104.7077,104.7513,104.7274,,,4273.8502,104.649893,104.693493,104.669593,
4274.7496,104.7077,104.7506,104.7273,,,4274.7496,104.6499051,104.6928051,104.6695051,
4275.65,104.7087,104.7517,104.7281,,,4275.65,104.6509171,104.6939171,104.6703171,
4276.5504,104.7077,104.7497,104.7274,,,4276.5504,104.6499292,104.6919292,104.6696292,
4277.4498,104.708,104.7489,104.7272,,,4277.4498,104.6502413,104.6911413,104.6694413,
4278.3502,104.7073,104.7544,104.7289,,,4278.3502,104.6495533,104.6966533,104.6711533,
4279.2496,104.708,104.751,104.7269,,,4279.2496,104.6502654,104.6932654,104.6691654,
4280.15,104.7076,104.7529,104.7281,,,4280.15,104.6498774,104.6951774,104.6703774,
4281.0504,104.7079,104.7498,104.727,,,4281.0504,104.6501895,104.6920895,104.6692895,
4281.9498,104.7034,104.756,104.7293,,,4281.9498,104.6457016,104.6983016,104.6716016,
4282.8502,104.7065,104.7491,104.7269,,,4282.8502,104.6488136,104.6914136,104.6692136,
4283.7496,104.6868,104.7572,104.7307,,,4283.7496,104.6291257,104.6995257,104.6730257,
4284.65,104.7057,104.7514,104.7277,,,4284.65,104.6480377,104.6937377,104.6700377,
4285.5504,104.7068,104.7463,104.7258,,,4285.5504,104.6491498,104.6886498,104.6681498,
4286.4498,104.7064,104.7446,104.7257,,,4286.4498,104.6487619,104.6869619,104.6680619,
4287.3502,104.7054,104.745,104.7256,,,4287.3502,104.6477739,104.6873739,104.6679739,
4288.2496,104.7065,104.7469,104.7257,,,4288.2496,104.648886,104.689286,104.668086,
4289.15,104.705,104.7455,104.7258,,,4289.15,104.647398,104.687898,104.668198,
4290.0504,104.7056,104.7475,104.727,,,4290.0504,104.6480101,104.6899101,104.6694101,
4290.9498,104.7061,104.7469,104.7265,,,4290.9498,104.6485222,104.6893222,104.6689222,
4291.8502,104.7061,104.7462,104.7265,,,4291.8502,104.6485342,104.6886342,104.6689342,
4292.7496,104.7057,104.7501,104.7271,,,4292.7496,104.6481463,104.6925463,104.6695463,
4293.65,104.7057,104.7532,104.7317,,,4293.65,104.6481583,104.6956583,104.6741583,
4294.5504,104.7062,104.7465,104.7266,,,4294.5504,104.6486704,104.6889704,104.6690704,
4295.4498,104.7065,104.7453,104.7259,,,4295.4498,104.6489825,104.6877825,104.6683825,
4296.3502,104.7065,104.7465,104.7267,,,4296.3502,104.6489945,104.6889945,104.6691945,
4297.2496,104.7058,104.7458,104.7256,,,4297.2496,104.6483066,104.6883066,104.6681066,
4298.15,104.7048,104.7526,104.7302,,,4298.15,104.6473186,104.6951186,104.6727186,
4299.0504,104.7056,104.7451,104.725,,,4299.0504,104.6481307,104.6876307,104.6675307,
4299.9498,104.7044,104.7443,104.7244,,,4299.9498,104.6469428,104.6868428,104.6669428,
4300.8502,104.7056,104.756,104.7326,,,4300.8502,104.6481548,104.6985548,104.6751548,
4301.7496,104.7056,104.7443,104.7246,,,4301.7496,104.6481669,104.6868669,104.6671669,
4302.65,104.7054,104.7438,104.7244,,,4302.65,104.6479789,104.6863789,104.6669789,
4303.5504,104.7054,104.7442,104.7244,,,4303.5504,104.647991,104.686791,104.666991,
4304.4498,104.705,104.744,104.7243,,,4304.4498,104.6476031,104.6866031,104.6669031,
4305.3502,104.7048,104.745,104.7267,,,4305.3502,104.6474151,104.6876151,104.6693151,
4306.2496,104.7052,104.7436,104.7242,,,4306.2496,104.6478272,104.6862272,104.6668272,
4307.15,104.705,104.7444,104.7245,,,4307.15,104.6476392,104.6870392,104.6671392,
4308.0504,104.7048,104.7487,104.7288,,,4308.0504,104.6474513,104.6913513,104.6714513,
4308.9498,104.7048,104.7438,104.7242,,,4308.9498,104.6474634,104.6864634,104.6668634,
4309.8502,104.7042,104.7432,104.7243,,,4309.8502,104.6468754,104.6858754,104.6669754,
4310.7496,104.7046,104.7427,104.7241,,,4310.7496,104.6472875,104.6853875,104.6667875,
4311.65,104.7054,104.7426,104.7241,,,4311.65,104.6480995,104.6852995,104.6667995,
4312.5504,104.7061,104.7426,104.724,,,4312.5504,104.6488116,104.6853116,104.6667116,
4313.4498,104.7052,104.7423,104.7237,,,4313.4498,104.6479237,104.6850237,104.6664237,
4314.3502,104.7052,104.7415,104.723,,,4314.3502,104.6479357,104.6842357,104.6657357,
4315.2496,104.7044,104.7416,104.7233,,,4315.2496,104.6471478,104.6843478,104.6660478,
4316.15,104.7052,104.741,104.7232,,,4316.15,104.6479598,104.6837598,104.6659598,
4317.0504,104.7046,104.742,104.7234,,,4317.0504,104.6473719,104.6847719,104.6661719,
4317.9498,104.7049,104.7415,104.7233,,,4317.9498,104.6476839,104.6842839,104.6660839,
4318.8502,104.7052,104.7408,104.7234,,,4318.8502,104.647996,104.683596,104.666196,
4319.6998,104.7062,104.7407,104.7237,,,4319.6998,104.6490074,104.6835074,104.6665074,
4320.6002,104.7061,104.741,104.7239,,,4320.6002,104.6489195,104.6838195,104.6667195,
4321.5001,104.7062,104.7407,104.724,,,4321.5001,104.6490315,104.6835315,104.6668315,
4322.4,104.7057,104.7404,104.7239,,,4322.4,104.6485436,104.6832436,104.6667436,
4323.2999,104.7069,104.7402,104.7237,,,4323.2999,104.6497556,104.6830556,104.6665556,
4324.15,104.7065,104.7404,104.724,,,4324.15,104.649367,104.683267,104.666867,
4325.0504,104.7073,104.7404,104.7241,,,4325.0504,104.6501791,104.6832791,104.6669791,
4325.9498,104.7073,104.7402,104.7245,,,4325.9498,104.6501911,104.6830911,104.6673911,
4326.8502,104.7076,104.7404,104.7245,,,4326.8502,104.6505032,104.6833032,104.6674032,
4327.7496,104.7075,104.7406,104.725,,,4327.7496,104.6504153,104.6835153,104.6679153,
4328.65,104.7081,104.7403,104.7251,,,4328.65,104.6510273,104.6832273,104.6680273,
4329.5504,104.7085,104.7398,104.725,,,4329.5504,104.6514394,104.6827394,104.6679394,
4330.4498,104.7099,104.7404,104.7249,,,4330.4498,104.6528514,104.6833514,104.6678514,
4331.3502,104.7091,104.7412,104.7266,,,4331.3502,104.6520635,104.6841635,104.6695635,
4332.2496,104.7096,104.7404,104.7258,,,4332.2496,104.6525756,104.6833756,104.6687756,
4333.15,104.7096,104.7414,104.7271,,,4333.15,104.6525876,104.6843876,104.6700876,
4334.0504,104.7089,104.743,104.728,,,4334.0504,104.6518997,104.6859997,104.6709997,
4334.9498,104.7107,104.7422,104.7274,,,4334.9498,104.6537117,104.6852117,104.6704117,
4335.8502,104.7105,104.7404,104.7265,,,4335.8502,104.6535238,104.6834238,104.6695238,
4336.7496,104.7112,104.7403,104.7264,,,4336.7496,104.6542359,104.6833359,104.6694359,
4337.65,104.712,104.7426,104.7293,,,4337.65,104.6550479,104.6856479,104.6723479,
4338.5504,104.7124,104.7398,104.7268,,,4338.5504,104.65546,104.68286,104.66986,
4339.4498,104.7124,104.7392,104.727,,,4339.4498,104.655472,104.682272,104.670072,
4340.3502,104.7129,104.7388,104.727,,,4340.3502,104.6559841,104.6818841,104.6700841,
4341.2496,104.7135,104.7392,104.7274,,,4341.2496,104.6565962,104.6822962,104.6704962,
4342.15,104.7131,104.7404,104.7284,,,4342.15,104.6562082,104.6835082,104.6715082,
4343.0504,104.7144,104.7412,104.7294,,,4343.0504,104.6575203,104.6843203,104.6725203,
4343.9498,104.7135,104.7423,104.7304,,,4343.9498,104.6566323,104.6854323,104.6735323,
4344.8502,104.7155,104.7436,104.7323,,,4344.8502,104.6586444,104.6867444,104.6754444,
4345.7496,104.7129,104.7485,104.7334,,,4345.7496,104.6560565,104.6916565,104.6765565,
4346.65,104.7144,104.7446,104.7332,,,4346.65,104.6575685,104.6877685,104.6763685,
4347.5504,104.7158,104.7449,104.7335,,,4347.5504,104.6589806,104.6880806,104.6766806,
4348.4498,104.7171,104.7432,104.733,,,4348.4498,104.6602926,104.6863926,104.6761926,
4349.3502,104.7175,104.7434,104.7328,,,4349.3502,104.6607047,104.6866047,104.6760047,
4350.2496,104.7167,104.7451,104.7342,,,4350.2496,104.6599168,104.6883168,104.6774168,
4351.15,104.719,104.7444,104.735,,,4351.15,104.6622288,104.6876288,104.6782288,
4352.0504,104.7179,104.7458,104.7346,,,4352.0504,104.6611409,104.6890409,104.6778409,
4352.9498,104.7201,104.7469,104.7361,,,4352.9498,104.6633529,104.6901529,104.6793529,
4353.8502,104.7203,104.7482,104.7375,,,4353.8502,104.663565,104.691465,104.680765,
4354.7496,104.7198,104.7458,104.7366,,,4354.7496,104.6630771,104.6890771,104.6798771,
4355.65,104.7198,104.7474,104.7375,,,4355.65,104.6630891,104.6906891,104.6807891,
4356.5504,104.7184,104.7499,104.7391,,,4356.5504,104.6617012,104.6932012,104.6824012,
4357.4498,104.7225,104.7471,104.738,,,4357.4498,104.6658132,104.6904132,104.6813132,
4358.3502,104.7238,104.7458,104.7374,,,4358.3502,104.6671253,104.6891253,104.6807253,
4359.2496,104.7241,104.7461,104.7379,,,4359.2496,104.6674374,104.6894374,104.6812374,
4360.15,104.7247,104.7461,104.7385,,,4360.15,104.6680494,104.6894494,104.6818494,
4361.0504,104.7246,104.7474,104.7387,,,4361.0504,104.6679615,104.6907615,104.6820615,
4361.9498,104.7257,104.7478,104.7395,,,4361.9498,104.6690735,104.6911735,104.6828735,
4362.8502,104.7273,104.7494,104.7409,,,4362.8502,104.6706856,104.6927856,104.6842856,
4363.7496,104.7272,104.747,104.7397,,,4363.7496,104.6705977,104.6903977,104.6830977,
4364.65,104.7277,104.7483,104.7403,,,4364.65,104.6711097,104.6917097,104.6837097,
4365.5504,104.7289,104.7518,104.7428,,,4365.5504,104.6723218,104.6952218,104.6862218,
4366.4498,104.7202,104.7525,104.7428,,,4366.4498,104.6636338,104.6959338,104.6862338,
4367.3502,104.7298,104.7542,104.7439,,,4367.3502,104.6732459,104.6976459,104.6873459,
4368.2496,104.7262,104.7556,104.7449,,,4368.2496,104.669658,104.699058,104.688358,
4369.15,104.718,104.7562,104.7461,,,4369.15,104.66147,104.69967,104.68957,
4370.0504,104.7266,104.758,104.7465,,,4370.0504,104.6700821,104.7014821,104.6899821,
4370.9498,104.7325,104.7554,104.7461,,,4370.9498,104.6759941,104.6988941,104.6895941,
4371.8502,104.7328,104.7585,104.7471,,,4371.8502,104.6763062,104.7020062,104.6906062,
4372.7496,104.7336,104.758,104.7477,,,4372.7496,104.6771183,104.7015183,104.6912183,
4373.65,104.7349,104.7579,104.7485,,,4373.65,104.6784303,104.7014303,104.6920303,
4374.5504,104.7328,104.7585,104.7483,,,4374.5504,104.6763424,104.7020424,104.6918424,
4375.4498,104.7356,104.7577,104.7484,,,4375.4498,104.6791544,104.7012544,104.6919544,
4376.3502,104.7297,104.7597,104.7493,,,4376.3502,104.6732665,104.7032665,104.6928665,
4377.2496,104.7215,104.7593,104.7499,,,4377.2496,104.6650785,104.7028785,104.6934785,
4378.15,104.731,104.7597,104.7497,,,4378.15,104.6745906,104.7032906,104.6932906,
4379.0504,104.7368,104.7617,104.7515,,,4379.0504,104.6804027,104.7053027,104.6951027,
4379.9498,104.7379,104.7623,104.7517,,,4379.9498,104.6815147,104.7059147,104.6953147,
4380.8502,104.7396,104.7627,104.7527,,,4380.8502,104.6832268,104.7063268,104.6963268,
4381.7496,104.7406,104.762,104.7526,,,4381.7496,104.6842388,104.7056388,104.6962388,
4382.65,104.7375,104.7627,104.7526,,,4382.65,104.6811509,104.7063509,104.6962509,
4383.5504,104.7412,104.7674,104.7543,,,4383.5504,104.684863,104.711063,104.697963,
4384.4498,104.7347,104.7635,104.7537,,,4384.4498,104.678375,104.707175,104.697375,
4385.3502,104.7407,104.7656,104.7547,,,4385.3502,104.6843871,104.7092871,104.6983871,
4386.2496,104.7431,104.7656,104.7555,,,4386.2496,104.6867991,104.7092991,104.6991991,
4387.15,104.7414,104.7652,104.755,,,4387.15,104.6851112,104.7089112,104.6987112,
4388.0504,104.7435,104.7638,104.7555,,,4388.0504,104.6872233,104.7075233,104.6992233,
4388.9498,104.7414,104.766,104.7559,,,4388.9498,104.6851353,104.7097353,104.6996353,
4389.8502,104.7439,104.7691,104.7576,,,4389.8502,104.6876474,104.7128474,104.7013474,
4390.7496,104.7392,104.7687,104.7575,,,4390.7496,104.6829594,104.7124594,104.7012594,
4391.65,104.7435,104.7694,104.7578,,,4391.65,104.6872715,104.7131715,104.7015715,
4392.5504,104.7427,104.7676,104.7574,,,4392.5504,104.6864836,104.7113836,104.7011836,
4393.4498,104.7459,104.7668,104.758,,,4393.4498,104.6896956,104.7105956,104.7017956,
4394.3502,104.7431,104.7691,104.7585,,,4394.3502,104.6869077,104.7129077,104.7023077,
4395.2496,104.7349,104.7699,104.7581,,,4395.2496,104.6787197,104.7137197,104.7019197,
4396.15,104.7466,104.7699,104.7593,,,4396.15,104.6904318,104.7137318,104.7031318,
4397.0504,104.7469,104.7691,104.7593,,,4397.0504,104.6907439,104.7129439,104.7031439,
4397.9498,104.7477,104.7698,104.7595,,,4397.9498,104.6915559,104.7136559,104.7033559,
4398.8502,104.749,104.7726,104.7615,,,4398.8502,104.692868,104.716468,104.705368,
4399.7496,104.7493,104.771,104.7611,,,4399.7496,104.69318,104.71488,104.70498,
4400.65,104.7479,104.773,104.7615,,,4400.65,104.6917921,104.7168921,104.7053921,
4401.5504,104.7487,104.7756,104.7624,,,4401.5504,104.6926042,104.7195042,104.7063042,
4402.4498,104.7486,104.7737,104.7623,,,4402.4498,104.6925162,104.7176162,104.7062162,
4403.3502,104.7479,104.7745,104.7625,,,4403.3502,104.6918283,104.7184283,104.7064283,
4404.2496,104.7481,104.7757,104.7631,,,4404.2496,104.6920403,104.7196403,104.7070403,
4405.15,104.7497,104.7782,104.7643,,,4405.15,104.6936524,104.7221524,104.7082524,
4406.0504,104.7499,104.7747,104.7642,,,4406.0504,104.6938645,104.7186645,104.7081645,
4406.9498,104.7502,104.7792,104.7653,,,4406.9498,104.6941765,104.7231765,104.7092765,
4407.8502,104.7506,104.779,104.7662,,,4407.8502,104.6945886,104.7229886,104.7101886,
4408.7496,104.7505,104.7781,104.7663,,,4408.7496,104.6945006,104.7221006,104.7103006,
4409.65,104.7483,104.7773,104.7662,,,4409.65,104.6923127,104.7213127,104.7102127,
4410.5504,104.7509,104.7852,104.7685,,,4410.5504,104.6949248,104.7292248,104.7125248,
4411.4498,104.7528,104.779,104.7677,,,4411.4498,104.6968368,104.7230368,104.7117368,
4412.3502,104.7513,104.7814,104.7684,,,4412.3502,104.6953489,104.7254489,104.7124489,
4413.2496,104.7517,104.7835,104.7693,,,4413.2496,104.6957609,104.7275609,104.7133609,
4414.15,104.7505,104.7855,104.7699,,,4414.15,104.694573,104.729573,104.713973,
4415.0504,104.7529,104.7881,104.7711,,,4415.0504,104.6969851,104.7321851,104.7151851,
4415.9498,104.7512,104.784,104.7702,,,4415.9498,104.6952971,104.7280971,104.7142971,
4416.8502,104.7521,104.7869,104.7712,,,4416.8502,104.6962092,104.7310092,104.7153092,
4417.7496,104.7529,104.7857,104.7715,,,4417.7496,104.6970212,104.7298212,104.7156212,
4418.65,104.7532,104.7824,104.7713,,,4418.65,104.6973333,104.7265333,104.7154333,
4419.5504,104.7544,104.7833,104.7722,,,4419.5504,104.6985454,104.7274454,104.7163454,
4420.4498,104.7537,104.7895,104.7734,,,4420.4498,104.6978574,104.7336574,104.7175574,
4421.3502,104.7526,104.7878,104.7737,,,4421.3502,104.6967695,104.7319695,104.7178695,
4422.2496,104.7552,104.7876,104.7744,,,4422.2496,104.6993815,104.7317815,104.7185815,
4423.15,104.7544,104.7879,104.774,,,4423.15,104.6985936,104.7320936,104.7181936,
4424.0504,104.7541,104.7873,104.7739,,,4424.0504,104.6983057,104.7315057,104.7181057,
4424.9498,104.7526,104.792,104.7745,,,4424.9498,104.6968177,104.7362177,104.7187177,
4425.8502,104.7534,104.8013,104.7754,,,4425.8502,104.6976298,104.7455298,104.7196298,
4426.7496,104.7538,104.7886,104.7741,,,4426.7496,104.6980418,104.7328418,104.7183418,
4427.65,104.754,104.7873,104.7745,,,4427.65,104.6982539,104.7315539,104.7187539,
4428.5504,104.7541,104.7894,104.7743,,,4428.5504,104.698366,104.733666,104.718566,
4429.4498,104.7536,104.799,104.7762,,,4429.4498,104.697878,104.743278,104.720478,
4430.3502,104.7532,104.7895,104.7741,,,4430.3502,104.6974901,104.7337901,104.7183901,
4431.2496,104.7526,104.7898,104.7742,,,4431.2496,104.6969021,104.7341021,104.7185021,
4432.15,104.7493,104.7907,104.7743,,,4432.15,104.6936142,104.7350142,104.7186142,
4433.0504,104.7454,104.7868,104.7721,,,4433.0504,104.6897263,104.7311263,104.7164263,
4433.9498,104.7493,104.7863,104.772,,,4433.9498,104.6936383,104.7306383,104.7163383,
4434.9,104.7473,104.7864,104.7721,,,4434.9,104.691651,104.730751,104.716451,
4435.8502,104.7514,104.7849,104.7717,,,4435.8502,104.6957638,104.7292638,104.7160638,
4436.7496,104.7502,104.7861,104.7713,,,4436.7496,104.6945758,104.7304758,104.7156758,
4437.65,104.7498,104.7926,104.7725,,,4437.65,104.6941879,104.7369879,104.7168879,
4438.5504,104.7498,104.7891,104.7706,,,4438.5504,104.6942,104.7335,104.715,
4439.4498,104.7477,104.7865,104.7696,,,4439.4498,104.692112,104.730912,104.714012,
4440.3502,104.7475,104.7879,104.7693,,,4440.3502,104.6919241,104.7323241,104.7137241,
4441.2496,104.7453,104.7844,104.7668,,,4441.2496,104.6897361,104.7288361,104.7112361,
4442.15,104.7454,104.7835,104.7657,,,4442.15,104.6898482,104.7279482,104.7101482,
4443.0504,104.7432,104.7806,104.7631,,,4443.0504,104.6876603,104.7250603,104.7075603,
4443.9498,104.7426,104.7817,104.7622,,,4443.9498,104.6870723,104.7261723,104.7066723,
4444.8502,104.7418,104.7812,104.7617,,,4444.8502,104.6862844,104.7256844,104.7061844,
4445.7496,104.7411,104.7869,104.7626,,,4445.7496,104.6855964,104.7313964,104.7070964,
4446.65,104.7382,104.7853,104.7615,,,4446.65,104.6827085,104.7298085,104.7060085,
4447.5504,104.7398,104.7812,104.7591,,,4447.5504,104.6843206,104.7257206,104.7036206,
4448.4498,104.7379,104.7825,104.7581,,,4448.4498,104.6824326,104.7270326,104.7026326,
4449.3502,104.7372,104.7856,104.7581,,,4449.3502,104.6817447,104.7301447,104.7026447,
4450.2496,104.7331,104.7808,104.7554,,,4450.2496,104.6776567,104.7253567,104.6999567,
4451.15,104.732,104.7793,104.754,,,4451.15,104.6765688,104.7238688,104.6985688,
4452.0504,104.7349,104.773,104.7507,,,4452.0504,104.6794809,104.7175809,104.6952809,
4452.9498,104.7296,104.7766,104.7516,,,4452.9498,104.6741929,104.7211929,104.6961929,
4453.8502,104.7253,104.7743,104.7495,,,4453.8502,104.669905,104.718905,104.694105,
4454.7496,104.7272,104.7713,104.7479,,,4454.7496,104.671817,104.715917,104.692517,
4455.6998,104.7243,104.775,104.7476,,,4455.6998,104.6689298,104.7196298,104.6922298,
4456.65,104.7203,104.7711,104.744,,,4456.65,104.6649425,104.7157425,104.6886425,
4457.5504,104.7201,104.7671,104.7418,,,4457.5504,104.6647546,104.7117546,104.6864546,
4458.4498,104.7186,104.7664,104.7406,,,4458.4498,104.6632666,104.7110666,104.6852666,
4459.3502,104.7183,104.764,104.738,,,4459.3502,104.6629787,104.7086787,104.6826787,
4460.2496,104.7154,104.7631,104.737,,,4460.2496,104.6600907,104.7077907,104.6816907,
4461.15,104.7148,104.7605,104.7357,,,4461.15,104.6595028,104.7052028,104.6804028,
4462.0504,104.7116,104.7604,104.7328,,,4462.0504,104.6563149,104.7051149,104.6775149,
4462.9498,104.7084,104.7601,104.7323,,,4462.9498,104.6531269,104.7048269,104.6770269,
4463.8502,104.7083,104.7506,104.727,,,4463.8502,104.653039,104.695339,104.671739,
4464.7496,104.7064,104.7473,104.7251,,,4464.7496,104.651151,104.692051,104.669851,
4465.65,104.7038,104.7461,104.7237,,,4465.65,104.6485631,104.6908631,104.6684631,
4466.5504,104.7046,104.7449,104.7218,,,4466.5504,104.6493752,104.6896752,104.6665752,
4467.4498,104.7036,104.7439,104.721,,,4467.4498,104.6483872,104.6886872,104.6657872,
4468.3502,104.7007,104.7414,104.72,,,4468.3502,104.6454993,104.6861993,104.6647993,
4469.2496,104.6999,104.7412,104.7193,,,4469.2496,104.6447113,104.6860113,104.6641113,
4470.15,104.6995,104.7391,104.7179,,,4470.15,104.6443234,104.6839234,104.6627234,
4471.0504,104.6981,104.7396,104.7174,,,4471.0504,104.6429355,104.6844355,104.6622355,
4471.9498,104.6979,104.7383,104.7166,,,4471.9498,104.6427475,104.6831475,104.6614475,
4472.8502,104.6965,104.7394,104.7169,,,4472.8502,104.6413596,104.6842596,104.6617596,
4473.7496,104.6963,104.7391,104.716,,,4473.7496,104.6411716,104.6839716,104.6608716,
4474.65,104.6959,104.7383,104.7153,,,4474.65,104.6407837,104.6831837,104.6601837,
4475.5504,104.6966,104.7388,104.7161,,,4475.5504,104.6414958,104.6836958,104.6609958,
4476.4498,104.6973,104.7403,104.7178,,,4476.4498,104.6422078,104.6852078,104.6627078,
4477.3502,104.6977,104.7396,104.717,,,4477.3502,104.6426199,104.6845199,104.6619199,
4478.2496,104.6983,104.7422,104.7189,,,4478.2496,104.6432319,104.6871319,104.6638319,
4479.15,104.7009,104.7457,104.7211,,,4479.15,104.645844,104.690644,104.666044,
4480.0504,104.7017,104.7462,104.721,,,4480.0504,104.646656,104.691156,104.665956,
4480.9498,104.7026,104.7565,104.7274,,,4480.9498,104.6475681,104.7014681,104.6723681,
4481.8502,104.7038,104.7542,104.7275,,,4481.8502,104.6487802,104.6991802,104.6724802,
4482.7496,104.7057,104.7589,104.732,,,4482.7496,104.6506922,104.7038922,104.6769922,
4483.65,104.7069,104.7604,104.7322,,,4483.65,104.6519043,104.7054043,104.6772043,
4484.5504,104.7084,104.7603,104.7338,,,4484.5504,104.6534163,104.7053163,104.6788163,
4485.4498,104.7095,104.7639,104.7347,,,4485.4498,104.6545284,104.7089284,104.6797284,
4486.3502,104.7123,104.764,104.7368,,,4486.3502,104.6573405,104.7090405,104.6818405,
4487.2496,104.7146,104.7651,104.738,,,4487.2496,104.6596525,104.7101525,104.6830525,
4488.15,104.7171,104.7639,104.7384,,,4488.15,104.6621646,104.7089646,104.6834646,
4489.0504,104.7179,104.7662,104.7403,,,4489.0504,104.6629766,104.7112766,104.6853766,
4489.9498,104.7215,104.7687,104.7439,,,4489.9498,104.6665887,104.7137887,104.6889887,
4490.8502,104.7235,104.7679,104.7443,,,4490.8502,104.6686008,104.7130008,104.6894008,
4491.7496,104.7262,104.775,104.7494,,,4491.7496,104.6713128,104.7201128,104.6945128,
4492.65,104.7281,104.7753,104.751,,,4492.65,104.6732249,104.7204249,104.6961249,
4493.5504,104.7286,104.775,104.7511,,,4493.5504,104.6737369,104.7201369,104.6962369,
4494.4498,104.732,104.7808,104.7552,,,4494.4498,104.677149,104.725949,104.700349,
4495.3502,104.7348,104.7805,104.7564,,,4495.3502,104.6799611,104.7256611,104.7015611,
4496.1998,104.7396,104.7857,104.7608,,,4496.1998,104.6847724,104.7308724,104.7059724,
4497.0504,104.7419,104.7841,104.761,,,4497.0504,104.6870838,104.7292838,104.7061838,
4497.9498,104.7449,104.7898,104.7644,,,4497.9498,104.6900959,104.7349959,104.7095959,
4498.8502,104.7462,104.7875,104.7649,,,4498.8502,104.691408,104.732708,104.710108,
4499.7496,104.7471,104.7924,104.7685,,,4499.7496,104.69232,104.73762,104.71372,
4500.65,104.7504,104.7935,104.7707,,,4500.65,104.6956321,104.7387321,104.7159321,
4501.5504,104.7526,104.7907,104.7713,,,4501.5504,104.6978441,104.7359441,104.7165441,
4502.4498,104.7517,104.8003,104.7759,,,4502.4498,104.6969562,104.7455562,104.7211562,
4503.3502,104.7554,104.801,104.7777,,,4503.3502,104.7006683,104.7462683,104.7229683,
4504.2496,104.7568,104.7995,104.7785,,,4504.2496,104.7020803,104.7447803,104.7237803,
4505.15,104.7595,104.8064,104.7809,,,4505.15,104.7047924,104.7516924,104.7261924,
4506.0504,104.7613,104.8029,104.7819,,,4506.0504,104.7066044,104.7482044,104.7272044,
4506.9498,104.7593,104.8191,104.785,,,4506.9498,104.7046165,104.7644165,104.7303165,
4507.8502,104.7654,104.8076,104.7859,,,4507.8502,104.7107286,104.7529286,104.7312286,
4508.7496,104.767,104.8127,104.7877,,,4508.7496,104.7123406,104.7580406,104.7330406,
4509.65,104.7709,104.8575,104.7933,,,4509.65,104.7162527,104.8028527,104.7386527,
4510.5504,104.7717,104.8054,104.7894,,,4510.5504,104.7170647,104.7507647,104.7347647,
4511.4498,104.775,104.8073,104.7917,,,4511.4498,104.7203768,104.7526768,104.7370768,
4512.3502,104.7762,104.8156,104.7944,,,4512.3502,104.7215889,104.7609889,104.7397889,
4513.2496,104.7769,104.8134,104.7953,,,4513.2496,104.7223009,104.7588009,104.7407009,
4514.15,104.7774,104.8117,104.796,,,4514.15,104.722813,104.757113,104.741413,
4515.0504,104.7794,104.8123,104.7963,,,4515.0504,104.724825,104.757725,104.741725,
4515.9498,104.779,104.8115,104.7976,,,4515.9498,104.7244371,104.7569371,104.7430371,
4516.8502,104.7821,104.8142,104.7987,,,4516.8502,104.7275492,104.7596492,104.7441492,
4517.7496,104.7831,104.8138,104.7994,,,4517.7496,104.7285612,104.7592612,104.7448612,
4518.65,104.7813,104.8073,104.7971,,,4518.65,104.7267733,104.7527733,104.7425733,
4519.5504,104.7863,104.8111,104.8,,,4519.5504,104.7317853,104.7565853,104.7454853,
4520.4498,104.7872,104.8154,104.8023,,,4520.4498,104.7326974,104.7608974,104.7477974,
4521.3502,104.7833,104.816,104.8032,,,4521.3502,104.7288095,104.7615095,104.7487095,
4522.2496,104.7809,104.8199,104.8046,,,4522.2496,104.7264215,104.7654215,104.7501215,
4523.15,104.7814,104.8178,104.8045,,,4523.15,104.7269336,104.7633336,104.7500336,
4524.0504,104.7852,104.8182,104.8049,,,4524.0504,104.7307456,104.7637456,104.7504456,
4524.9498,104.7914,104.8186,104.8059,,,4524.9498,104.7369577,104.7641577,104.7514577,
4525.8502,104.7932,104.8164,104.8056,,,4525.8502,104.7387698,104.7619698,104.7511698,
4526.7496,104.7947,104.816,104.8057,,,4526.7496,104.7402818,104.7615818,104.7512818,
4527.65,104.7942,104.8154,104.8055,,,4527.65,104.7397939,104.7609939,104.7510939,
4528.5504,104.7934,104.8158,104.8055,,,4528.5504,104.7390059,104.7614059,104.7511059,
4529.4498,104.7934,104.8101,104.8036,,,4529.4498,104.739018,104.755718,104.749218,
4530.3502,104.7938,104.8105,104.8036,,,4530.3502,104.7394301,104.7561301,104.7492301,
4531.2496,104.7928,104.8112,104.8041,,,4531.2496,104.7384421,104.7568421,104.7497421,
4532.15,104.7931,104.8132,104.8043,,,4532.15,104.7387542,104.7588542,104.7499542,
4533.0504,104.7936,104.8179,104.8066,,,4533.0504,104.7392662,104.7635662,104.7522662,
4533.9498,104.7938,104.8184,104.8072,,,4533.9498,104.7394783,104.7640783,104.7528783,
4534.8502,104.7928,104.8183,104.8068,,,4534.8502,104.7384903,104.7639903,104.7524903,
4535.7496,104.7931,104.8172,104.8063,,,4535.7496,104.7388024,104.7629024,104.7520024,
4536.65,104.792,104.8176,104.8062,,,4536.65,104.7377145,104.7633145,104.7519145,
4537.5504,104.7919,104.821,104.8073,,,4537.5504,104.7376265,104.7667265,104.7530265,
4538.5001,104.7914,104.8178,104.8066,,,4538.5001,104.7371393,104.7635393,104.7523393,
4539.4,104.7914,104.819,104.8068,,,4539.4,104.7371513,104.7647513,104.7525513,
4540.2496,104.7911,104.8199,104.8072,,,4540.2496,104.7368627,104.7656627,104.7529627,
4541.15,104.7914,104.819,104.8063,,,4541.15,104.7371748,104.7647748,104.7520748,
4542.0504,104.7914,104.8199,104.8072,,,4542.0504,104.7371868,104.7656868,104.7529868,
4542.9498,104.7916,104.8203,104.8074,,,4542.9498,104.7373989,104.7660989,104.7531989,
4543.8502,104.7907,104.8195,104.8061,,,4543.8502,104.7365109,104.7653109,104.7519109,
4544.7999,104.7896,104.8235,104.8079,,,4544.7999,104.7354237,104.7693237,104.7537237,
4545.6998,104.7911,104.8197,104.8069,,,4545.6998,104.7369357,104.7655357,104.7527357,
4546.5504,104.7915,104.8233,104.808,,,4546.5504,104.7373471,104.7691471,104.7538471,
4547.4498,104.7907,104.8209,104.8073,,,4547.4498,104.7365592,104.7667592,104.7531592,
4548.3502,104.7903,104.8205,104.8068,,,4548.3502,104.7361712,104.7663712,104.7526712,
4549.2999,104.7902,104.8198,104.8068,,,4549.2999,104.736084,104.765684,104.752684,
4550.1998,104.7892,104.8203,104.8068,,,4550.1998,104.735096,104.766196,104.752696,
4551.1002,104.7903,104.8193,104.8064,,,4551.1002,104.7362081,104.7652081,104.7523081,
4552.0001,104.7899,104.8193,104.8072,,,4552.0001,104.7358202,104.7652202,104.7531202,
4552.8502,104.7907,104.8194,104.8069,,,4552.8502,104.7366315,104.7653315,104.7528315,
4553.7496,104.7896,104.8191,104.8067,,,4553.7496,104.7355436,104.7650436,104.7526436,
4554.65,104.79,104.8207,104.8075,,,4554.65,104.7359557,104.7666557,104.7534557,
4555.6002,104.7888,104.8195,104.8064,,,4555.6002,104.7347684,104.7654684,104.7523684,
4556.5001,104.7891,104.8201,104.807,,,4556.5001,104.7350805,104.7660805,104.7529805,
4557.4,104.7888,104.8197,104.806,,,4557.4,104.7347925,104.7656925,104.7519925,
4558.3502,104.7891,104.8197,104.8058,,,4558.3502,104.7351052,104.7657052,104.7518052,
4559.2496,104.7886,104.8207,104.8074,,,4559.2496,104.7346173,104.7667173,104.7534173,
4560.15,104.7883,104.8213,104.8077,,,4560.15,104.7343294,104.7673294,104.7537294,
4561.0504,104.7894,104.8206,104.8082,,,4561.0504,104.7354414,104.7666414,104.7542414,
4561.9498,104.7892,104.8231,104.8094,,,4561.9498,104.7352535,104.7691535,104.7554535,
4562.8502,104.7898,104.8239,104.8102,,,4562.8502,104.7358655,104.7699655,104.7562655,
4563.7496,104.79,104.8242,104.81,,,4563.7496,104.7360776,104.7702776,104.7560776,
4564.65,104.7898,104.8266,104.811,,,4564.65,104.7358897,104.7726897,104.7570897,
4565.5504,104.7896,104.8261,104.8109,,,4565.5504,104.7357017,104.7722017,104.7570017,
4566.4498,104.7899,104.8257,104.8105,,,4566.4498,104.7360138,104.7718138,104.7566138,
4567.3502,104.7892,104.8273,104.8113,,,4567.3502,104.7353258,104.7734258,104.7574258,
4568.2496,104.7906,104.8241,104.8095,,,4568.2496,104.7367379,104.7702379,104.7556379,
4569.15,104.7908,104.826,104.8109,,,4569.15,104.73695,104.77215,104.75705,
4570.0504,104.7907,104.8266,104.8114,,,4570.0504,104.736862,104.772762,104.757562,
4570.9498,104.7902,104.831,104.8132,,,4570.9498,104.7363741,104.7771741,104.7593741,
4571.8502,104.7906,104.8284,104.8127,,,4571.8502,104.7367861,104.7745861,104.7588861,
4572.7496,104.7914,104.8281,104.8128,,,4572.7496,104.7375982,104.7742982,104.7589982,
4573.65,104.7908,104.8318,104.8144,,,4573.65,104.7370103,104.7780103,104.7606103,
4574.5504,104.791,104.838,104.816,,,4574.5504,104.7372223,104.7842223,104.7622223,
4575.4498,104.7912,104.8335,104.8142,,,4575.4498,104.7374344,104.7797344,104.7604344,
4576.3502,104.791,104.8415,104.8164,,,4576.3502,104.7372464,104.7877464,104.7626464,
4577.2496,104.7914,104.8341,104.8147,,,4577.2496,104.7376585,104.7803585,104.7609585,
4578.15,104.7912,104.8323,104.813,,,4578.15,104.7374706,104.7785706,104.7592706,
4579.0504,104.7903,104.8337,104.8139,,,4579.0504,104.7365826,104.7799826,104.7601826,
4579.9498,104.7915,104.8337,104.8141,,,4579.9498,104.7377947,104.7799947,104.7603947,
4580.8502,104.7915,104.8333,104.813,,,4580.8502,104.7378067,104.7796067,104.7593067,
4581.7496,104.7899,104.8339,104.8138,,,4581.7496,104.7362188,104.7802188,104.7601188,
4582.65,104.7916,104.8355,104.8152,,,4582.65,104.7379309,104.7818309,104.7615309,
4583.5504,104.7926,104.834,104.8134,,,4583.5504,104.7389429,104.7803429,104.7597429,
4584.4498,104.7927,104.8384,104.8163,,,4584.4498,104.739055,104.784755,104.762655,
4585.3502,104.7922,104.8347,104.8143,,,4585.3502,104.738567,104.781067,104.760667,
4586.2496,104.7924,104.836,104.8152,,,4586.2496,104.7387791,104.7823791,104.7615791,
4587.15,104.7927,104.8375,104.8159,,,4587.15,104.7390912,104.7838912,104.7622912,
4588.0504,104.7922,104.8361,104.8154,,,4588.0504,104.7386032,104.7825032,104.7618032,
4588.9498,104.7936,104.8387,104.8161,,,4588.9498,104.7400153,104.7851153,104.7625153,
4589.8502,104.7935,104.8373,104.8158,,,4589.8502,104.7399273,104.7837273,104.7622273,
4590.7496,104.793,104.8379,104.8159,,,4590.7496,104.7394394,104.7843394,104.7623394,
4591.65,104.7936,104.8375,104.8155,,,4591.65,104.7400514,104.7839514,104.7619514,
4592.5504,104.7932,104.8369,104.8148,,,4592.5504,104.7396635,104.7833635,104.7612635,
4593.4498,104.7947,104.8378,104.8152,,,4593.4498,104.7411756,104.7842756,104.7616756,
4594.3502,104.7943,104.8839,104.8221,,,4594.3502,104.7407876,104.8303876,104.7685876,
4595.2496,104.793,104.839,104.8157,,,4595.2496,104.7394997,104.7854997,104.7621997,
4596.15,104.7927,104.8382,104.8157,,,4596.15,104.7392117,104.7847117,104.7622117,
4597.0504,104.7941,104.8324,104.8113,,,4597.0504,104.7406238,104.7789238,104.7578238,
4597.9498,104.7939,104.8394,104.8157,,,4597.9498,104.7404359,104.7859359,104.7622359,
4598.8502,104.7951,104.8407,104.8164,,,4598.8502,104.7416479,104.7872479,104.7629479,
4599.7496,104.7954,104.8408,104.8159,,,4599.7496,104.74196,104.78736,104.76246,
4600.65,104.7958,104.839,104.816,,,4600.65,104.742372,104.785572,104.762572,
4601.5504,104.7957,104.841,104.8161,,,4601.5504,104.7422841,104.7875841,104.7626841,
4602.4498,104.7955,104.8419,104.8172,,,4602.4498,104.7420962,104.7884962,104.7637962,
4603.3502,104.7961,104.8446,104.8192,,,4603.3502,104.7427082,104.7912082,104.7658082,
4604.2496,104.7963,104.8446,104.8197,,,4604.2496,104.7429203,104.7912203,104.7663203,
4605.1998,104.7944,104.843,104.818,,,4605.1998,104.741033,104.789633,104.764633,
4606.1002,104.7957,104.8458,104.8191,,,4606.1002,104.7423451,104.7924451,104.7657451,
4607.0001,104.7954,104.8451,104.8191,,,4607.0001,104.7420571,104.7917571,104.7657571,
4607.9498,104.7953,104.8458,104.8199,,,4607.9498,104.7419699,104.7924699,104.7665699,
4608.8502,104.7939,104.8491,104.8226,,,4608.8502,104.7405819,104.7957819,104.7692819,
4609.7496,104.7965,104.8474,104.8205,,,4609.7496,104.743194,104.794094,104.767194,
4610.65,104.7957,104.8485,104.8216,,,4610.65,104.742406,104.795206,104.768306,
4611.5504,104.7957,104.8453,104.8199,,,4611.5504,104.7424181,104.7920181,104.7666181,
4612.4498,104.7934,104.8414,104.8181,,,4612.4498,104.7401302,104.7881302,104.7648302,
4613.3502,104.7953,104.8443,104.8196,,,4613.3502,104.7420422,104.7910422,104.7663422,
4614.2496,104.7957,104.8491,104.8214,,,4614.2496,104.7424543,104.7958543,104.7681543,
4615.15,104.7971,104.8451,104.8208,,,4615.15,104.7438663,104.7918663,104.7675663,
4616.0504,104.7961,104.845,104.8202,,,4616.0504,104.7428784,104.7917784,104.7669784,
4616.9498,104.7969,104.8462,104.8201,,,4616.9498,104.7436905,104.7929905,104.7668905,
4617.8502,104.7981,104.8489,104.8221,,,4617.8502,104.7449025,104.7957025,104.7689025,
4618.7496,104.7982,104.8483,104.8219,,,4618.7496,104.7450146,104.7951146,104.7687146,
4619.65,104.7957,104.8534,104.8233,,,4619.65,104.7425266,104.8002266,104.7701266,
4620.5504,104.8001,104.8466,104.8217,,,4620.5504,104.7469387,104.7934387,104.7685387,
4621.4498,104.8008,104.849,104.8236,,,4621.4498,104.7476508,104.7958508,104.7704508,
4622.3502,104.7994,104.8494,104.8236,,,4622.3502,104.7462628,104.7962628,104.7704628,
4623.2496,104.8014,104.8498,104.8242,,,4623.2496,104.7482749,104.7966749,104.7710749,
4624.1998,104.8003,104.8506,104.8242,,,4624.1998,104.7471876,104.7974876,104.7710876,
4625.15,104.8008,104.8623,104.8346,,,4625.15,104.7477003,104.8092003,104.7815003,
4626.0504,104.801,104.8509,104.8248,,,4626.0504,104.7479124,104.7978124,104.7717124,
4626.9498,104.8008,104.8521,104.8255,,,4626.9498,104.7477245,104.7990245,104.7724245,
4627.8502,104.8016,104.8526,104.8249,,,4627.8502,104.7485365,104.7995365,104.7718365,
4628.7496,104.8009,104.8579,104.829,,,4628.7496,104.7478486,104.8048486,104.7759486,
4629.65,104.8003,104.8605,104.8326,,,4629.65,104.7472606,104.8074606,104.7795606,
4630.5504,104.799,104.8616,104.8299,,,4630.5504,104.7459727,104.8085727,104.7768727,
4631.4498,104.8036,104.8577,104.8284,,,4631.4498,104.7505848,104.8046848,104.7753848,
4632.3502,104.8048,104.8691,104.8393,,,4632.3502,104.7517968,104.8160968,104.7862968,
4633.2496,104.8044,104.8628,104.8316,,,4633.2496,104.7514089,104.8098089,104.7786089,
4634.15,104.806,104.866,104.8356,,,4634.15,104.7530209,104.8130209,104.7826209,
4635.0504,104.8061,104.8697,104.839,,,4635.0504,104.753133,104.816733,104.786033,
4635.9498,104.8068,104.871,104.8397,,,4635.9498,104.7538451,104.8180451,104.7867451,
4636.8502,104.8052,104.8706,104.8405,,,4636.8502,104.7522571,104.8176571,104.7875571,
4637.7496,104.8053,104.8707,104.8367,,,4637.7496,104.7523692,104.8177692,104.7837692,
4638.65,104.8069,104.8687,104.8354,,,4638.65,104.7539812,104.8157812,104.7824812,
4639.5504,104.8077,104.8672,104.8333,,,4639.5504,104.7547933,104.8142933,104.7803933,
4640.4498,104.8072,104.8691,104.8351,,,4640.4498,104.7543054,104.8162054,104.7822054,
4641.3502,104.8068,104.866,104.8324,,,4641.3502,104.7539174,104.8131174,104.7795174,
4642.2496,104.8071,104.8678,104.8357,,,4642.2496,104.7542295,104.8149295,104.7828295,
4643.15,104.8037,104.8668,104.8343,,,4643.15,104.7508415,104.8139415,104.7814415,
4644.0504,104.8075,104.8678,104.8343,,,4644.0504,104.7546536,104.8149536,104.7814536,
4645.0001,104.806,104.8714,104.8366,,,4645.0001,104.7531663,104.8185663,104.7837663,
4645.9498,104.8072,104.8735,104.8395,,,4645.9498,104.7543791,104.8206791,104.7866791,
4646.8502,104.8076,104.8679,104.8339,,,4646.8502,104.7547911,104.8150911,104.7810911,
4647.7496,104.8079,104.8738,104.8391,,,4647.7496,104.7551032,104.8210032,104.7863032,
4648.6002,104.8071,104.8738,104.837,,,4648.6002,104.7543146,104.8210146,104.7842146,
4649.5001,104.8075,104.8719,104.8367,,,4649.5001,104.7547266,104.8191266,104.7839266,
4650.4498,104.8079,104.8754,104.8384,,,4650.4498,104.7551393,104.8226393,104.7856393,
4651.3502,104.8068,104.8797,104.8423,,,4651.3502,104.7540514,104.8269514,104.7895514,
4652.2496,104.8064,104.871,104.8348,,,4652.2496,104.7536635,104.8182635,104.7820635,
4653.15,104.8052,104.8731,104.8378,,,4653.15,104.7524755,104.8203755,104.7850755,
4654.0504,104.8066,104.8743,104.8359,,,4654.0504,104.7538876,104.8215876,104.7831876,
4654.9498,104.808,104.8697,104.8351,,,4654.9498,104.7552996,104.8169996,104.7823996,
4655.8502,104.8069,104.8719,104.8373,,,4655.8502,104.7542117,104.8192117,104.7846117,
4656.7496,104.8073,104.8797,104.8407,,,4656.7496,104.7546238,104.8270238,104.7880238,
4657.65,104.8052,104.8864,104.8484,,,4657.65,104.7525358,104.8337358,104.7957358,
4658.5504,104.8079,104.8861,104.8493,,,4658.5504,104.7552479,104.8334479,104.7966479,
4659.4498,104.8066,104.8796,104.8402,,,4659.4498,104.7539599,104.8269599,104.7875599,
4660.3502,104.8066,104.8757,104.8403,,,4660.3502,104.753972,104.823072,104.787672,
4661.2496,104.8066,104.8831,104.8455,,,4661.2496,104.7539841,104.8304841,104.7928841,
4662.15,104.8075,104.8743,104.8384,,,4662.15,104.7548961,104.8216961,104.7857961,
4663.0504,104.8077,104.8794,104.8421,,,4663.0504,104.7551082,104.8268082,104.7895082,
4663.9498,104.8092,104.8812,104.8443,,,4663.9498,104.7566202,104.8286202,104.7917202,
4664.8502,104.8072,104.8789,104.8401,,,4664.8502,104.7546323,104.8263323,104.7875323,
4665.7496,104.8084,104.8804,104.8422,,,4665.7496,104.7558444,104.8278444,104.7896444,
4666.65,104.8076,104.8895,104.8521,,,4666.65,104.7550564,104.8369564,104.7995564,
4667.5504,104.7943,104.8833,104.8439,,,4667.5504,104.7417685,104.8307685,104.7913685,
4668.4498,104.7946,104.8804,104.8434,,,4668.4498,104.7420805,104.8278805,104.7908805,
4669.3502,104.8091,104.8737,104.8387,,,4669.3502,104.7565926,104.8211926,104.7861926,
4670.2496,104.8054,104.8853,104.8481,,,4670.2496,104.7529047,104.8328047,104.7956047,
4671.15,104.8073,104.8792,104.8433,,,4671.15,104.7548167,104.8267167,104.7908167,
4672.0504,104.8076,104.8796,104.8425,,,4672.0504,104.7551288,104.8271288,104.7900288,
4672.9498,104.8075,104.8865,104.848,,,4672.9498,104.7550408,104.8340408,104.7955408,
4673.8502,104.8065,104.8856,104.8484,,,4673.8502,104.7540529,104.8331529,104.7959529,
4674.7496,104.806,104.8825,104.8449,,,4674.7496,104.753565,104.830065,104.792465,
4675.65,104.8069,104.8817,104.8434,,,4675.65,104.754477,104.829277,104.790977,
4676.5504,104.8064,104.8766,104.8409,,,4676.5504,104.7539891,104.8241891,104.7884891,
4677.4498,104.8071,104.8806,104.8426,,,4677.4498,104.7547011,104.8282011,104.7902011,
4678.3502,104.8075,104.8772,104.8415,,,4678.3502,104.7551132,104.8248132,104.7891132,
4679.2496,104.8077,104.8772,104.841,,,4679.2496,104.7553253,104.8248253,104.7886253,
4680.15,104.808,104.8902,104.8526,,,4680.15,104.7556373,104.8378373,104.8002373,
4681.0504,104.808,104.8813,104.8453,,,4681.0504,104.7556494,104.8289494,104.7929494,
4681.9498,104.8087,104.884,104.8471,,,4681.9498,104.7563614,104.8316614,104.7947614,
4682.8502,104.8076,104.8796,104.8438,,,4682.8502,104.7552735,104.8272735,104.7914735,
4683.7496,104.8081,104.893,104.8567,,,4683.7496,104.7557856,104.8406856,104.8043856,
4684.6998,104.8088,104.8865,104.8508,,,4684.6998,104.7564983,104.8341983,104.7984983,
4685.65,104.8097,104.8802,104.8448,,,4685.65,104.757411,104.827911,104.792511,
4686.5001,104.8093,104.8823,104.8467,,,4686.5001,104.7570224,104.8300224,104.7944224,
4687.4,104.8087,104.8811,104.8454,,,4687.4,104.7564345,104.8288345,104.7931345,
4688.2999,104.8088,104.8796,104.8452,,,4688.2999,104.7565465,104.8273465,104.7929465,
4689.1998,104.8103,104.8824,104.8472,,,4689.1998,104.7580586,104.8301586,104.7949586,
4690.15,104.8101,104.8868,104.8527,,,4690.15,104.7578713,104.8345713,104.8004713,
4691.0504,104.8104,104.8894,104.8548,,,4691.0504,104.7581834,104.8371834,104.8025834,
4691.9498,104.8107,104.8876,104.8529,,,4691.9498,104.7584954,104.8353954,104.8006954,
4692.8502,104.8115,104.8816,104.8481,,,4692.8502,104.7593075,104.8294075,104.7959075,
4693.7496,104.8121,104.8809,104.8471,,,4693.7496,104.7599196,104.8287196,104.7949196,
4694.65,104.8119,104.8953,104.8612,,,4694.65,104.7597316,104.8431316,104.8090316,
4695.5504,104.8119,104.8894,104.8545,,,4695.5504,104.7597437,104.8372437,104.8023437,
4696.4498,104.8132,104.9012,104.8612,,,4696.4498,104.7610557,104.8490557,104.8090557,
4697.3502,104.8138,104.8951,104.8609,,,4697.3502,104.7616678,104.8429678,104.8087678,
4698.2496,104.8146,104.8983,104.8617,,,4698.2496,104.7624799,104.8461799,104.8095799,
4699.15,104.8167,104.8928,104.8587,,,4699.15,104.7645919,104.8406919,104.8065919,
4700.0504,104.8159,104.8908,104.8597,,,4700.0504,104.763804,104.838704,104.807604,
4700.9498,104.8159,104.8894,104.8577,,,4700.9498,104.763816,104.837316,104.805616,
4701.8502,104.8172,104.8859,104.853,,,4701.8502,104.7651281,104.8338281,104.8009281,
4702.7496,104.8183,104.8877,104.8548,,,4702.7496,104.7662402,104.8356402,104.8027402,
4703.65,104.8182,104.8794,104.8496,,,4703.65,104.7661522,104.8273522,104.7975522,
4704.5504,104.8197,104.8851,104.8539,,,4704.5504,104.7676643,104.8330643,104.8018643,
4705.4498,104.8211,104.889,104.8546,,,4705.4498,104.7690763,104.8369763,104.8025763,
4706.3502,104.8217,104.8886,104.858,,,4706.3502,104.7696884,104.8365884,104.8059884,
4707.2496,104.8227,104.889,104.857,,,4707.2496,104.7707004,104.8370004,104.8050004,
4708.15,104.8231,104.8805,104.8526,,,4708.15,104.7711125,104.8285125,104.8006125,
4709.0504,104.8243,104.8922,104.8629,,,4709.0504,104.7723246,104.8402246,104.8109246,
4709.9498,104.8246,104.8916,104.8631,,,4709.9498,104.7726366,104.8396366,104.8111366,
4710.8502,104.8265,104.8923,104.8643,,,4710.8502,104.7745487,104.8403487,104.8123487,
4711.7496,104.8274,104.8923,104.8654,,,4711.7496,104.7754607,104.8403607,104.8134607,
4712.65,104.8217,104.8902,104.8632,,,4712.65,104.7697728,104.8382728,104.8112728,
4713.5504,104.8281,104.8946,104.8676,,,4713.5504,104.7761849,104.8426849,104.8156849,
4714.4498,104.8294,104.9008,104.8706,,,4714.4498,104.7774969,104.8488969,104.8186969,
4715.3502,104.8269,104.9466,104.8721,,,4715.3502,104.775009,104.894709,104.820209,
4716.2496,104.8318,104.8991,104.8719,,,4716.2496,104.779921,104.847221,104.820021,
4717.15,104.832,104.8954,104.868,,,4717.15,104.7801331,104.8435331,104.8161331,
4718.0504,104.834,104.8994,104.87,,,4718.0504,104.7821452,104.8475452,104.8181452,
4718.9498,104.836,104.9024,104.8727,,,4718.9498,104.7841572,104.8505572,104.8208572,
4719.8502,104.8365,104.9008,104.873,,,4719.8502,104.7846693,104.8489693,104.8211693,
4720.7496,104.8372,104.8991,104.8724,,,4720.7496,104.7853813,104.8472813,104.8205813,
4721.65,104.8391,104.8951,104.8696,,,4721.65,104.7872934,104.8432934,104.8177934,
4722.6002,104.8404,104.8919,104.8682,,,4722.6002,104.7886061,104.8401061,104.8164061,
4723.5504,104.8321,104.8991,104.8729,,,4723.5504,104.7803189,104.8473189,104.8211189,
4724.4498,104.842,104.8962,104.8722,,,4724.4498,104.7902309,104.8444309,104.8204309,
4725.3502,104.8427,104.9029,104.8745,,,4725.3502,104.790943,104.851143,104.822743,
4726.2496,104.8426,104.8996,104.8736,,,4726.2496,104.790855,104.847855,104.821855,
4727.15,104.8437,104.8985,104.8739,,,4727.15,104.7919671,104.8467671,104.8221671,
4728.0001,104.8439,104.8997,104.8743,,,4728.0001,104.7921785,104.8479785,104.8225785,
4728.9,104.8432,104.942,104.8742,,,4728.9,104.7914906,104.8902906,104.8224906,
4729.8502,104.8457,104.8949,104.8723,,,4729.8502,104.7940033,104.8432033,104.8206033,
4730.7496,104.8466,104.8922,104.8708,,,4730.7496,104.7949153,104.8405153,104.8191153,
4731.65,104.8475,104.8932,104.871,,,4731.65,104.7958274,104.8415274,104.8193274,
4732.5504,104.847,104.8982,104.872,,,4732.5504,104.7953395,104.8465395,104.8203395,
4733.4498,104.8431,104.8941,104.8697,,,4733.4498,104.7914515,104.8424515,104.8180515,
4734.3502,104.8473,104.8927,104.8697,,,4734.3502,104.7956636,104.8410636,104.8180636,
4735.2496,104.8478,104.8941,104.8723,,,4735.2496,104.7961756,104.8424756,104.8206756,
4736.15,104.8482,104.8891,104.869,,,4736.15,104.7965877,104.8374877,104.8173877,
4737.1002,104.84,104.8942,104.8694,,,4737.1002,104.7884004,104.8426004,104.8178004,
4738.0001,104.8491,104.8975,104.8736,,,4738.0001,104.7975125,104.8459125,104.8220125,
4738.8502,104.8497,104.8932,104.8728,,,4738.8502,104.7981239,104.8416239,104.8212239,
4739.7999,104.8498,104.8931,104.8726,,,4739.7999,104.7982366,104.8415366,104.8210366,
4740.6998,104.8502,104.8934,104.873,,,4740.6998,104.7986487,104.8418487,104.8214487,
4741.6002,104.8494,104.9268,104.8754,,,4741.6002,104.7978607,104.8752607,104.8238607,
4742.5001,104.8505,104.8983,104.8746,,,4742.5001,104.7989728,104.8467728,104.8230728,
4743.4,104.8501,104.8958,104.8732,,,4743.4,104.7985849,104.8442849,104.8216849,
4744.2999,104.8513,104.9107,104.8748,,,4744.2999,104.7997969,104.8591969,104.8232969,
4745.15,104.8503,104.8926,104.8708,,,4745.15,104.7988083,104.8411083,104.8193083,
4746.0504,104.8506,104.9063,104.874,,,4746.0504,104.7991204,104.8548204,104.8225204,
4746.9498,104.85,104.8919,104.8709,,,4746.9498,104.7985324,104.8404324,104.8194324,
4747.9,104.8505,104.892,104.8717,,,4747.9,104.7990452,104.8405452,104.8202452,
4748.7999,104.8485,104.8941,104.8714,,,4748.7999,104.7970572,104.8426572,104.8199572,
4749.65,104.847,104.8931,104.8696,,,4749.65,104.7955686,104.8416686,104.8181686,
4750.5504,104.8491,104.8942,104.8717,,,4750.5504,104.7976807,104.8427807,104.8202807,
4751.4498,104.849,104.9163,104.8745,,,4751.4498,104.7975927,104.8648927,104.8230927,
4752.3502,104.8479,104.9131,104.8729,,,4752.3502,104.7965048,104.8617048,104.8215048,
4753.2496,104.8482,104.8943,104.8725,,,4753.2496,104.7968168,104.8429168,104.8211168,
4754.15,104.8483,104.9748,104.8754,,,4754.15,104.7969289,104.9234289,104.8240289,
4755.0504,104.8481,104.8916,104.8682,,,4755.0504,104.796741,104.840241,104.816841,
4755.9498,104.8486,104.9018,104.8736,,,4755.9498,104.797253,104.850453,104.822253,
4756.8502,104.8483,104.9156,104.8754,,,4756.8502,104.7969651,104.8642651,104.8240651,
4757.7496,104.8467,104.9029,104.8736,,,4757.7496,104.7953771,104.8515771,104.8222771,
4758.65,104.8473,104.8999,104.874,,,4758.65,104.7959892,104.8485892,104.8226892,
4759.5504,104.8467,104.8983,104.8732,,,4759.5504,104.7954013,104.8470013,104.8219013,
4760.4498,104.8471,104.9101,104.8751,,,4760.4498,104.7958133,104.8588133,104.8238133,
4761.3502,104.8462,104.9198,104.8752,,,4761.3502,104.7949254,104.8685254,104.8239254,
4762.2496,104.847,104.8979,104.872,,,4762.2496,104.7957374,104.8466374,104.8207374,
4763.15,104.8465,104.8959,104.8721,,,4763.15,104.7952495,104.8446495,104.8208495,
4764.0504,104.8467,104.8943,104.8696,,,4764.0504,104.7954616,104.8430616,104.8183616,
4764.9498,104.8461,104.8945,104.8702,,,4764.9498,104.7948736,104.8432736,104.8189736,
4765.8502,104.8466,104.8962,104.8717,,,4765.8502,104.7953857,104.8449857,104.8204857,
4766.7496,104.8462,104.9118,104.8752,,,4766.7496,104.7949977,104.8605977,104.8239977,
4767.65,104.8455,104.8978,104.8719,,,4767.65,104.7943098,104.8466098,104.8207098,
4768.5504,104.8454,104.8831,104.8635,,,4768.5504,104.7942219,104.8319219,104.8123219,
4769.4498,104.844,104.8845,104.8633,,,4769.4498,104.7928339,104.8333339,104.8121339,
4770.3502,104.8445,104.8847,104.8634,,,4770.3502,104.793346,104.833546,104.812246,
4771.2496,104.8453,104.8841,104.8631,,,4771.2496,104.794158,104.832958,104.811958,
4772.15,104.8449,104.8847,104.8631,,,4772.15,104.7937701,104.8335701,104.8119701,
4773.0504,104.8449,104.8859,104.8638,,,4773.0504,104.7937822,104.8347822,104.8126822,
4773.9498,104.845,104.8855,104.8634,,,4773.9498,104.7938942,104.8343942,104.8122942,
4774.8502,104.8446,104.8857,104.8629,,,4774.8502,104.7935063,104.8346063,104.8118063,
4775.7496,104.8445,104.8868,104.8639,,,4775.7496,104.7934183,104.8357183,104.8128183,
4776.65,104.844,104.8861,104.864,,,4776.65,104.7929304,104.8350304,104.8129304,
4777.5504,104.8445,104.8864,104.8636,,,4777.5504,104.7934425,104.8353425,104.8125425,
4778.4498,104.8446,104.8868,104.8639,,,4778.4498,104.7935545,104.8357545,104.8128545,
4779.3502,104.843,104.8864,104.8638,,,4779.3502,104.7919666,104.8353666,104.8127666,
4780.2496,104.8438,104.8872,104.8638,,,4780.2496,104.7927786,104.8361786,104.8127786,
4781.15,104.8439,104.8882,104.8637,,,4781.15,104.7928907,104.8371907,104.8126907,
4782.0001,104.8439,104.8882,104.864,,,4782.0001,104.7929021,104.8372021,104.8130021,
4782.9,104.8432,104.891,104.8645,,,4782.9,104.7922141,104.8400141,104.8135141,
4783.7999,104.8424,104.8888,104.864,,,4783.7999,104.7914262,104.8378262,104.8130262,
4784.6998,104.8427,104.8899,104.8642,,,4784.6998,104.7917383,104.8389383,104.8132383,
4785.65,104.842,104.89,104.8637,,,4785.65,104.791051,104.839051,104.812751,
4786.5504,104.8416,104.8892,104.8636,,,4786.5504,104.7906631,104.8382631,104.8126631,
4787.4498,104.8418,104.8903,104.8635,,,4787.4498,104.7908751,104.8393751,104.8125751,
4788.2999,104.8407,104.89,104.8634,,,4788.2999,104.7897865,104.8390865,104.8124865,
4789.15,104.841,104.8903,104.8639,,,4789.15,104.7900979,104.8393979,104.8129979,
4790.0504,104.8406,104.8906,104.8633,,,4790.0504,104.78971,104.83971,104.81241,
4790.9498,104.84,104.893,104.8651,,,4790.9498,104.789122,104.842122,104.814222,
4791.8502,104.8407,104.8915,104.8647,,,4791.8502,104.7898341,104.8406341,104.8138341,
4792.7496,104.8403,104.8932,104.8655,,,4792.7496,104.7894461,104.8423461,104.8146461,
4793.65,104.8411,104.893,104.8651,,,4793.65,104.7902582,104.8421582,104.8142582,
4794.5504,104.8404,104.9013,104.8669,,,4794.5504,104.7895703,104.8504703,104.8160703,
4795.4498,104.8399,104.9147,104.8781,,,4795.4498,104.7890823,104.8638823,104.8272823,
4796.3502,104.8392,104.9101,104.8776,,,4796.3502,104.7883944,104.8592944,104.8267944,
4797.2496,104.8391,105.0185,104.883,,,4797.2496,104.7883064,104.9677064,104.8322064,
4798.15,104.8388,104.9967,104.8823,,,4798.15,104.7880185,104.9459185,104.8315185,
4799.0504,104.8392,104.9886,104.8836,,,4799.0504,104.7884306,104.9378306,104.8328306,
4799.9498,104.8388,104.9084,104.874,,,4799.9498,104.7880426,104.8576426,104.8232426,
4800.8502,104.8388,104.9788,104.8828,,,4800.8502,104.7880547,104.9280547,104.8320547,
4801.7496,104.8379,104.9135,104.8791,,,4801.7496,104.7871667,104.8627667,104.8283667,
4802.65,104.838,104.9191,104.8798,,,4802.65,104.7872788,104.8683788,104.8290788,
4803.5504,104.8384,104.9266,104.8794,,,4803.5504,104.7876909,104.8758909,104.8286909,
4804.4498,104.8363,104.9112,104.8764,,,4804.4498,104.7856029,104.8605029,104.8257029,
4805.3502,104.8368,104.9099,104.8734,,,4805.3502,104.786115,104.859215,104.822715,
4806.2496,104.8368,104.9067,104.8689,,,4806.2496,104.786127,104.856027,104.818227,
4807.1002,104.8348,104.9113,104.8741,,,4807.1002,104.7841384,104.8606384,104.8234384,
4807.9498,104.8364,104.9012,104.867,,,4807.9498,104.7857498,104.8505498,104.8163498,
4808.8502,104.8353,104.9113,104.8728,,,4808.8502,104.7846619,104.8606619,104.8221619,
4809.7496,104.8343,104.9021,104.8665,,,4809.7496,104.7836739,104.8514739,104.8158739,
4810.65,104.834,104.9028,104.866,,,4810.65,104.783386,104.852186,104.815386,
4811.5504,104.8353,104.9033,104.8661,,,4811.5504,104.784698,104.852698,104.815498,
4812.4498,104.8345,104.9001,104.8649,,,4812.4498,104.7839101,104.8495101,104.8143101,
4813.3502,104.8325,104.9089,104.8686,,,4813.3502,104.7819222,104.8583222,104.8180222,
4814.2496,104.8328,104.8978,104.8617,,,4814.2496,104.7822342,104.8472342,104.8111342,
4815.15,104.8331,104.8942,104.8598,,,4815.15,104.7825463,104.8436463,104.8092463,
4816.0504,104.8312,104.914,104.8729,,,4816.0504,104.7806583,104.8634583,104.8223583,
4816.9498,104.8324,104.8978,104.8613,,,4816.9498,104.7818704,104.8472704,104.8107704,
4817.8502,104.832,104.9218,104.8794,,,4817.8502,104.7814825,104.8712825,104.8288825,
4818.6998,104.832,104.9123,104.8716,,,4818.6998,104.7814938,104.8617938,104.8210938,
4819.6002,104.8313,104.9071,104.8659,,,4819.6002,104.7808059,104.8566059,104.8154059,
4820.5001,104.8317,104.9028,104.8644,,,4820.5001,104.781218,104.852318,104.813918,
4821.3502,104.8315,104.9069,104.865,,,4821.3502,104.7810294,104.8564294,104.8145294,
4822.2496,104.831,104.9042,104.8649,,,4822.2496,104.7805414,104.8537414,104.8144414,
4823.15,104.8292,104.9071,104.8665,,,4823.15,104.7787535,104.8566535,104.8160535,
4824.0504,104.8276,104.9067,104.8643,,,4824.0504,104.7771655,104.8562655,104.8138655,
4824.9498,104.8298,104.9162,104.875,,,4824.9498,104.7793776,104.8657776,104.8245776,
4825.8502,104.8284,104.9136,104.8699,,,4825.8502,104.7779897,104.8631897,104.8194897,
4826.7496,104.827,104.9176,104.877,,,4826.7496,104.7766017,104.8672017,104.8266017,
4827.65,104.8274,104.9124,104.8669,,,4827.65,104.7770138,104.8620138,104.8165138,
4828.5504,104.8269,104.9231,104.8793,,,4828.5504,104.7765258,104.8727258,104.8289258,
4829.4498,104.8218,104.9195,104.8734,,,4829.4498,104.7714379,104.8691379,104.8230379,
4830.3502,104.8272,104.9211,104.8763,,,4830.3502,104.77685,104.87075,104.82595,
4831.2496,104.8257,104.9207,104.8766,,,4831.2496,104.775362,104.870362,104.826262,
4832.15,104.8154,104.9203,104.8745,,,4832.15,104.7650741,104.8699741,104.8241741,
4833.0001,104.8257,104.9217,104.876,,,4833.0001,104.7753855,104.8713855,104.8256855,
4833.9,104.8253,104.9245,104.8778,,,4833.9,104.7749975,104.8741975,104.8274975,
4834.7999,104.8234,104.9195,104.8713,,,4834.7999,104.7731096,104.8692096,104.8210096,
4835.65,104.8247,104.9163,104.8653,,,4835.65,104.774421,104.866021,104.815021,
4836.5504,104.8246,104.9217,104.8691,,,4836.5504,104.774333,104.871433,104.818833,
4837.4498,104.8223,104.923,104.8716,,,4837.4498,104.7720451,104.8727451,104.8213451,
4838.3502,104.8235,104.9222,104.8705,,,4838.3502,104.7732572,104.8719572,104.8202572,
4839.2496,104.8215,104.9258,104.8728,,,4839.2496,104.7712692,104.8755692,104.8225692,
4840.15,104.8233,104.9227,104.8681,,,4840.15,104.7730813,104.8724813,104.8178813,
4841.0504,104.8217,104.9235,104.8661,,,4841.0504,104.7714933,104.8732933,104.8158933,
4841.9498,104.8222,104.9223,104.8671,,,4841.9498,104.7720054,104.8721054,104.8169054,
4842.8502,104.8179,104.9278,104.8721,,,4842.8502,104.7677175,104.8776175,104.8219175,
4843.7496,104.8195,104.9262,104.8677,,,4843.7496,104.7693295,104.8760295,104.8175295,
4844.65,104.8197,104.9306,104.8741,,,4844.65,104.7695416,104.8804416,104.8239416,
4845.5504,104.8198,104.9301,104.8711,,,4845.5504,104.7696536,104.8799536,104.8209536,
4846.4498,104.8183,104.9324,104.873,,,4846.4498,104.7681657,104.8822657,104.8228657,
4847.3502,104.8178,104.9281,104.8697,,,4847.3502,104.7676778,104.8779778,104.8195778,
4848.2496,104.8174,104.9272,104.8698,,,4848.2496,104.7672898,104.8770898,104.8196898,
4849.15,104.8155,104.9368,104.8795,,,4849.15,104.7654019,104.8867019,104.8294019,
4850.0504,104.8164,104.9351,104.8742,,,4850.0504,104.7663139,104.8850139,104.8241139,
4850.9498,104.8162,104.938,104.8753,,,4850.9498,104.766126,104.887926,104.825226,
4851.8502,104.8134,104.9367,104.8702,,,4851.8502,104.7633381,104.8866381,104.8201381,
4852.7496,104.8147,104.9386,104.8776,,,4852.7496,104.7646501,104.8885501,104.8275501,
4853.65,104.8132,104.9311,104.8661,,,4853.65,104.7631622,104.8810622,104.8160622,
4854.5504,104.8128,104.9344,104.8699,,,4854.5504,104.7627742,104.8843742,104.8198742,
4855.4498,104.812,104.9367,104.8763,,,4855.4498,104.7619863,104.8866863,104.8262863,
4856.3502,104.8111,104.9323,104.8688,,,4856.3502,104.7610984,104.8822984,104.8187984,
4857.1998,104.8087,104.9285,104.8642,,,4857.1998,104.7587097,104.8785097,104.8142097,
4858.0504,104.8083,104.9339,104.8706,,,4858.0504,104.7583211,104.8839211,104.8206211,
4858.9498,104.8087,104.9364,104.8703,,,4858.9498,104.7587332,104.8864332,104.8203332,
4859.8502,104.8093,104.9289,104.8619,,,4859.8502,104.7593453,104.8789453,104.8119453,
4860.7496,104.8079,104.9363,104.8692,,,4860.7496,104.7579573,104.8863573,104.8192573,
4861.65,104.8077,104.9368,104.8688,,,4861.65,104.7577694,104.8868694,104.8188694,
4862.5504,104.8073,104.9302,104.8636,,,4862.5504,104.7573814,104.8802814,104.8136814,
4863.4498,104.806,104.9406,104.8682,,,4863.4498,104.7560935,104.8906935,104.8182935,
4864.3502,104.8056,104.9375,104.8657,,,4864.3502,104.7557056,104.8876056,104.8158056,
4865.2496,104.8049,104.9394,104.8639,,,4865.2496,104.7550176,104.8895176,104.8140176,
4866.15,104.8054,104.9447,104.8762,,,4866.15,104.7555297,104.8948297,104.8263297,
4867.0504,104.8022,104.9395,104.8669,,,4867.0504,104.7523417,104.8896417,104.8170417,
4867.9498,104.8026,104.9396,104.8691,,,4867.9498,104.7527538,104.8897538,104.8192538,
4868.8502,104.8018,104.9445,104.8698,,,4868.8502,104.7519658,104.8946658,104.8199658,
4869.7496,104.8021,104.9411,104.8661,,,4869.7496,104.7522779,104.8912779,104.8162779,
4870.65,104.8003,104.9403,104.8635,,,4870.65,104.75049,104.89049,104.81369,
4871.5504,104.8009,104.9435,104.8647,,,4871.5504,104.751102,104.893702,104.814902,
4872.4498,104.801,104.9412,104.8676,,,4872.4498,104.7512141,104.8914141,104.8178141,
4873.3502,104.7999,104.9426,104.8689,,,4873.3502,104.7501261,104.8928261,104.8191261,
4874.2496,104.7999,104.9513,104.8818,,,4874.2496,104.7501382,104.9015382,104.8320382,
4875.15,104.7998,104.9455,104.8711,,,4875.15,104.7500503,104.8957503,104.8213503,
4876.0504,104.7983,104.9455,104.8684,,,4876.0504,104.7485623,104.8957623,104.8186623,
4876.9498,104.7983,104.9504,104.8741,,,4876.9498,104.7485744,104.9006744,104.8243744,
4877.8502,104.7973,104.9493,104.8713,,,4877.8502,104.7475864,104.8995864,104.8215864,
4878.7496,104.797,104.947,104.8674,,,4878.7496,104.7472985,104.8972985,104.8176985,
4879.65,104.7979,104.9461,104.867,,,4879.65,104.7482106,104.8964106,104.8173106,
4880.5504,104.7969,104.9593,104.8898,,,4880.5504,104.7472226,104.9096226,104.8401226,
4881.4498,104.7947,104.9529,104.8711,,,4881.4498,104.7450347,104.9032347,104.8214347,
4882.3502,104.7962,104.9518,104.8722,,,4882.3502,104.7465467,104.9021467,104.8225467,
4883.2496,104.7936,104.9494,104.8692,,,4883.2496,104.7439588,104.8997588,104.8195588,
4884.1002,104.7961,104.9521,104.8683,,,4884.1002,104.7464702,104.9024702,104.8186702,
4884.9498,104.7939,104.9593,104.887,,,4884.9498,104.7442816,104.9096816,104.8373816,
4885.8502,104.7942,104.9536,104.8735,,,4885.8502,104.7445936,104.9039936,104.8238936,
4886.7496,104.7934,104.9528,104.871,,,4886.7496,104.7438057,104.9032057,104.8214057,
4887.65,104.7938,104.9528,104.872,,,4887.65,104.7442178,104.9032178,104.8224178,
4888.5504,104.7924,104.9502,104.87,,,4888.5504,104.7428298,104.9006298,104.8204298,
4889.4498,104.791,104.9558,104.8729,,,4889.4498,104.7414419,104.9062419,104.8233419,
4890.3502,104.7923,104.9521,104.8689,,,4890.3502,104.7427539,104.9025539,104.8193539,
4891.2496,104.7903,104.9568,104.8811,,,4891.2496,104.740766,104.907266,104.831566,
4892.15,104.7902,104.9508,104.8645,,,4892.15,104.7406781,104.9012781,104.8149781,
4893.0504,104.7907,104.9567,104.8772,,,4893.0504,104.7411901,104.9071901,104.8276901,
4893.9498,104.7884,104.952,104.8658,,,4893.9498,104.7389022,104.9025022,104.8163022,
4894.7999,104.788,104.9403,104.8605,,,4894.7999,104.7385136,104.8908136,104.8110136,
4895.65,104.7867,104.9449,104.8639,,,4895.65,104.737225,104.895425,104.814425,
4896.5504,104.7871,104.9585,104.874,,,4896.5504,104.737637,104.909037,104.824537,
4897.4498,104.7875,104.9569,104.8754,,,4897.4498,104.7380491,104.9074491,104.8259491,
4898.3502,104.7871,104.9542,104.8717,,,4898.3502,104.7376611,104.9047611,104.8222611,
4899.2496,104.7855,104.9651,104.8843,,,4899.2496,104.7360732,104.9156732,104.8348732,
4900.15,104.7847,104.9674,104.8856,,,4900.15,104.7352853,104.9179853,104.8361853,
4901.0504,104.7833,104.9565,104.87,,,4901.0504,104.7338973,104.9070973,104.8205973,
4901.9498,104.7831,104.9611,104.8729,,,4901.9498,104.7337094,104.9117094,104.8235094,
4902.8502,104.7829,104.9647,104.8831,,,4902.8502,104.7335214,104.9153214,104.8337214,
4903.7496,104.7814,104.9638,104.8723,,,4903.7496,104.7320335,104.9144335,104.8229335,
4904.65,104.781,104.9727,104.895,,,4904.65,104.7316456,104.9233456,104.8456456,
4905.5504,104.779,104.9746,104.8994,,,4905.5504,104.7296576,104.9252576,104.8500576,
4906.4498,104.7776,104.9709,104.8913,,,4906.4498,104.7282697,104.9215697,104.8419697,
4907.2999,104.7772,104.9766,104.9012,,,4907.2999,104.7278811,104.9272811,104.8518811,
4908.15,104.7753,104.9695,104.8824,,,4908.15,104.7259925,104.9201925,104.8330925,
4909.0504,104.775,104.9722,104.8846,,,4909.0504,104.7257045,104.9229045,104.8353045,
4909.9498,104.7733,104.9738,104.8835,,,4909.9498,104.7240166,104.9245166,104.8342166,
4910.8502,104.7709,104.9735,104.8916,,,4910.8502,104.7216286,104.9242286,104.8423286,
4911.7496,104.7702,104.9748,104.8884,,,4911.7496,104.7209407,104.9255407,104.8391407,
4912.65,104.7703,104.9674,104.8696,,,4912.65,104.7210528,104.9181528,104.8203528,
4913.5504,104.7697,104.968,104.8757,,,4913.5504,104.7204648,104.9187648,104.8264648,
4914.4498,104.7687,104.9674,104.8741,,,4914.4498,104.7194769,104.9181769,104.8248769,
4915.3502,104.7694,104.9662,104.8717,,,4915.3502,104.7201889,104.9169889,104.8224889,
4916.2496,104.7706,104.9678,104.8731,,,4916.2496,104.721401,104.918601,104.823901,
4917.15,104.7717,104.9699,104.8815,,,4917.15,104.7225131,104.9207131,104.8323131,
4918.0504,104.7729,104.9689,104.8781,,,4918.0504,104.7237251,104.9197251,104.8289251,
4918.9498,104.7758,104.9648,104.8732,,,4918.9498,104.7266372,104.9156372,104.8240372,
4919.8502,104.7794,104.967,104.8719,,,4919.8502,104.7302492,104.9178492,104.8227492,
4920.6998,104.7813,104.9659,104.8828,,,4920.6998,104.7321606,104.9167606,104.8336606,
4921.5504,104.7828,104.9524,104.8663,,,4921.5504,104.733672,104.903272,104.817172,
4922.4498,104.7864,104.9587,104.8683,,,4922.4498,104.7372841,104.9095841,104.8191841,
4923.3502,104.7895,104.9592,104.8748,,,4923.3502,104.7403961,104.9100961,104.8256961,
4924.2496,104.7896,104.9663,104.8916,,,4924.2496,104.7405082,104.9172082,104.8425082,
4925.15,104.7934,104.9619,104.883,,,4925.15,104.7443202,104.9128202,104.8339202,
4926.0504,104.7974,104.9615,104.8801,,,4926.0504,104.7483323,104.9124323,104.8310323,
4926.9498,104.7989,104.9576,104.8785,,,4926.9498,104.7498444,104.9085444,104.8294444,
4927.8502,104.8001,104.956,104.8798,,,4927.8502,104.7510564,104.9069564,104.8307564,
4928.7496,104.802,104.9544,104.8754,,,4928.7496,104.7529685,104.9053685,104.8263685,
4929.65,104.8037,104.9603,104.8868,,,4929.65,104.7546805,104.9112805,104.8377805,
4930.5504,104.8054,104.9615,104.8928,,,4930.5504,104.7563926,104.9124926,104.8437926,
4931.4498,104.8065,104.9589,104.8897,,,4931.4498,104.7575047,104.9099047,104.8407047,
4932.3502,104.805,104.954,104.8798,,,4932.3502,104.7560167,104.9050167,104.8308167,
4933.1998,104.8071,104.9525,104.8815,,,4933.1998,104.7581281,104.9035281,104.8325281,
4934.0504,104.8072,104.9458,104.8742,,,4934.0504,104.7582395,104.8968395,104.8252395,
4934.9498,104.8061,104.9478,104.8733,,,4934.9498,104.7571516,104.8988516,104.8243516,
4935.8502,104.8065,104.9467,104.8732,,,4935.8502,104.7575636,104.8977636,104.8242636,
4936.7496,104.8076,104.9415,104.868,,,4936.7496,104.7586757,104.8925757,104.8190757,
4937.65,104.8069,104.9414,104.8679,,,4937.65,104.7579877,104.8924877,104.8189877,
4938.5504,104.8061,104.9383,104.8657,,,4938.5504,104.7571998,104.8893998,104.8167998,
4939.4498,104.8056,104.9416,104.868,,,4939.4498,104.7567119,104.8927119,104.8191119,
4940.3502,104.8053,104.938,104.8638,,,4940.3502,104.7564239,104.8891239,104.8149239,
4941.1998,104.8057,104.937,104.8668,,,4941.1998,104.7568353,104.8881353,104.8179353,
4942.0504,104.8016,104.934,104.8592,,,4942.0504,104.7527467,104.8851467,104.8103467,
4942.9498,104.8021,104.9383,104.869,,,4942.9498,104.7532588,104.8894588,104.8201588,
4943.8502,104.7993,104.929,104.8592,,,4943.8502,104.7504708,104.8801708,104.8103708,
4944.7496,104.7995,104.9277,104.8576,,,4944.7496,104.7506829,104.8788829,104.8087829,
4945.65,104.7987,104.9272,104.8554,,,4945.65,104.7498949,104.8783949,104.8065949,
4946.5504,104.7983,104.9261,104.8539,,,4946.5504,104.749507,104.877307,104.805107,
4947.4498,104.7965,104.9261,104.8526,,,4947.4498,104.7477191,104.8773191,104.8038191,
4948.3502,104.7954,104.917,104.8471,,,4948.3502,104.7466311,104.8682311,104.7983311,
4949.2496,104.7935,104.9182,104.8492,,,4949.2496,104.7447432,104.8694432,104.8004432,
4950.15,104.7936,104.9201,104.8502,,,4950.15,104.7448552,104.8713552,104.8014552,
4951.0504,104.7916,104.9083,104.8447,,,4951.0504,104.7428673,104.8595673,104.7959673,
4951.9,104.7899,104.905,104.8414,,,4951.9,104.7411787,104.8562787,104.7926787,
4952.7496,104.7881,104.9032,104.8367,,,4952.7496,104.7393901,104.8544901,104.7879901,
4953.65,104.7857,104.9049,104.8406,,,4953.65,104.7370021,104.8562021,104.7919021,
4954.5504,104.7851,104.9042,104.835,,,4954.5504,104.7364142,104.8555142,104.7863142,
4955.4498,104.7837,104.9042,104.839,,,4955.4498,104.7350263,104.8555263,104.7903263,
4956.3502,104.7821,104.8903,104.8277,,,4956.3502,104.7334383,104.8416383,104.7790383,
4957.2496,104.7809,104.8986,104.834,,,4957.2496,104.7322504,104.8499504,104.7853504,
4958.15,104.7809,104.8882,104.8284,,,4958.15,104.7322624,104.8395624,104.7797624,
4959.0504,104.7785,104.8983,104.8367,,,4959.0504,104.7298745,104.8496745,104.7880745,
4959.9498,104.7764,104.8953,104.8304,,,4959.9498,104.7277866,104.8466866,104.7817866,
4960.8502,104.7765,104.8981,104.8336,,,4960.8502,104.7278986,104.8494986,104.7849986,
4961.6998,104.7756,104.8997,104.8391,,,4961.6998,104.72701,104.85111,104.79051,
4962.5504,104.7738,104.8947,104.8319,,,4962.5504,104.7252214,104.8461214,104.7833214,
4963.4498,104.7723,104.8954,104.8298,,,4963.4498,104.7237335,104.8468335,104.7812335,
4964.3502,104.7721,104.8868,104.8181,,,4964.3502,104.7235455,104.8382455,104.7695455,
4965.2496,104.7721,104.8926,104.8285,,,4965.2496,104.7235576,104.8440576,104.7799576,
4966.15,104.7721,104.8924,104.8323,,,4966.15,104.7235696,104.8438696,104.7837696,
4967.0504,104.7719,104.8916,104.8288,,,4967.0504,104.7233817,104.8430817,104.7802817,
4967.9498,104.7711,104.89,104.826,,,4967.9498,104.7225938,104.8414938,104.7774938,
4968.8502,104.7721,104.8827,104.819,,,4968.8502,104.7236058,104.8342058,104.7705058,
4969.7496,104.7701,104.8672,104.8103,,,4969.7496,104.7216179,104.8187179,104.7618179,
4970.65,104.7703,104.8813,104.8157,,,4970.65,104.7218299,104.8328299,104.7672299,
4971.5504,104.7719,104.8773,104.8193,,,4971.5504,104.723442,104.828842,104.770842,
4972.4498,104.7699,104.8781,104.8141,,,4972.4498,104.7214541,104.8296541,104.7656541,
4973.2999,104.7739,104.8812,104.8142,,,4973.2999,104.7254654,104.8327654,104.7657654,
4974.15,104.7738,104.8743,104.8184,,,4974.15,104.7253768,104.8258768,104.7699768,
4975.0504,104.7753,104.8619,104.8071,,,4975.0504,104.7268889,104.8134889,104.7586889,
4975.9498,104.7753,104.8646,104.8097,,,4975.9498,104.726901,104.816201,104.761301,
4976.8502,104.7778,104.8643,104.8107,,,4976.8502,104.729413,104.815913,104.762313,
4977.7496,104.7796,104.8658,104.8116,,,4977.7496,104.7312251,104.8174251,104.7632251,
4978.65,104.7824,104.8663,104.8134,,,4978.65,104.7340371,104.8179371,104.7650371,
4979.5504,104.7832,104.8691,104.8151,,,4979.5504,104.7348492,104.8207492,104.7667492,
4980.4498,104.7875,104.8702,104.8173,,,4980.4498,104.7391613,104.8218613,104.7689613,
4981.3502,104.7869,104.8713,104.8193,,,4981.3502,104.7385733,104.8229733,104.7709733,
4982.2496,104.7892,104.8754,104.8217,,,4982.2496,104.7408854,104.8270854,104.7733854,
4983.15,104.7935,104.8792,104.8237,,,4983.15,104.7451974,104.8308974,104.7753974,
4984.0504,104.7939,104.8806,104.8265,,,4984.0504,104.7456095,104.8323095,104.7782095,
4984.9498,104.7961,104.8837,104.8285,,,4984.9498,104.7478215,104.8354215,104.7802215,
4985.8502,104.7991,104.8835,104.8309,,,4985.8502,104.7508336,104.8352336,104.7826336,
4986.7496,104.8022,104.8849,104.8328,,,4986.7496,104.7539457,104.8366457,104.7845457,
4987.65,104.8048,104.888,104.8359,,,4987.65,104.7565577,104.8397577,104.7876577,
4988.5504,104.8073,104.8876,104.8378,,,4988.5504,104.7590698,104.8393698,104.7895698,
4989.4498,104.8111,104.8911,104.8408,,,4989.4498,104.7628818,104.8428818,104.7925818,
4990.2999,104.8135,104.8945,104.8444,,,4990.2999,104.7652932,104.8462932,104.7961932,
4991.15,104.8152,104.8979,104.8466,,,4991.15,104.7670046,104.8497046,104.7984046,
4992.0504,104.819,104.8979,104.849,,,4992.0504,104.7708167,104.8497167,104.8008167,
4992.9498,104.821,104.9018,104.8514,,,4992.9498,104.7728287,104.8536287,104.8032287,
4993.8502,104.8245,104.9016,104.8531,,,4993.8502,104.7763408,104.8534408,104.8049408,
4994.7496,104.8268,104.9073,104.8559,,,4994.7496,104.7786529,104.8591529,104.8077529,
4995.65,104.8297,104.9063,104.8577,,,4995.65,104.7815649,104.8581649,104.8095649,
4996.5504,104.8325,104.9093,104.8602,,,4996.5504,104.784377,104.861177,104.812077,
4997.4498,104.836,104.9116,104.8627,,,4997.4498,104.787889,104.863489,104.814589,
4998.3502,104.838,104.9127,104.8651,,,4998.3502,104.7899011,104.8646011,104.8170011,
4999.2496,104.8396,104.912,104.8663,,,4999.2496,104.7915132,104.8639132,104.8182132,
5000.15,104.8412,104.9164,104.8682,,,5000.15,104.7931252,104.8683252,104.8201252,
5001.0504,104.8437,104.9176,104.8704,,,5001.0504,104.7956373,104.8695373,104.8223373,
5001.9498,104.8463,104.9182,104.8723,,,5001.9498,104.7982493,104.8701493,104.8242493,
5002.8502,104.8502,104.9195,104.8742,,,5002.8502,104.8021614,104.8714614,104.8261614,
5003.7496,104.8513,104.9199,104.8757,,,5003.7496,104.8032735,104.8718735,104.8276735,
5004.65,104.8541,104.9227,104.878,,,5004.65,104.8060855,104.8746855,104.8299855,
5005.5504,104.8561,104.9237,104.8802,,,5005.5504,104.8080976,104.8756976,104.8321976,
5006.4498,104.8565,104.9245,104.8817,,,5006.4498,104.8085096,104.8765096,104.8337096,
5007.3502,104.8612,104.9253,104.8831,,,5007.3502,104.8132217,104.8773217,104.8351217,
5008.2496,104.8634,104.927,104.8855,,,5008.2496,104.8154338,104.8790338,104.8375338,
5009.1002,104.8658,104.93,104.8871,,,5009.1002,104.8178452,104.8820452,104.8391452,
5009.9498,104.8668,104.9363,104.8924,,,5009.9498,104.8188565,104.8883565,104.8444565,
5010.8502,104.8707,104.9459,104.9002,,,5010.8502,104.8227686,104.8979686,104.8522686,
5011.7496,104.8718,104.9316,104.8919,,,5011.7496,104.8238807,104.8836807,104.8439807,
5012.65,104.8721,104.9376,104.8948,,,5012.65,104.8241927,104.8896927,104.8468927,
5013.5504,104.8723,104.9325,104.8942,,,5013.5504,104.8244048,104.8846048,104.8463048,
5014.4498,104.8739,104.9336,104.8958,,,5014.4498,104.8260168,104.8857168,104.8479168,
5015.3502,104.8734,104.9355,104.8972,,,5015.3502,104.8255289,104.8876289,104.8493289,
5016.2496,104.8699,104.937,104.8983,,,5016.2496,104.822041,104.889141,104.850441,
5017.15,104.8703,104.9372,104.9001,,,5017.15,104.822453,104.889353,104.852253,
5018.0504,104.876,104.9357,104.8983,,,5018.0504,104.8281651,104.8878651,104.8504651,
5018.9498,104.8806,104.9555,104.9101,,,5018.9498,104.8327771,104.9076771,104.8622771,
5019.8502,104.88,104.9585,104.9157,,,5019.8502,104.8321892,104.9106892,104.8678892,
5020.7496,104.8742,104.9593,104.9182,,,5020.7496,104.8264013,104.9115013,104.8704013,
5021.65,104.8851,104.9591,104.9166,,,5021.65,104.8373133,104.9113133,104.8688133,
5022.5504,104.8874,104.96,104.9198,,,5022.5504,104.8396254,104.9122254,104.8720254,
5023.4498,104.8879,104.9552,104.9142,,,5023.4498,104.8401374,104.9074374,104.8664374,
5024.3502,104.8887,104.9617,104.9218,,,5024.3502,104.8409495,104.9139495,104.8740495,
5025.2496,104.8899,104.9599,104.9215,,,5025.2496,104.8421616,104.9121616,104.8737616,
5026.15,104.8918,104.96,104.921,,,5026.15,104.8440736,104.9122736,104.8732736,
5027.0504,104.8919,104.9532,104.9155,,,5027.0504,104.8441857,104.9054857,104.8677857,
5027.9498,104.8924,104.9617,104.9237,,,5027.9498,104.8446977,104.9139977,104.8759977,
5028.8502,104.8942,104.9611,104.9234,,,5028.8502,104.8465098,104.9134098,104.8757098,
5029.7496,104.8951,104.9609,104.9238,,,5029.7496,104.8474219,104.9132219,104.8761219,
5030.65,104.8953,104.9609,104.925,,,5030.65,104.8476339,104.9132339,104.8773339,
5031.5504,104.8957,104.9611,104.9238,,,5031.5504,104.848046,104.913446,104.876146,
5032.4498,104.8951,104.9593,104.9217,,,5032.4498,104.847458,104.911658,104.874058,
5033.3502,104.8978,104.958,104.9225,,,5033.3502,104.8501701,104.9103701,104.8748701,
5034.2496,104.897,104.9634,104.9267,,,5034.2496,104.8493822,104.9157822,104.8790822,
5035.15,104.8987,104.9603,104.9247,,,5035.15,104.8510942,104.9126942,104.8770942,
5036.0001,104.8999,104.9631,104.9287,,,5036.0001,104.8523056,104.9155056,104.8811056,
5036.8502,104.9004,104.9607,104.9255,,,5036.8502,104.852817,104.913117,104.877917,
5037.7496,104.9004,104.962,104.9278,,,5037.7496,104.8528291,104.9144291,104.8802291,
5038.65,104.9018,104.9595,104.9265,,,5038.65,104.8542411,104.9119411,104.8789411,
5039.5504,104.9024,104.9622,104.9286,,,5039.5504,104.8548532,104.9146532,104.8810532,
5040.4498,104.9021,104.9616,104.9266,,,5040.4498,104.8545652,104.9140652,104.8790652,
5041.3502,104.9022,104.9628,104.9288,,,5041.3502,104.8546773,104.9152773,104.8812773,
5042.2496,104.9034,104.963,104.9296,,,5042.2496,104.8558893,104.9154893,104.8820893,
5043.15,104.9032,104.9617,104.9283,,,5043.15,104.8557014,104.9142014,104.8808014,
5044.0504,104.9025,104.9631,104.9306,,,5044.0504,104.8550135,104.9156135,104.8831135,
5044.9498,104.9045,104.9627,104.9319,,,5044.9498,104.8570255,104.9152255,104.8844255,
5045.8502,104.9041,104.9648,104.933,,,5045.8502,104.8566376,104.9173376,104.8855376,
5046.7496,104.9032,104.9639,104.9324,,,5046.7496,104.8557496,104.9164496,104.8849496,
5047.65,104.9033,104.9644,104.9332,,,5047.65,104.8558617,104.9169617,104.8857617,
5048.5504,104.9063,104.9631,104.9332,,,5048.5504,104.8588738,104.9156738,104.8857738,
5049.4498,104.9077,104.9644,104.9347,,,5049.4498,104.8602858,104.9169858,104.8872858,
5050.3502,104.9072,104.9624,104.9325,,,5050.3502,104.8597979,104.9149979,104.8850979,
5051.2496,104.9083,104.9634,104.9342,,,5051.2496,104.8609099,104.9160099,104.8868099,
5052.15,104.9083,104.963,104.9357,,,5052.15,104.860922,104.915622,104.888322,
5053.0504,104.9088,104.9626,104.9342,,,5053.0504,104.8614341,104.9152341,104.8868341,
5053.9498,104.9088,104.9623,104.9335,,,5053.9498,104.8614461,104.9149461,104.8861461,
5054.8502,104.9101,104.9628,104.9352,,,5054.8502,104.8627582,104.9154582,104.8878582,
5055.7496,104.9115,104.9628,104.9358,,,5055.7496,104.8641702,104.9154702,104.8884702,
5056.65,104.9121,104.9617,104.935,,,5056.65,104.8647823,104.9143823,104.8876823,
5057.5504,104.9119,104.9626,104.9368,,,5057.5504,104.8645944,104.9152944,104.8894944,
5058.4498,104.9139,104.9609,104.9359,,,5058.4498,104.8666064,104.9136064,104.8886064,
5059.3502,104.9146,104.963,104.938,,,5059.3502,104.8673185,104.9157185,104.8907185,
5060.1998,104.9152,104.9575,104.9349,,,5060.1998,104.8679299,104.9102299,104.8876299,
5061.0504,104.9151,104.9591,104.9359,,,5061.0504,104.8678413,104.9118413,104.8886413,
5061.9498,104.9152,104.958,104.9362,,,5061.9498,104.8679533,104.9107533,104.8889533,
5062.8502,104.9156,104.9591,104.9368,,,5062.8502,104.8683654,104.9118654,104.8895654,
5063.7496,104.9168,104.9601,104.9373,,,5063.7496,104.8695774,104.9128774,104.8900774,
5064.65,104.9178,104.958,104.9373,,,5064.65,104.8705895,104.9107895,104.8900895,
5065.5504,104.9182,104.9572,104.9359,,,5065.5504,104.8710016,104.9100016,104.8887016,
5066.4498,104.919,104.9573,104.9368,,,5066.4498,104.8718136,104.9101136,104.8896136,
5067.3502,104.9197,104.9585,104.9378,,,5067.3502,104.8725257,104.9113257,104.8906257,
5068.2496,104.9206,104.9546,104.9351,,,5068.2496,104.8734377,104.9074377,104.8879377,
5069.15,104.9211,104.9596,104.9386,,,5069.15,104.8739498,104.9124498,104.8914498,
5070.0504,104.9215,104.9577,104.9382,,,5070.0504,104.8743619,104.9105619,104.8910619,
5070.9498,104.9218,104.9563,104.9372,,,5070.9498,104.8746739,104.9091739,104.8900739,
5071.8502,104.9227,104.9569,104.9387,,,5071.8502,104.875586,104.909786,104.891586,
5072.7496,104.9237,104.9576,104.9384,,,5072.7496,104.876598,104.910498,104.891298,
5073.65,104.9235,104.9575,104.9395,,,5073.65,104.8764101,104.9104101,104.8924101,
5074.5504,104.9248,104.9573,104.9397,,,5074.5504,104.8777222,104.9102222,104.8926222,
5075.4498,104.9253,104.956,104.9392,,,5075.4498,104.8782342,104.9089342,104.8921342,
5076.3502,104.9258,104.9573,104.9409,,,5076.3502,104.8787463,104.9102463,104.8938463,
5077.2496,104.9261,104.9573,104.9399,,,5077.2496,104.8790583,104.9102583,104.8928583,
5078.15,104.9266,104.9577,104.941,,,5078.15,104.8795704,104.9106704,104.8939704,
5079.0001,104.927,104.9571,104.9406,,,5079.0001,104.8799818,104.9100818,104.8935818,
5079.9,104.9277,104.9572,104.9415,,,5079.9,104.8806939,104.9101939,104.8944939,
5080.7999,104.9282,104.9532,104.9386,,,5080.7999,104.8812059,104.9062059,104.8916059,
5081.65,104.9285,104.9572,104.942,,,5081.65,104.8815173,104.9102173,104.8950173,
5082.5504,104.9289,104.955,104.9409,,,5082.5504,104.8819294,104.9080294,104.8939294,
5083.4498,104.9297,104.9569,104.9418,,,5083.4498,104.8827414,104.9099414,104.8948414,
5084.3502,104.9301,104.9599,104.9438,,,5084.3502,104.8831535,104.9129535,104.8968535,
5085.2496,104.9313,104.9572,104.9424,,,5085.2496,104.8843655,104.9102655,104.8954655,
5086.15,104.9309,104.9563,104.9421,,,5086.15,104.8839776,104.9093776,104.8951776,
5087.0504,104.9316,104.9572,104.9438,,,5087.0504,104.8846897,104.9102897,104.8968897,
5087.9498,104.932,104.9579,104.9433,,,5087.9498,104.8851017,104.9110017,104.8964017,
5088.8502,104.9323,104.9593,104.9438,,,5088.8502,104.8854138,104.9124138,104.8969138,
5089.7496,104.9328,104.9585,104.9445,,,5089.7496,104.8859258,104.9116258,104.8976258,
5090.65,104.9316,104.9593,104.9446,,,5090.65,104.8847379,104.9124379,104.8977379,
5091.5504,104.9324,104.9599,104.9451,,,5091.5504,104.88555,104.91305,104.89825,
5092.4498,104.9319,104.9587,104.9446,,,5092.4498,104.885062,104.911862,104.897762,
5093.2999,104.9328,104.9585,104.9444,,,5093.2999,104.8859734,104.9116734,104.8975734,
5094.15,104.9344,104.9589,104.9455,,,5094.15,104.8875848,104.9120848,104.8986848,
5095.0504,104.9347,104.9585,104.9455,,,5095.0504,104.8878969,104.9116969,104.8986969,
5095.9498,104.9339,104.9553,104.9436,,,5095.9498,104.8871089,104.9085089,104.8968089,
5096.8502,104.9344,104.9568,104.9444,,,5096.8502,104.887621,104.910021,104.897621,
5097.7496,104.9353,104.9561,104.9441,,,5097.7496,104.888533,104.909333,104.897333,
5098.65,104.9353,104.9577,104.9451,,,5098.65,104.8885451,104.9109451,104.8983451,
5099.5504,104.9355,104.9567,104.9442,,,5099.5504,104.8887572,104.9099572,104.8974572,
5100.4498,104.9357,104.9577,104.9453,,,5100.4498,104.8889692,104.9109692,104.8985692,
5101.3502,104.9361,104.9571,104.9444,,,5101.3502,104.8893813,104.9103813,104.8976813,
5102.2496,104.9359,104.9584,104.9455,,,5102.2496,104.8891933,104.9116933,104.8987933,
5103.15,104.9361,104.9589,104.946,,,5103.15,104.8894054,104.9122054,104.8993054,
5104.0504,104.936,104.9599,104.9472,,,5104.0504,104.8893175,104.9132175,104.9005175,
5104.9498,104.9355,104.9577,104.9461,,,5104.9498,104.8888295,104.9110295,104.8994295,
5105.8502,104.9367,104.9587,104.9465,,,5105.8502,104.8900416,104.9120416,104.8998416,
5106.6998,104.9359,104.9585,104.947,,,5106.6998,104.889253,104.911853,104.900353,
5107.5504,104.9367,104.9581,104.9463,,,5107.5504,104.8900644,104.9114644,104.8996644,
5108.5001,104.9368,104.9585,104.9464,,,5108.5001,104.8901771,104.9118771,104.8997771,
5109.4498,104.937,104.9604,104.947,,,5109.4498,104.8903898,104.9137898,104.9003898,
5110.2999,104.9367,104.9605,104.9477,,,5110.2999,104.8901012,104.9139012,104.9011012,
5111.15,104.9364,104.9601,104.9475,,,5111.15,104.8898126,104.9135126,104.9009126,
5112.0504,104.9368,104.9646,104.9493,,,5112.0504,104.8902247,104.9180247,104.9027247,
5112.9498,104.9374,104.9613,104.9481,,,5112.9498,104.8908367,104.9147367,104.9015367,
5113.8502,104.9365,104.963,104.9486,,,5113.8502,104.8899488,104.9164488,104.9020488,
5114.7496,104.9379,104.9631,104.9489,,,5114.7496,104.8913608,104.9165608,104.9023608,
5115.65,104.9378,104.9631,104.9497,,,5115.65,104.8912729,104.9165729,104.9031729,
5116.5504,104.9382,104.9642,104.95,,,5116.5504,104.891685,104.917685,104.903485,
5117.4498,104.9383,104.966,104.9503,,,5117.4498,104.891797,104.919497,104.903797,
5118.3502,104.9384,104.9608,104.9489,,,5118.3502,104.8919091,104.9143091,104.9024091,
5119.2496,104.9383,104.964,104.95,,,5119.2496,104.8918211,104.9175211,104.9035211,
5120.15,104.9384,104.9615,104.9488,,,5120.15,104.8919332,104.9150332,104.9023332,
5121.0504,104.9392,104.9627,104.9487,,,5121.0504,104.8927453,104.9162453,104.9022453,
5121.9498,104.9383,104.9635,104.9502,,,5121.9498,104.8918573,104.9170573,104.9037573,
5122.8502,104.9392,104.9624,104.9499,,,5122.8502,104.8927694,104.9159694,104.9034694,
5123.7496,104.9398,104.9643,104.9497,,,5123.7496,104.8933814,104.9178814,104.9032814,
5124.65,104.939,104.9652,104.9503,,,5124.65,104.8925935,104.9187935,104.9038935,
5125.5504,104.94,104.9646,104.95,,,5125.5504,104.8936056,104.9182056,104.9036056,
5126.4,104.9402,104.9651,104.9504,,,5126.4,104.8938169,104.9187169,104.9040169,
5127.2999,104.9408,104.9648,104.95,,,5127.2999,104.894429,104.918429,104.903629,
5128.1998,104.9411,104.9667,104.9521,,,5128.1998,104.8947411,104.9203411,104.9057411,
5129.1002,104.9406,104.9667,104.952,,,5129.1002,104.8942531,104.9203531,104.9056531,
5130.0001,104.9414,104.9671,104.9509,,,5130.0001,104.8950652,104.9207652,104.9045652,
5130.8502,104.9411,104.9664,104.9511,,,5130.8502,104.8947766,104.9200766,104.9047766,
5131.7496,104.9407,104.9672,104.9513,,,5131.7496,104.8943886,104.9208886,104.9049886,
5132.65,104.94,104.9647,104.9504,,,5132.65,104.8937007,104.9184007,104.9041007,
5133.5504,104.941,104.969,104.9522,,,5133.5504,104.8947128,104.9227128,104.9059128,
5134.4498,104.9423,104.9671,104.9508,,,5134.4498,104.8960248,104.9208248,104.9045248,
5135.3502,104.9418,104.968,104.952,,,5135.3502,104.8955369,104.9217369,104.9057369,
5136.2496,104.9423,104.9685,104.9524,,,5136.2496,104.8960489,104.9222489,104.9061489,
5137.15,104.942,104.9658,104.9499,,,5137.15,104.895761,104.919561,104.903661,
5138.0504,104.9426,104.9666,104.9504,,,5138.0504,104.8963731,104.9203731,104.9041731,
5138.9498,104.9424,104.9658,104.9502,,,5138.9498,104.8961851,104.9195851,104.9039851,
5139.8502,104.9424,104.9664,104.9504,,,5139.8502,104.8961972,104.9201972,104.9041972,
5140.7496,104.9422,104.9683,104.9518,,,5140.7496,104.8960092,104.9221092,104.9056092,
5141.65,104.9422,104.9674,104.9514,,,5141.65,104.8960213,104.9212213,104.9052213,
5142.5504,104.9426,104.968,104.9508,,,5142.5504,104.8964333,104.9218333,104.9046333,
5143.4498,104.942,104.9693,104.9513,,,5143.4498,104.8958454,104.9231454,104.9051454,
5144.3502,104.9433,104.9694,104.9515,,,5144.3502,104.8971575,104.9232575,104.9053575,
5145.2496,104.9434,104.9701,104.9516,,,5145.2496,104.8972695,104.9239695,104.9054695,
5146.15,104.943,104.9701,104.9521,,,5146.15,104.8968816,104.9239816,104.9059816,
5147.0001,104.9428,104.9707,104.9519,,,5147.0001,104.896693,104.924593,104.905793,
5147.9,104.9431,104.9711,104.9525,,,5147.9,104.897005,104.925005,104.906405,
5148.7999,104.9427,104.9718,104.9526,,,5148.7999,104.8966171,104.9257171,104.9065171,
5149.65,104.9433,104.9719,104.9525,,,5149.65,104.8972285,104.9258285,104.9064285,
5150.5504,104.943,104.9722,104.952,,,5150.5504,104.8969405,104.9261405,104.9059405,
5151.4498,104.9427,104.9729,104.9527,,,5151.4498,104.8966526,104.9268526,104.9066526,
5152.3502,104.9427,104.9735,104.9531,,,5152.3502,104.8966647,104.9274647,104.9070647,
5153.2496,104.9428,104.9737,104.9534,,,5153.2496,104.8967767,104.9276767,104.9073767,
5154.15,104.9426,104.9742,104.9537,,,5154.15,104.8965888,104.9281888,104.9076888,
5155.0504,104.9427,104.9741,104.954,,,5155.0504,104.8967008,104.9281008,104.9080008,
5155.9498,104.942,104.9792,104.9551,,,5155.9498,104.8960129,104.9332129,104.9091129,
5156.8502,104.9423,104.9819,104.9585,,,5156.8502,104.896325,104.935925,104.912525,
5157.7496,104.9427,104.9825,104.9585,,,5157.7496,104.896737,104.936537,104.912537,
5158.65,104.9424,104.979,104.956,,,5158.65,104.8964491,104.9330491,104.9100491,
5159.5504,104.9419,104.9812,104.9586,,,5159.5504,104.8959611,104.9352611,104.9126611,
5160.4498,104.9416,104.9813,104.957,,,5160.4498,104.8956732,104.9353732,104.9110732,
5161.3502,104.9414,104.9841,104.9595,,,5161.3502,104.8954853,104.9381853,104.9135853,
5162.2496,104.942,104.9815,104.958,,,5162.2496,104.8960973,104.9355973,104.9120973,
5163.15,104.942,104.9835,104.958,,,5163.15,104.8961094,104.9376094,104.9121094,
5164.0504,104.9418,104.9844,104.9591,,,5164.0504,104.8959214,104.9385214,104.9132214,
5164.9498,104.9419,104.9841,104.958,,,5164.9498,104.8960335,104.9382335,104.9121335,
5165.8502,104.9418,104.9886,104.9614,,,5165.8502,104.8959456,104.9427456,104.9155456,
5166.7496,104.9411,104.9914,104.9629,,,5166.7496,104.8952576,104.9455576,104.9170576,
5167.65,104.9414,104.9852,104.9589,,,5167.65,104.8955697,104.9393697,104.9130697,
5168.5504,104.9415,104.9883,104.962,,,5168.5504,104.8956817,104.9424817,104.9161817,
5169.4498,104.9407,104.987,104.9599,,,5169.4498,104.8948938,104.9411938,104.9140938,
5170.3502,104.9399,104.99,104.9609,,,5170.3502,104.8941059,104.9442059,104.9151059,
5171.1998,104.9408,104.9911,104.9619,,,5171.1998,104.8950172,104.9453172,104.9161172,
5172.1002,104.9411,104.9924,104.9644,,,5172.1002,104.8953293,104.9466293,104.9186293,
5173.0001,104.9407,104.9867,104.9599,,,5173.0001,104.8949414,104.9409414,104.9141414,
5173.8502,104.9404,104.9916,104.9634,,,5173.8502,104.8946528,104.9458528,104.9176528,
5174.7496,104.9407,104.9906,104.9615,,,5174.7496,104.8949648,104.9448648,104.9157648,
5175.65,104.9402,104.991,104.9615,,,5175.65,104.8944769,104.9452769,104.9157769,
5176.5504,104.9387,104.9942,104.9638,,,5176.5504,104.8929889,104.9484889,104.9180889,
5177.4498,104.9398,104.989,104.9601,,,5177.4498,104.894101,104.943301,104.914401,
5178.3502,104.9394,104.9945,104.9641,,,5178.3502,104.8937131,104.9488131,104.9184131,
5179.2496,104.9398,104.9908,104.9612,,,5179.2496,104.8941251,104.9451251,104.9155251,
5180.15,104.9399,104.9912,104.9608,,,5180.15,104.8942372,104.9455372,104.9151372,
5181.0504,104.9386,104.9938,104.9635,,,5181.0504,104.8929492,104.9481492,104.9178492,
5181.9498,104.9391,104.992,104.9625,,,5181.9498,104.8934613,104.9463613,104.9168613,
5182.8502,104.9382,104.9951,104.9638,,,5182.8502,104.8925734,104.9494734,104.9181734,
5183.7496,104.9398,104.9926,104.9628,,,5183.7496,104.8941854,104.9469854,104.9171854,
5184.65,104.9395,104.9931,104.9631,,,5184.65,104.8938975,104.9474975,104.9174975,
5185.5504,104.9399,104.9911,104.9617,,,5185.5504,104.8943095,104.9455095,104.9161095,
5186.4498,104.9398,104.9927,104.9629,,,5186.4498,104.8942216,104.9471216,104.9173216,
5187.3502,104.9406,104.991,104.9615,,,5187.3502,104.8950337,104.9454337,104.9159337,
5188.2496,104.9411,104.9939,104.9637,,,5188.2496,104.8955457,104.9483457,104.9181457,
5189.15,104.9414,104.9918,104.9632,,,5189.15,104.8958578,104.9462578,104.9176578,
5190.0001,104.941,104.9912,104.9633,,,5190.0001,104.8954692,104.9456692,104.9177692,
5190.9,104.942,104.9941,104.9659,,,5190.9,104.8964812,104.9485812,104.9203812,
5191.7999,104.942,104.9939,104.9653,,,5191.7999,104.8964933,104.9483933,104.9197933,
5192.6998,104.943,104.9941,104.9663,,,5192.6998,104.8975053,104.9486053,104.9208053,
5193.6002,104.9431,104.9943,104.9653,,,5193.6002,104.8976174,104.9488174,104.9198174,
5194.4498,104.9433,104.9954,104.9676,,,5194.4498,104.8978288,104.9499288,104.9221288,
5195.3502,104.9449,104.9946,104.9666,,,5195.3502,104.8994409,104.9491409,104.9211409,
5196.2496,104.9451,105.0012,104.9699,,,5196.2496,104.8996529,104.9557529,104.9244529,
5197.15,104.9457,104.9994,104.9717,,,5197.15,104.900265,104.953965,104.926265,
5198.0504,104.9445,104.999,104.9691,,,5198.0504,104.899077,104.953577,104.923677,
5198.9498,104.9466,104.9983,104.97,,,5198.9498,104.9011891,104.9528891,104.9245891,
5199.8502,104.9482,104.9961,104.9694,,,5199.8502,104.9028011,104.9507011,104.9240011,
5200.7496,104.9486,105.0002,104.972,,,5200.7496,104.9032132,104.9548132,104.9266132,
5201.65,104.9492,105.0009,104.9737,,,5201.65,104.9038253,104.9555253,104.9283253,
5202.5504,104.9501,104.9993,104.9723,,,5202.5504,104.9047373,104.9539373,104.9269373,
5203.4498,104.952,105.0006,104.9743,,,5203.4498,104.9066494,104.9552494,104.9289494,
5204.3502,104.9518,105.0037,104.9773,,,5204.3502,104.9064614,104.9583614,104.9319614,
5205.2496,104.9534,105.0018,104.9762,,,5205.2496,104.9080735,104.9564735,104.9308735,
5206.15,104.9495,104.999,104.9721,,,5206.15,104.9041856,104.9536856,104.9267856,
5207.0504,104.9561,105.0053,104.9797,,,5207.0504,104.9107976,104.9599976,104.9343976,
5207.9498,104.9572,105.0063,104.9804,,,5207.9498,104.9119097,104.9610097,104.9351097,
5208.8502,104.9587,105.0067,104.9821,,,5208.8502,104.9134217,104.9614217,104.9368217,
5209.6998,104.9584,105.0026,104.9781,,,5209.6998,104.9131331,104.9573331,104.9328331,
5210.6002,104.9553,104.9981,104.9737,,,5210.6002,104.9100452,104.9528452,104.9284452,
5211.5504,104.9622,105.004,104.98,,,5211.5504,104.9169579,104.9587579,104.9347579,
5212.4498,104.9592,105.0046,104.9806,,,5212.4498,104.91397,104.95937,104.93537,
5213.3502,104.9619,105.0051,104.981,,,5213.3502,104.916682,104.959882,104.935782,
5214.2496,104.9569,105.0042,104.9786,,,5214.2496,104.9116941,104.9589941,104.9333941,
5215.15,104.9648,105.0048,104.9827,,,5215.15,104.9196062,104.9596062,104.9375062,
5216.0504,104.9659,105.0061,104.9836,,,5216.0504,104.9207182,104.9609182,104.9384182,
5216.9498,104.9667,105.006,104.9837,,,5216.9498,104.9215303,104.9608303,104.9385303,
5217.8502,104.9655,105.0059,104.9836,,,5217.8502,104.9203423,104.9607423,104.9384423,
5218.7496,104.9674,105.0068,104.9844,,,5218.7496,104.9222544,104.9616544,104.9392544,
5219.65,104.9677,105.0061,104.9844,,,5219.65,104.9225665,104.9609665,104.9392665,
5220.5001,104.968,105.0063,104.9848,,,5220.5001,104.9228779,104.9611779,104.9396779,
5221.3502,104.9678,105.0068,104.9846,,,5221.3502,104.9226892,104.9616892,104.9394892,
5222.2496,104.9682,105.006,104.9849,,,5222.2496,104.9231013,104.9609013,104.9398013,
5223.15,104.9672,105.0053,104.9842,,,5223.15,104.9221134,104.9602134,104.9391134,
5224.0504,104.9664,105.0051,104.9842,,,5224.0504,104.9213254,104.9600254,104.9391254,
5224.9498,104.9667,105.004,104.9838,,,5224.9498,104.9216375,104.9589375,104.9387375,
5225.8502,104.9678,105.0046,104.9839,,,5225.8502,104.9227495,104.9595495,104.9388495,
5226.7496,104.9666,105.0038,104.9833,,,5226.7496,104.9215616,104.9587616,104.9382616,
5227.65,104.9671,105.0045,104.9829,,,5227.65,104.9220737,104.9594737,104.9378737,
5228.5504,104.967,105.004,104.9823,,,5228.5504,104.9219857,104.9589857,104.9372857,
5229.4498,104.9648,105.0046,104.9825,,,5229.4498,104.9197978,104.9595978,104.9374978,
5230.3502,104.9662,105.0028,104.9816,,,5230.3502,104.9212098,104.9578098,104.9366098,
5231.2496,104.9658,105.0006,104.9806,,,5231.2496,104.9208219,104.9556219,104.9356219,
5232.15,104.9658,105.0006,104.9805,,,5232.15,104.920834,104.955634,104.935534,
5233.0504,104.9631,105,104.9793,,,5233.0504,104.918146,104.955046,104.934346,
5233.9498,104.9619,105.0005,104.9786,,,5233.9498,104.9169581,104.9555581,104.9336581,
5234.8502,104.9613,104.9989,104.9779,,,5234.8502,104.9163701,104.9539701,104.9329701,
5235.7496,104.9608,104.9979,104.9777,,,5235.7496,104.9158822,104.9529822,104.9327822,
5236.65,104.9613,104.9975,104.9772,,,5236.65,104.9163943,104.9525943,104.9322943,
5237.5504,104.9599,104.9981,104.9761,,,5237.5504,104.9150063,104.9532063,104.9312063,
5238.4498,104.9601,104.9978,104.9755,,,5238.4498,104.9152184,104.9529184,104.9306184,
5239.2999,104.9596,104.9967,104.9747,,,5239.2999,104.9147298,104.9518298,104.9298298,
5240.15,104.9591,104.9951,104.9743,,,5240.15,104.9142412,104.9502412,104.9294412,
5241.0504,104.9579,104.9947,104.9733,,,5241.0504,104.9130532,104.9498532,104.9284532,
5241.9498,104.9573,104.9945,104.9731,,,5241.9498,104.9124653,104.9496653,104.9282653,
5242.8502,104.9568,104.9942,104.972,,,5242.8502,104.9119773,104.9493773,104.9271773,
5243.7496,104.9565,104.9935,104.9716,,,5243.7496,104.9116894,104.9486894,104.9267894,
5244.65,104.9557,104.9941,104.9711,,,5244.65,104.9109015,104.9493015,104.9263015,
5245.5504,104.9558,104.9931,104.9708,,,5245.5504,104.9110135,104.9483135,104.9260135,
5246.4498,104.9542,104.9937,104.9702,,,5246.4498,104.9094256,104.9489256,104.9254256,
5247.2999,104.9548,104.9924,104.9702,,,5247.2999,104.910037,104.947637,104.925437,
5248.15,104.9545,104.9931,104.9696,,,5248.15,104.9097484,104.9483484,104.9248484,
5249.0504,104.9541,104.993,104.9693,,,5249.0504,104.9093604,104.9482604,104.9245604,
5249.9498,104.954,104.9918,104.969,,,5249.9498,104.9092725,104.9470725,104.9242725,
5250.8502,104.9538,104.9916,104.9689,,,5250.8502,104.9090845,104.9468845,104.9241845,
5251.7496,104.9544,104.9926,104.9692,,,5251.7496,104.9096966,104.9478966,104.9244966,
5252.65,104.9537,104.9912,104.9684,,,5252.65,104.9090087,104.9465087,104.9237087,
5253.5504,104.9538,104.992,104.9686,,,5253.5504,104.9091207,104.9473207,104.9239207,
5254.4498,104.953,104.9916,104.9682,,,5254.4498,104.9083328,104.9469328,104.9235328,
5255.3502,104.9537,104.9929,104.9685,,,5255.3502,104.9090448,104.9482448,104.9238448,
5256.2496,104.954,104.9918,104.9682,,,5256.2496,104.9093569,104.9471569,104.9235569,
5257.15,104.9537,104.9918,104.9687,,,5257.15,104.9090689,104.9471689,104.9240689,
5258.0001,104.9546,104.9916,104.9685,,,5258.0001,104.9099803,104.9469803,104.9238803,
5258.8502,104.954,104.992,104.9683,,,5258.8502,104.9093917,104.9473917,104.9236917,
5259.7496,104.9545,104.9923,104.9684,,,5259.7496,104.9099038,104.9477038,104.9238038,
5260.65,104.9536,104.9927,104.9686,,,5260.65,104.9090158,104.9481158,104.9240158,
5261.5504,104.955,104.9929,104.9689,,,5261.5504,104.9104279,104.9483279,104.9243279,
5262.4498,104.9545,104.9933,104.9691,,,5262.4498,104.90994,104.94874,104.92454,
5263.3502,104.955,104.9949,104.9714,,,5263.3502,104.910452,104.950352,104.926852,
5264.2496,104.9549,104.9962,104.9714,,,5264.2496,104.9103641,104.9516641,104.9268641,
5265.1002,104.955,104.9995,104.973,,,5265.1002,104.9104755,104.9549755,104.9284755,
5265.9498,104.9548,104.9965,104.9704,,,5265.9498,104.9102869,104.9519869,104.9258869,
5266.8502,104.9565,104.995,104.9711,,,5266.8502,104.9119989,104.9504989,104.9265989,
5267.7496,104.9563,104.9963,104.9712,,,5267.7496,104.911811,104.951811,104.926711,
5268.65,104.9565,104.9955,104.9712,,,5268.65,104.912023,104.951023,104.926723,
5269.5504,104.9571,104.9954,104.9711,,,5269.5504,104.9126351,104.9509351,104.9266351,
5270.4498,104.9565,104.9953,104.9714,,,5270.4498,104.9120472,104.9508472,104.9269472,
5271.3502,104.9567,104.9965,104.9712,,,5271.3502,104.9122592,104.9520592,104.9267592,
5272.2496,104.9569,104.9978,104.9724,,,5272.2496,104.9124713,104.9533713,104.9279713,
5273.15,104.9573,104.9965,104.9718,,,5273.15,104.9128833,104.9520833,104.9273833,
5274.0504,104.9575,104.9973,104.972,,,5274.0504,104.9130954,104.9528954,104.9275954,
5274.9498,104.9571,104.9998,104.9736,,,5274.9498,104.9127075,104.9554075,104.9292075,
5275.7999,104.9572,104.9986,104.9727,,,5275.7999,104.9128189,104.9542189,104.9283189,
5276.65,104.9576,104.9997,104.974,,,5276.65,104.9132302,104.9553302,104.9296302,
5277.5504,104.9575,104.9995,104.9736,,,5277.5504,104.9131423,104.9551423,104.9292423,
5278.4498,104.9581,105.0013,104.9754,,,5278.4498,104.9137544,104.9569544,104.9310544,
5279.3502,104.9577,105.0004,104.9741,,,5279.3502,104.9133664,104.9560664,104.9297664,
5280.2496,104.9577,105.0008,104.9752,,,5280.2496,104.9133785,104.9564785,104.9308785,
5281.15,104.9581,105.003,104.975,,,5281.15,104.9137905,104.9586905,104.9306905,
5282.0504,104.9577,105.0009,104.9752,,,5282.0504,104.9134026,104.9566026,104.9309026,
5282.9498,104.9584,105.0018,104.975,,,5282.9498,104.9141147,104.9575147,104.9307147,
5283.7999,104.9588,105.0013,104.9757,,,5283.7999,104.9145261,104.9570261,104.9314261,
5284.65,104.9588,105.0016,104.9754,,,5284.65,104.9145374,104.9573374,104.9311374,
5285.5504,104.9583,105.0008,104.9754,,,5285.5504,104.9140495,104.9565495,104.9311495,
5286.4498,104.9589,105.0025,104.9761,,,5286.4498,104.9146616,104.9582616,104.9318616,
5287.3502,104.9592,105.0029,104.9762,,,5287.3502,104.9149736,104.9586736,104.9319736,
5288.2496,104.9585,105.0048,104.9765,,,5288.2496,104.9142857,104.9605857,104.9322857,
5289.15,104.9583,105.0034,104.9768,,,5289.15,104.9140977,104.9591977,104.9325977,
5290.0504,104.9581,105.0063,104.9787,,,5290.0504,104.9139098,104.9621098,104.9345098,
5290.9498,104.9589,105.0048,104.9771,,,5290.9498,104.9147219,104.9606219,104.9329219,
5291.7999,104.9593,105.006,104.9778,,,5291.7999,104.9151332,104.9618332,104.9336332,
5292.65,104.9592,105.0071,104.9779,,,5292.65,104.9150446,104.9629446,104.9337446,
5293.5504,104.9579,105.0053,104.9774,,,5293.5504,104.9137567,104.9611567,104.9332567,
5294.4498,104.9581,105.0064,104.9785,,,5294.4498,104.9139688,104.9622688,104.9343688,
5295.3502,104.9593,105.0069,104.9786,,,5295.3502,104.9151808,104.9627808,104.9344808,
5296.2496,104.9593,105.0064,104.979,,,5296.2496,104.9151929,104.9622929,104.9348929,
5297.15,104.9603,105.0089,104.9798,,,5297.15,104.9162049,104.9648049,104.9357049,
5298.0504,104.9608,105.0087,104.9799,,,5298.0504,104.916717,104.964617,104.935817,
5298.9498,104.96,105.0089,104.9798,,,5298.9498,104.9159291,104.9648291,104.9357291,
5299.7999,104.9603,105.0072,104.9795,,,5299.7999,104.9162404,104.9631404,104.9354404,
5300.6998,104.9604,105.0095,104.9802,,,5300.6998,104.9163525,104.9654525,104.9361525,
5301.6002,104.9611,105.0097,104.98,,,5301.6002,104.9170646,104.9656646,104.9359646,
5302.4498,104.9611,105.0096,104.9806,,,5302.4498,104.917076,104.965576,104.936576,
5303.3502,104.9612,105.0111,104.9823,,,5303.3502,104.917188,104.967088,104.938288,
5304.2496,104.9619,105.01,104.9811,,,5304.2496,104.9179001,104.9660001,104.9371001,
5305.15,104.9623,105.0115,104.9821,,,5305.15,104.9183121,104.9675121,104.9381121,
5306.0504,104.9611,105.0105,104.9813,,,5306.0504,104.9171242,104.9665242,104.9373242,
5306.9498,104.9624,105.0103,104.9811,,,5306.9498,104.9184363,104.9663363,104.9371363,
5307.8502,104.9632,105.0099,104.9814,,,5307.8502,104.9192483,104.9659483,104.9374483,
5308.7496,104.9623,105.0107,104.9817,,,5308.7496,104.9183604,104.9667604,104.9377604,
5309.6002,104.9627,105.0142,104.9845,,,5309.6002,104.9187718,104.9702718,104.9405718,
5310.4498,104.9628,105.0103,104.9824,,,5310.4498,104.9188832,104.9663832,104.9384832,
5311.3502,104.9622,105.0116,104.9822,,,5311.3502,104.9182952,104.9676952,104.9382952,
5312.2496,104.9634,105.0148,104.9851,,,5312.2496,104.9195073,104.9709073,104.9412073,
5313.15,104.9631,105.0178,104.9866,,,5313.15,104.9192193,104.9739193,104.9427193,
5314.0504,104.9626,105.0167,104.9865,,,5314.0504,104.9187314,104.9728314,104.9426314,
5314.9498,104.9635,105.0124,104.9839,,,5314.9498,104.9196434,104.9685434,104.9400434,
5315.8502,104.9638,105.0117,104.9841,,,5315.8502,104.9199555,104.9678555,104.9402555,
5316.7496,104.9639,105.0159,104.9856,,,5316.7496,104.9200676,104.9720676,104.9417676,
5317.65,104.9636,105.0132,104.9845,,,5317.65,104.9197796,104.9693796,104.9406796,
5318.5001,104.964,105.014,104.9846,,,5318.5001,104.920191,104.970191,104.940791,
5319.3502,104.9643,105.0142,104.9846,,,5319.3502,104.9205024,104.9704024,104.9408024,
5320.2496,104.9631,105.0148,104.9845,,,5320.2496,104.9193145,104.9710145,104.9407145,
5321.15,104.964,105.0134,104.9844,,,5321.15,104.9202265,104.9696265,104.9406265,
5322.0504,104.9627,105.0195,104.9881,,,5322.0504,104.9189386,104.9757386,104.9443386,
5322.9498,104.9643,105.0136,104.9852,,,5322.9498,104.9205506,104.9698506,104.9414506,
5323.8502,104.9644,105.0135,104.9854,,,5323.8502,104.9206627,104.9697627,104.9416627,
5324.7496,104.9631,105.0151,104.9857,,,5324.7496,104.9193748,104.9713748,104.9419748,
5325.65,104.9642,105.0146,104.9857,,,5325.65,104.9204868,104.9708868,104.9419868,
5326.5504,104.9648,105.0166,104.9882,,,5326.5504,104.9210989,104.9728989,104.9444989,
5327.4498,104.964,105.014,104.9856,,,5327.4498,104.9203109,104.9703109,104.9419109,
5328.2999,104.965,105.014,104.986,,,5328.2999,104.9213223,104.9703223,104.9423223,
5329.15,104.9643,105.0176,104.9881,,,5329.15,104.9206337,104.9739337,104.9444337,
5330.0504,104.9643,105.0175,104.988,,,5330.0504,104.9206458,104.9738458,104.9443458,
5330.9498,104.964,105.0144,104.9864,,,5330.9498,104.9203578,104.9707578,104.9427578,
5331.8502,104.9631,105.0164,104.9872,,,5331.8502,104.9194699,104.9727699,104.9435699,
5332.7496,104.9643,105.0139,104.9865,,,5332.7496,104.920682,104.970282,104.942882,
5333.65,104.9635,105.0167,104.9873,,,5333.65,104.919894,104.973094,104.943694,
5334.5504,104.964,105.0152,104.9868,,,5334.5504,104.9204061,104.9716061,104.9432061,
5335.4498,104.9642,105.0185,104.9892,,,5335.4498,104.9206181,104.9749181,104.9456181,
5336.3502,104.9651,105.015,104.9873,,,5336.3502,104.9215302,104.9714302,104.9437302,
5337.2496,104.9646,105.0159,104.9884,,,5337.2496,104.9210423,104.9723423,104.9448423,
5338.15,104.9647,105.013,104.9868,,,5338.15,104.9211543,104.9694543,104.9432543,
5339.0001,104.9644,105.0135,104.9868,,,5339.0001,104.9208657,104.9699657,104.9432657,
5339.8502,104.9646,105.0134,104.9866,,,5339.8502,104.9210771,104.9698771,104.9430771,
5340.7496,104.9644,105.0126,104.987,,,5340.7496,104.9208892,104.9690892,104.9434892,
5341.65,104.9646,105.0134,104.9867,,,5341.65,104.9211012,104.9699012,104.9432012,
5342.5504,104.9648,105.0127,104.9874,,,5342.5504,104.9213133,104.9692133,104.9439133,
5343.4498,104.9652,105.0127,104.9876,,,5343.4498,104.9217253,104.9692253,104.9441253,
5344.3502,104.9659,105.0131,104.9881,,,5344.3502,104.9224374,104.9696374,104.9446374,
5345.2496,104.9662,105.0128,104.9879,,,5345.2496,104.9227495,104.9693495,104.9444495,
5346.15,104.9655,105.013,104.9881,,,5346.15,104.9220615,104.9695615,104.9446615,
5347.0504,104.9655,105.0143,104.9899,,,5347.0504,104.9220736,104.9708736,104.9464736,
5347.9498,104.9662,105.014,104.9881,,,5347.9498,104.9227856,104.9705856,104.9446856,
5348.7999,104.9664,105.0114,104.9875,,,5348.7999,104.922997,104.967997,104.944097,
5349.6998,104.9659,105.0144,104.9893,,,5349.6998,104.9225091,104.9710091,104.9459091,
5350.6002,104.9664,105.0148,104.9902,,,5350.6002,104.9230212,104.9714212,104.9468212,
5351.4498,104.9667,105.0134,104.9888,,,5351.4498,104.9233325,104.9700325,104.9454325,
5352.3502,104.9668,105.0122,104.9887,,,5352.3502,104.9234446,104.9688446,104.9453446,
5353.2496,104.966,105.0109,104.9888,,,5353.2496,104.9226567,104.9675567,104.9454567,
5354.15,104.9678,105.01,104.9878,,,5354.15,104.9244687,104.9666687,104.9444687,
5355.0504,104.9682,105.0135,104.9894,,,5355.0504,104.9248808,104.9701808,104.9460808,
5355.9498,104.9672,105.0144,104.9903,,,5355.9498,104.9238928,104.9710928,104.9469928,
5356.8502,104.9682,105.0124,104.9901,,,5356.8502,104.9249049,104.9691049,104.9468049,
5357.7496,104.9679,105.0143,104.9909,,,5357.7496,104.924617,104.971017,104.947617,
5358.65,104.9685,105.0112,104.9892,,,5358.65,104.925229,104.967929,104.945929,
5359.5504,104.9686,105.0128,104.9903,,,5359.5504,104.9253411,104.9695411,104.9470411,
5360.4498,104.968,105.0119,104.9898,,,5360.4498,104.9247531,104.9686531,104.9465531,
5361.3502,104.969,105.014,104.9921,,,5361.3502,104.9257652,104.9707652,104.9488652,
5362.2496,104.9686,105.0127,104.9897,,,5362.2496,104.9253773,104.9694773,104.9464773,
5363.15,104.9695,105.0151,104.9931,,,5363.15,104.9262893,104.9718893,104.9498893,
5364.0504,104.9697,105.0116,104.9893,,,5364.0504,104.9265014,104.9684014,104.9461014,
5364.9,104.969,105.0117,104.9894,,,5364.9,104.9258128,104.9685128,104.9462128,
5365.7496,104.9698,105.0095,104.9894,,,5365.7496,104.9266242,104.9663242,104.9462242,
5366.65,104.9699,105.0131,104.9904,,,5366.65,104.9267362,104.9699362,104.9472362,
5367.5504,104.9703,105.012,104.9906,,,5367.5504,104.9271483,104.9688483,104.9474483,
5368.4498,104.9709,105.0112,104.9919,,,5368.4498,104.9277603,104.9680603,104.9487603,
5369.3502,104.9711,105.0099,104.989,,,5369.3502,104.9279724,104.9667724,104.9458724,
5370.2496,104.9707,105.0104,104.9891,,,5370.2496,104.9275845,104.9672845,104.9459845,
5371.15,104.971,105.0107,104.9902,,,5371.15,104.9278965,104.9675965,104.9470965,
5372.0504,104.9711,105.0096,104.9889,,,5372.0504,104.9280086,104.9665086,104.9458086,
5372.9498,104.9714,105.0152,104.9929,,,5372.9498,104.9283206,104.9721206,104.9498206,
5373.8502,104.9713,105.0119,104.9904,,,5373.8502,104.9282327,104.9688327,104.9473327,
5374.7496,104.9719,105.0167,104.9952,,,5374.7496,104.9288447,104.9736447,104.9521447,
5375.65,104.9719,105.0156,104.9931,,,5375.65,104.9288568,104.9725568,104.9500568,
5376.5504,104.9725,105.0144,104.9938,,,5376.5504,104.9294689,104.9713689,104.9507689,
5377.4498,104.9722,105.0114,104.9913,,,5377.4498,104.9291809,104.9683809,104.9482809,
5378.3502,104.9722,105.0164,104.9966,,,5378.3502,104.929193,104.973393,104.953593,
5379.1998,104.973,105.0138,104.9927,,,5379.1998,104.9300044,104.9708044,104.9497044,
5380.1002,104.9726,105.0142,104.9946,,,5380.1002,104.9296164,104.9712164,104.9516164,
5381.0001,104.9731,105.0114,104.9906,,,5381.0001,104.9301285,104.9684285,104.9476285,
5381.8502,104.9725,105.012,104.991,,,5381.8502,104.9295399,104.9690399,104.9480399,
5382.7496,104.9729,105.0116,104.9915,,,5382.7496,104.9299519,104.9686519,104.9485519,
5383.65,104.9734,105.0138,104.995,,,5383.65,104.930464,104.970864,104.952064,
5384.5504,104.9731,105.0124,104.9937,,,5384.5504,104.9301761,104.9694761,104.9507761,
5385.4498,104.9733,105.0132,104.9955,,,5385.4498,104.9303881,104.9702881,104.9525881,
5386.3502,104.9734,105.0132,104.9951,,,5386.3502,104.9305002,104.9703002,104.9522002,
5387.2496,104.9731,105.0134,104.9948,,,5387.2496,104.9302122,104.9705122,104.9519122,
5388.15,104.9741,105.014,104.9956,,,5388.15,104.9312243,104.9711243,104.9527243,
5389.0504,104.9737,105.0134,104.9957,,,5389.0504,104.9308364,104.9705364,104.9528364,
5389.9498,104.9739,105.014,104.9955,,,5389.9498,104.9310484,104.9711484,104.9526484,
5390.8502,104.9731,105.0134,104.9957,,,5390.8502,104.9302605,104.9705605,104.9528605,
5391.7496,104.9738,105.0136,104.9965,,,5391.7496,104.9309725,104.9707725,104.9536725,
5392.65,104.9737,105.0124,104.9954,,,5392.65,104.9308846,104.9695846,104.9525846,
5393.5504,104.9742,105.0144,104.9964,,,5393.5504,104.9313967,104.9715967,104.9535967,
5394.4498,104.9739,105.0134,104.9961,,,5394.4498,104.9311087,104.9706087,104.9533087,
5395.3502,104.9745,105.0151,104.9962,,,5395.3502,104.9317208,104.9723208,104.9534208,
5396.2496,104.9746,105.0108,104.9945,,,5396.2496,104.9318328,104.9680328,104.9517328,
5397.15,104.9748,105.0111,104.9958,,,5397.15,104.9320449,104.9683449,104.9530449,
5398.0504,104.9745,105.0111,104.9959,,,5398.0504,104.931757,104.968357,104.953157,
5398.9498,104.9752,105.0115,104.9965,,,5398.9498,104.932469,104.968769,104.953769,
5399.8502,104.9761,105.0143,104.9987,,,5399.8502,104.9333811,104.9715811,104.9559811,
5400.7496,104.9768,105.0143,104.9985,,,5400.7496,104.9340931,104.9715931,104.9557931,
5401.65,104.976,105.0154,104.9998,,,5401.65,104.9333052,104.9727052,104.9571052,
5402.5504,104.9769,105.0148,104.9991,,,5402.5504,104.9342173,104.9721173,104.9564173,
5403.4498,104.9773,105.0155,105.0006,,,5403.4498,104.9346293,104.9728293,104.9579293,
5404.3502,104.9774,105.0154,105.0005,,,5404.3502,104.9347414,104.9727414,104.9578414,
5405.2496,104.977,105.0173,105.0032,,,5405.2496,104.9343534,104.9746534,104.9605534,
5406.1002,104.9768,105.016,105.0014,,,5406.1002,104.9341648,104.9733648,104.9587648,
5407.0001,104.977,105.0174,105.004,,,5407.0001,104.9343769,104.9747769,104.9613769,
5407.9498,104.9776,105.017,105.0022,,,5407.9498,104.9349896,104.9743896,104.9595896,
5408.8502,104.9786,105.0176,105.0037,,,5408.8502,104.9360017,104.9750017,104.9611017,
5409.7496,104.9784,105.0179,105.0032,,,5409.7496,104.9358137,104.9753137,104.9606137,
5410.6002,104.9788,105.0185,105.0028,,,5410.6002,104.9362251,104.9759251,104.9602251,
5411.4498,104.9784,105.0182,105.0021,,,5411.4498,104.9358365,104.9756365,104.9595365,
5412.3502,104.9776,105.0186,105.002,,,5412.3502,104.9350486,104.9760486,104.9594486,
5413.2496,104.9774,105.0193,105.0025,,,5413.2496,104.9348606,104.9767606,104.9599606,
5414.15,104.9774,105.021,105.0054,,,5414.15,104.9348727,104.9784727,104.9628727,
5415.0504,104.9778,105.0209,105.0042,,,5415.0504,104.9352848,104.9783848,104.9616848,
5415.9498,104.9781,105.0195,105.0031,,,5415.9498,104.9355968,104.9769968,104.9605968,
5416.8502,104.9758,105.0195,105.0027,,,5416.8502,104.9333089,104.9770089,104.9602089,
5417.7496,104.9762,105.0178,105.0001,,,5417.7496,104.9337209,104.9753209,104.9576209,
5418.65,104.9754,105.0201,105.0012,,,5418.65,104.932933,104.977633,104.958733,
5419.5504,104.9756,105.0185,105.0007,,,5419.5504,104.9331451,104.9760451,104.9582451,
5420.4498,104.9741,105.0203,105.002,,,5420.4498,104.9316571,104.9778571,104.9595571,
5421.3502,104.9752,105.0202,105.0014,,,5421.3502,104.9327692,104.9777692,104.9589692,
5422.2496,104.9745,105.021,105.0013,,,5422.2496,104.9320812,104.9785812,104.9588812,
5423.15,104.9743,105.0178,104.9984,,,5423.15,104.9318933,104.9753933,104.9559933,
5424.0504,104.9725,105.0173,104.9982,,,5424.0504,104.9301054,104.9749054,104.9558054,
5424.9498,104.9711,105.0166,104.9966,,,5424.9498,104.9287174,104.9742174,104.9542174,
5425.8502,104.9706,105.0151,104.9958,,,5425.8502,104.9282295,104.9727295,104.9534295,
5426.6998,104.9698,105.015,104.9954,,,5426.6998,104.9274409,104.9726409,104.9530409,
5427.6002,104.9694,105.0128,104.9946,,,5427.6002,104.9270529,104.9704529,104.9522529,
5428.5001,104.969,105.0124,104.9937,,,5428.5001,104.926665,104.970065,104.951365,
5429.3502,104.9674,105.0107,104.9933,,,5429.3502,104.9250764,104.9683764,104.9509764,
5430.2496,104.9678,105.0104,104.9919,,,5430.2496,104.9254884,104.9680884,104.9495884,
5431.15,104.9651,105.0093,104.9907,,,5431.15,104.9228005,104.9670005,104.9484005,
5432.0504,104.965,105.0103,104.991,,,5432.0504,104.9227126,104.9680126,104.9487126,
5432.9498,104.9634,105.0064,104.9882,,,5432.9498,104.9211246,104.9641246,104.9459246,
5433.8502,104.962,105.0059,104.988,,,5433.8502,104.9197367,104.9636367,104.9457367,
5434.7496,104.9603,105.0036,104.9856,,,5434.7496,104.9180487,104.9613487,104.9433487,
5435.65,104.9607,105.0024,104.9846,,,5435.65,104.9184608,104.9601608,104.9423608,
5436.5504,104.9599,105,104.9828,,,5436.5504,104.9176729,104.9577729,104.9405729,
5437.4498,104.9583,104.9997,104.982,,,5437.4498,104.9160849,104.9574849,104.9397849,
5438.3502,104.9565,104.9979,104.9801,,,5438.3502,104.914297,104.955697,104.937897,
5439.2496,104.9546,104.997,104.9792,,,5439.2496,104.912409,104.954809,104.937009,
5440.15,104.9525,104.9942,104.9764,,,5440.15,104.9103211,104.9520211,104.9342211,
5441.0504,104.9513,104.9924,104.9746,,,5441.0504,104.9091332,104.9502332,104.9324332,
5441.9498,104.9494,104.9907,104.973,,,5441.9498,104.9072452,104.9485452,104.9308452,
5442.8502,104.9471,104.989,104.971,,,5442.8502,104.9049573,104.9468573,104.9288573,
5443.7496,104.9461,104.9868,104.9689,,,5443.7496,104.9039693,104.9446693,104.9267693,
5444.65,104.945,104.9851,104.9677,,,5444.65,104.9028814,104.9429814,104.9255814,
5445.5504,104.943,104.9828,104.9653,,,5445.5504,104.9008935,104.9406935,104.9231935,
5446.4498,104.941,104.9812,104.9641,,,5446.4498,104.8989055,104.9391055,104.9220055,
5447.2999,104.9388,104.9797,104.963,,,5447.2999,104.8967169,104.9376169,104.9209169,
5448.1998,104.9375,104.978,104.9617,,,5448.1998,104.895429,104.935929,104.919629,
5449.1002,104.9359,104.9756,104.9589,,,5449.1002,104.893841,104.933541,104.916841,
5449.9498,104.9333,104.9731,104.9565,,,5449.9498,104.8912524,104.9310524,104.9144524,
5450.8502,104.932,104.9719,104.9543,,,5450.8502,104.8899645,104.9298645,104.9122645,
5451.7496,104.929,104.9697,104.9525,,,5451.7496,104.8869765,104.9276765,104.9104765,
5452.65,104.9273,104.9672,104.95,,,5452.65,104.8852886,104.9251886,104.9079886,
5453.5504,104.9245,104.9652,104.9478,,,5453.5504,104.8825007,104.9232007,104.9058007,
5454.4498,104.923,104.9627,104.9459,,,5454.4498,104.8810127,104.9207127,104.9039127,
5455.3502,104.9218,104.9604,104.9436,,,5455.3502,104.8798248,104.9184248,104.9016248,
5456.2496,104.9203,104.9591,104.9424,,,5456.2496,104.8783368,104.9171368,104.9004368,
5457.15,104.9191,104.9576,104.9406,,,5457.15,104.8771489,104.9156489,104.8986489,
5458.0504,104.9174,104.9556,104.9392,,,5458.0504,104.875461,104.913661,104.897261,
5458.9498,104.9156,104.9541,104.9377,,,5458.9498,104.873673,104.912173,104.895773,
5459.8502,104.9146,104.9522,104.9361,,,5459.8502,104.8726851,104.9102851,104.8941851,
5460.7496,104.9131,104.9508,104.9345,,,5460.7496,104.8711971,104.9088971,104.8925971,
5461.65,104.9111,104.9498,104.9335,,,5461.65,104.8692092,104.9079092,104.8916092,
5462.5504,104.9105,104.9483,104.9328,,,5462.5504,104.8686213,104.9064213,104.8909213,
5463.4498,104.9093,104.9477,104.9315,,,5463.4498,104.8674333,104.9058333,104.8896333,
5464.3502,104.9085,104.9461,104.9308,,,5464.3502,104.8666454,104.9042454,104.8889454,
5465.2496,104.9084,104.9453,104.93,,,5465.2496,104.8665574,104.9034574,104.8881574,
5466.15,104.9083,104.945,104.9297,,,5466.15,104.8664695,104.9031695,104.8878695,
5467.0504,104.9084,104.945,104.9302,,,5467.0504,104.8665816,104.9031816,104.8883816,
5467.9498,104.9088,104.9447,104.93,,,5467.9498,104.8669936,104.9028936,104.8881936,
5468.8502,104.9096,104.9451,104.9306,,,5468.8502,104.8678057,104.9033057,104.8888057,
5469.7496,104.9105,104.9457,104.9314,,,5469.7496,104.8687177,104.9039177,104.8896177,
5470.65,104.9108,104.9454,104.9314,,,5470.65,104.8690298,104.9036298,104.8896298,
5471.6002,104.912,104.947,104.933,,,5471.6002,104.8702425,104.9052425,104.8912425,
5472.5001,104.9128,104.9481,104.9338,,,5472.5001,104.8710546,104.9063546,104.8920546,
5473.4,104.9148,104.9498,104.9358,,,5473.4,104.8730666,104.9080666,104.8940666,
5474.2999,104.9168,104.9508,104.9371,,,5474.2999,104.8750787,104.9090787,104.8953787,
5475.1998,104.9186,104.9529,104.939,,,5475.1998,104.8768908,104.9111908,104.8972908,
5476.15,104.9206,104.9537,104.9403,,,5476.15,104.8789035,104.9120035,104.8986035,
5477.0504,104.9226,104.9561,104.943,,,5477.0504,104.8809155,104.9144155,104.9013155,
5477.9498,104.925,104.9584,104.9453,,,5477.9498,104.8833276,104.9167276,104.9036276,
5478.8502,104.9284,104.9611,104.9479,,,5478.8502,104.8867397,104.9194397,104.9062397,
5479.7496,104.9304,104.9636,104.9509,,,5479.7496,104.8887517,104.9219517,104.9092517,
5480.65,104.9336,104.966,104.9532,,,5480.65,104.8919638,104.9243638,104.9115638,
5481.5504,104.9363,104.9686,104.9556,,,5481.5504,104.8946758,104.9269758,104.9139758,
5482.4498,104.9388,104.9714,104.9583,,,5482.4498,104.8971879,104.9297879,104.9166879,
5483.3502,104.9412,104.9737,104.9604,,,5483.3502,104.8996,104.9321,104.9188,
5484.2496,104.9439,104.976,104.9627,,,5484.2496,104.902312,104.934412,104.921112,
5485.15,104.9445,104.979,104.9661,,,5485.15,104.9029241,104.9374241,104.9245241,
5486.0504,104.9489,104.9816,104.9689,,,5486.0504,104.9073361,104.9400361,104.9273361,
5486.9498,104.9506,104.9848,104.9719,,,5486.9498,104.9090482,104.9432482,104.9303482,
5487.8502,104.955,104.9864,104.9739,,,5487.8502,104.9134603,104.9448603,104.9323603,
5488.7496,104.9565,104.9902,104.9774,,,5488.7496,104.9149723,104.9486723,104.9358723,
5489.65,104.9593,104.9919,104.9794,,,5489.65,104.9177844,104.9503844,104.9378844,
5490.5504,104.9619,104.9955,104.9827,,,5490.5504,104.9203964,104.9539964,104.9411964,
5491.4498,104.965,104.997,104.9836,,,5491.4498,104.9235085,104.9555085,104.9421085,
5492.3502,104.9662,105,104.987,,,5492.3502,104.9247206,104.9585206,104.9455206,
5493.2496,104.9691,105.0024,104.9889,,,5493.2496,104.9276326,104.9609326,104.9474326,
5494.15,104.9713,105.0037,104.9907,,,5494.15,104.9298447,104.9622447,104.9492447,
5495.0504,104.973,105.0069,104.9938,,,5495.0504,104.9315567,104.9654567,104.9523567,
5495.9498,104.9753,105.0089,104.9962,,,5495.9498,104.9338688,104.9674688,104.9547688,
5496.8502,104.9777,105.0099,104.9963,,,5496.8502,104.9362809,104.9684809,104.9548809,
5497.7496,104.9797,105.0127,104.9989,,,5497.7496,104.9382929,104.9712929,104.9574929,
5498.65,104.9812,105.0143,105.0006,,,5498.65,104.939805,104.972905,104.959205,
5499.5504,104.9831,105.016,105.0021,,,5499.5504,104.941717,104.974617,104.960717,
5500.4498,104.9851,105.0176,105.0045,,,5500.4498,104.9437291,104.9762291,104.9631291,
5501.3502,104.9864,105.0201,105.0064,,,5501.3502,104.9450412,104.9787412,104.9650412,
5502.2496,104.9878,105.0218,105.0084,,,5502.2496,104.9464532,104.9804532,104.9670532,
5503.15,104.989,105.0237,105.0097,,,5503.15,104.9476653,104.9823653,104.9683653,
5504.0504,104.9904,105.0252,105.0116,,,5504.0504,104.9490773,104.9838773,104.9702773,
5504.9498,104.992,105.0264,105.0129,,,5504.9498,104.9506894,104.9850894,104.9715894,
5505.8502,104.9933,105.0281,105.0146,,,5505.8502,104.9520015,104.9868015,104.9733015,
5506.7496,104.9942,105.0294,105.0158,,,5506.7496,104.9529135,104.9881135,104.9745135,
5507.65,104.9962,105.0313,105.0185,,,5507.65,104.9549256,104.9900256,104.9772256,
5508.5504,104.9975,105.0321,105.0195,,,5508.5504,104.9562376,104.9908376,104.9782376,
5509.4498,104.9992,105.0333,105.0202,,,5509.4498,104.9579497,104.9920497,104.9789497,
5510.3502,104.9997,105.0345,105.0212,,,5510.3502,104.9584618,104.9932618,104.9799618,
5511.2496,105.001,105.0364,105.0232,,,5511.2496,104.9597738,104.9951738,104.9819738,
5512.15,105.0026,105.0372,105.0237,,,5512.15,104.9613859,104.9959859,104.9824859,
5513.0504,105.0041,105.0387,105.0255,,,5513.0504,104.9628979,104.9974979,104.9842979,
5513.9498,105.0052,105.0395,105.0257,,,5513.9498,104.96401,104.99831,104.98451,
5514.8502,105.0057,105.0404,105.0271,,,5514.8502,104.9645221,104.9992221,104.9859221,
5515.7496,105.0056,105.0415,105.0278,,,5515.7496,104.9644341,105.0003341,104.9866341,
5516.65,105.0083,105.0429,105.0301,,,5516.65,104.9671462,105.0017462,104.9889462,
5517.5504,105.0088,105.0431,105.03,,,5517.5504,104.9676582,105.0019582,104.9888582,
5518.4498,105.0095,105.0439,105.0309,,,5518.4498,104.9683703,105.0027703,104.9897703,
5519.3502,105.0107,105.0446,105.0321,,,5519.3502,104.9695824,105.0034824,104.9909824,
5520.2496,105.0117,105.0451,105.0321,,,5520.2496,104.9705944,105.0039944,104.9909944,
5521.15,105.013,105.0461,105.0332,,,5521.15,104.9719065,105.0050065,104.9921065,
5522.0504,105.0135,105.0465,105.0334,,,5522.0504,104.9724185,105.0054185,104.9923185,
5522.9498,105.014,105.0473,105.0343,,,5522.9498,104.9729306,105.0062306,104.9932306,
5523.8502,105.0147,105.0481,105.0344,,,5523.8502,104.9736427,105.0070427,104.9933427,
5524.7496,105.016,105.0488,105.0349,,,5524.7496,104.9749547,105.0077547,104.9938547,
5525.65,105.0162,105.049,105.0348,,,5525.65,104.9751668,105.0079668,104.9937668,
5526.5504,105.016,105.0494,105.0354,,,5526.5504,104.9749788,105.0083788,104.9943788,
5527.4498,105.0173,105.0493,105.0349,,,5527.4498,104.9762909,105.0082909,104.9938909,
5528.3502,105.0168,105.0501,105.0358,,,5528.3502,104.975803,105.009103,104.994803,
5529.2496,105.0181,105.0508,105.0366,,,5529.2496,104.977115,105.009815,104.995615,
5530.15,105.0178,105.0513,105.037,,,5530.15,104.9768271,105.0103271,104.9960271,
5531.0504,105.017,105.0516,105.0373,,,5531.0504,104.9760391,105.0106391,104.9963391,
5531.9498,105.0166,105.052,105.0375,,,5531.9498,104.9756512,105.0110512,104.9965512,
5532.8502,105.0114,105.0525,105.0377,,,5532.8502,104.9704632,105.0115632,104.9967632,
5533.7496,105.0183,105.0528,105.0378,,,5533.7496,104.9773753,105.0118753,104.9968753,
5534.65,105.0193,105.0532,105.0378,,,5534.65,104.9783874,105.0122874,104.9968874,
5535.5504,105.0203,105.0534,105.0385,,,5535.5504,104.9793994,105.0124994,104.9975994,
5536.4498,105.0201,105.054,105.039,,,5536.4498,104.9792115,105.0131115,104.9981115,
5537.3502,105.0201,105.0544,105.0386,,,5537.3502,104.9792235,105.0135235,104.9977235,
5538.2496,105.0209,105.0553,105.0394,,,5538.2496,104.9800356,105.0144356,104.9985356,
5539.15,105.021,105.0557,105.0394,,,5539.15,104.9801477,105.0148477,104.9985477,
5540.0504,105.0215,105.056,105.0399,,,5540.0504,104.9806597,105.0151597,104.9990597,
5540.9498,105.0215,105.0568,105.0397,,,5540.9498,104.9806718,105.0159718,104.9988718,
5541.8502,105.0225,105.0569,105.0394,,,5541.8502,104.9816838,105.0160838,104.9985838,
5542.7496,105.0233,105.0583,105.0408,,,5542.7496,104.9824959,105.0174959,104.9999959,
5543.65,105.0238,105.0588,105.0403,,,5543.65,104.983008,105.018008,104.999508,
5544.5504,105.0229,105.0589,105.0406,,,5544.5504,104.98212,105.01812,104.99982,
5545.4498,105.0242,105.0581,105.0401,,,5545.4498,104.9834321,105.0173321,104.9993321,
5546.3502,105.0248,105.0597,105.0416,,,5546.3502,104.9840441,105.0189441,105.0008441,
5547.2496,105.0248,105.0599,105.0413,,,5547.2496,104.9840562,105.0191562,105.0005562,
5548.15,105.0246,105.06,105.0407,,,5548.15,104.9838683,105.0192683,104.9999683,
5549.0504,105.0252,105.0595,105.0412,,,5549.0504,104.9844803,105.0187803,105.0004803,
5549.9498,105.025,105.0607,105.0416,,,5549.9498,104.9842924,105.0199924,105.0008924,
5550.8502,105.0254,105.0597,105.0411,,,5550.8502,104.9847044,105.0190044,105.0004044,
5551.7496,105.0253,105.0608,105.042,,,5551.7496,104.9846165,105.0201165,105.0013165,
5552.65,105.0257,105.0608,105.0413,,,5552.65,104.9850286,105.0201286,105.0006286,
5553.5504,105.0264,105.0612,105.0418,,,5553.5504,104.9857406,105.0205406,105.0011406,
5554.4498,105.0262,105.062,105.0421,,,5554.4498,104.9855527,105.0213527,105.0014527,
5555.3502,105.0269,105.062,105.0417,,,5555.3502,104.9862647,105.0213647,105.0010647,
5556.2496,105.0272,105.0611,105.0424,,,5556.2496,104.9865768,105.0204768,105.0017768,
5557.1002,105.027,105.062,105.0422,,,5557.1002,104.9863882,105.0213882,105.0015882,
5558.0001,105.0272,105.0623,105.0428,,,5558.0001,104.9866003,105.0217003,105.0022003,
5558.9,105.0273,105.063,105.0423,,,5558.9,104.9867123,105.0224123,105.0017123,
5559.7496,105.0276,105.0636,105.0428,,,5559.7496,104.9870237,105.0230237,105.0022237,
5560.6998,105.0273,105.0638,105.0429,,,5560.6998,104.9867364,105.0232364,105.0023364,
5561.6002,105.0274,105.0632,105.0433,,,5561.6002,104.9868485,105.0226485,105.0027485,
5562.4498,105.0269,105.0639,105.0435,,,5562.4498,104.9863599,105.0233599,105.0029599,
5563.3502,105.0272,105.0644,105.0435,,,5563.3502,104.9866719,105.0238719,105.0029719,
5564.2496,105.0278,105.0644,105.0441,,,5564.2496,104.987284,105.023884,105.003584,
5565.15,105.0282,105.0644,105.044,,,5565.15,104.9876961,105.0238961,105.0034961,
5566.0504,105.0284,105.0652,105.0442,,,5566.0504,104.9879081,105.0247081,105.0037081,
5566.9498,105.0285,105.0648,105.0446,,,5566.9498,104.9880202,105.0243202,105.0041202,
5567.8502,105.0282,105.0658,105.0442,,,5567.8502,104.9877322,105.0253322,105.0037322,
5568.7496,105.0282,105.0656,105.0442,,,5568.7496,104.9877443,105.0251443,105.0037443,
5569.65,105.0288,105.0658,105.0445,,,5569.65,104.9883564,105.0253564,105.0040564,
5570.5504,105.0282,105.066,105.0445,,,5570.5504,104.9877684,105.0255684,105.0040684,
5571.4498,105.0284,105.0668,105.0455,,,5571.4498,104.9879805,105.0263805,105.0050805,
5572.3502,105.0289,105.0668,105.0451,,,5572.3502,104.9884925,105.0263925,105.0046925,
5573.2496,105.0294,105.0668,105.0461,,,5573.2496,104.9890046,105.0264046,105.0057046,
5574.15,105.0293,105.0674,105.0463,,,5574.15,104.9889167,105.0270167,105.0059167,
5575.0504,105.03,105.067,105.0461,,,5575.0504,104.9896287,105.0266287,105.0057287,
5575.9498,105.0296,105.0671,105.046,,,5575.9498,104.9892408,105.0267408,105.0056408,
5576.8502,105.0301,105.0671,105.0464,,,5576.8502,104.9897528,105.0267528,105.0060528,
5577.7496,105.0303,105.0666,105.0466,,,5577.7496,104.9899649,105.0262649,105.0062649,
5578.65,105.0303,105.0675,105.0465,,,5578.65,104.989977,105.027177,105.006177,
5579.5504,105.0307,105.0685,105.0468,,,5579.5504,104.990389,105.028189,105.006489,
5580.4498,105.0303,105.0682,105.0475,,,5580.4498,104.9900011,105.0279011,105.0072011,
5581.3502,105.0309,105.0686,105.0478,,,5581.3502,104.9906131,105.0283131,105.0075131,
5582.2496,105.0316,105.069,105.0484,,,5582.2496,104.9913252,105.0287252,105.0081252,
5583.15,105.0312,105.0699,105.0494,,,5583.15,104.9909373,105.0296373,105.0091373,
5584.0001,105.0315,105.0693,105.0493,,,5584.0001,104.9912486,105.0290486,105.0090486,
5584.9,105.0321,105.0702,105.0501,,,5584.9,104.9918607,105.0299607,105.0098607,
5585.7999,105.0329,105.0702,105.0498,,,5585.7999,104.9926728,105.0299728,105.0095728,
5586.65,105.0329,105.074,105.0521,,,5586.65,104.9926842,105.0337842,105.0118842,
5587.6002,105.0327,105.0727,105.0518,,,5587.6002,104.9924969,105.0324969,105.0115969,
5588.5001,105.0336,105.0738,105.0529,,,5588.5001,104.9934089,105.0336089,105.0127089,
5589.3502,105.0337,105.0774,105.0569,,,5589.3502,104.9935203,105.0372203,105.0167203,
5590.2496,105.0337,105.0769,105.0569,,,5590.2496,104.9935324,105.0367324,105.0167324,
5591.15,105.0337,105.0715,105.0524,,,5591.15,104.9935444,105.0313444,105.0122444,
5592.0504,105.0345,105.0758,105.0563,,,5592.0504,104.9943565,105.0356565,105.0161565,
5592.9498,105.0348,105.0729,105.0527,,,5592.9498,104.9946686,105.0327686,105.0125686,
5593.8502,105.0353,105.0727,105.0532,,,5593.8502,104.9951806,105.0325806,105.0130806,
5594.7496,105.0348,105.0786,105.0585,,,5594.7496,104.9946927,105.0384927,105.0183927,
5595.65,105.036,105.0756,105.0553,,,5595.65,104.9959047,105.0355047,105.0152047,
5596.5504,105.0345,105.0733,105.0534,,,5596.5504,104.9944168,105.0332168,105.0133168,
5597.4498,105.0356,105.0733,105.0537,,,5597.4498,104.9955289,105.0332289,105.0136289,
5598.3502,105.0361,105.0723,105.0525,,,5598.3502,104.9960409,105.0322409,105.0124409,
5599.2496,105.0356,105.0741,105.0538,,,5599.2496,104.995553,105.034053,105.013753,
5600.15,105.0367,105.0745,105.0545,,,5600.15,104.996665,105.034465,105.014465,
5601.0504,105.0363,105.0752,105.0541,,,5601.0504,104.9962771,105.0351771,105.0140771,
5601.9498,105.0368,105.0794,105.0594,,,5601.9498,104.9967892,105.0393892,105.0193892,
5602.8502,105.0372,105.0749,105.055,,,5602.8502,104.9972012,105.0349012,105.0150012,
5603.7496,105.0376,105.0734,105.054,,,5603.7496,104.9976133,105.0334133,105.0140133,
5604.65,105.0375,105.0761,105.0546,,,5604.65,104.9975253,105.0361253,105.0146253,
5605.5504,105.0375,105.0741,105.0539,,,5605.5504,104.9975374,105.0341374,105.0139374,
5606.4498,105.0378,105.0735,105.0538,,,5606.4498,104.9978495,105.0335495,105.0138495,
5607.3502,105.038,105.0734,105.054,,,5607.3502,104.9980615,105.0334615,105.0140615,
5608.2496,105.0384,105.0735,105.0544,,,5608.2496,104.9984736,105.0335736,105.0144736,
5609.15,105.039,105.0764,105.0564,,,5609.15,104.9990856,105.0364856,105.0164856,
5610.0504,105.0402,105.0742,105.0554,,,5610.0504,105.0002977,105.0342977,105.0154977,
5610.9498,105.0404,105.0781,105.0583,,,5610.9498,105.0005098,105.0382098,105.0184098,
5611.8502,105.041,105.0746,105.0553,,,5611.8502,105.0011218,105.0347218,105.0154218,
5612.7496,105.0404,105.0754,105.0559,,,5612.7496,105.0005339,105.0355339,105.0160339,
5613.65,105.0412,105.0761,105.0565,,,5613.65,105.0013459,105.0362459,105.0166459,
5614.5504,105.041,105.0769,105.057,,,5614.5504,105.001158,105.037058,105.017158,
5615.4498,105.0416,105.0756,105.0572,,,5615.4498,105.0017701,105.0357701,105.0173701,
5616.3502,105.042,105.0792,105.0604,,,5616.3502,105.0021821,105.0393821,105.0205821,
5617.2496,105.0415,105.0753,105.0571,,,5617.2496,105.0016942,105.0354942,105.0172942,
5618.15,105.0427,105.0772,105.0586,,,5618.15,105.0029062,105.0374062,105.0188062,
5619.0504,105.0437,105.0781,105.0595,,,5619.0504,105.0039183,105.0383183,105.0197183,
5619.9498,105.0441,105.08,105.0622,,,5619.9498,105.0043304,105.0402304,105.0224304,
5620.8502,105.0443,105.0788,105.0629,,,5620.8502,105.0045424,105.0390424,105.0231424,
5621.7496,105.0451,105.0808,105.066,,,5621.7496,105.0053545,105.0410545,105.0262545,
5622.65,105.045,105.0793,105.0631,,,5622.65,105.0052665,105.0395665,105.0233665,
5623.5504,105.0461,105.0798,105.0647,,,5623.5504,105.0063786,105.0400786,105.0249786,
5624.4498,105.0461,105.0776,105.0612,,,5624.4498,105.0063907,105.0378907,105.0214907,
5625.3502,105.0461,105.078,105.0629,,,5625.3502,105.0064027,105.0383027,105.0232027,
5626.2496,105.0463,105.0768,105.0606,,,5626.2496,105.0066148,105.0371148,105.0209148,
5627.15,105.0457,105.0765,105.0612,,,5627.15,105.0060268,105.0368268,105.0215268,
5628.0504,105.0473,105.0749,105.0604,,,5628.0504,105.0076389,105.0352389,105.0207389,
5628.9498,105.0486,105.075,105.0604,,,5628.9498,105.008951,105.035351,105.020751,
5629.8502,105.0475,105.0757,105.0612,,,5629.8502,105.007863,105.036063,105.021563,
5630.7496,105.0485,105.0768,105.063,,,5630.7496,105.0088751,105.0371751,105.0233751,
5631.65,105.0486,105.0764,105.0626,,,5631.65,105.0089871,105.0367871,105.0229871,
5632.5504,105.0494,105.0776,105.065,,,5632.5504,105.0097992,105.0379992,105.0253992,
5633.4498,105.0497,105.0764,105.0633,,,5633.4498,105.0101113,105.0368113,105.0237113,
5634.3502,105.0493,105.0757,105.061,,,5634.3502,105.0097233,105.0361233,105.0214233,
5635.2496,105.0477,105.0788,105.0664,,,5635.2496,105.0081354,105.0392354,105.0268354,
5636.15,105.0491,105.0752,105.061,,,5636.15,105.0095474,105.0356474,105.0214474,
5637.0504,105.0498,105.075,105.0618,,,5637.0504,105.0102595,105.0354595,105.0222595,
5637.9498,105.049,105.0757,105.0624,,,5637.9498,105.0094716,105.0361716,105.0228716,
5638.8502,105.05,105.0752,105.0621,,,5638.8502,105.0104836,105.0356836,105.0225836,
5639.7496,105.0491,105.0748,105.0621,,,5639.7496,105.0095957,105.0352957,105.0225957,
5640.65,105.0498,105.076,105.063,,,5640.65,105.0103077,105.0365077,105.0235077,
5641.5504,105.0498,105.0748,105.0621,,,5641.5504,105.0103198,105.0353198,105.0226198,
5642.4498,105.0501,105.0745,105.0625,,,5642.4498,105.0106319,105.0350319,105.0230319,
5643.3502,105.0501,105.075,105.0627,,,5643.3502,105.0106439,105.0355439,105.0232439,
5644.2496,105.0505,105.076,105.065,,,5644.2496,105.011056,105.036556,105.025556,
5645.15,105.0501,105.0752,105.0631,,,5645.15,105.010668,105.035768,105.023668,
5646.0001,105.051,105.0752,105.0631,,,5646.0001,105.0115794,105.0357794,105.0236794,
5646.8502,105.0504,105.0748,105.0626,,,5646.8502,105.0109908,105.0353908,105.0231908,
5647.7496,105.0506,105.0753,105.0633,,,5647.7496,105.0112029,105.0359029,105.0239029,
5648.65,105.0505,105.076,105.0638,,,5648.65,105.0111149,105.0366149,105.0244149,
5649.5504,105.0514,105.0754,105.0635,,,5649.5504,105.012027,105.036027,105.024127,
5650.4498,105.0506,105.0764,105.0636,,,5650.4498,105.011239,105.037039,105.024239,
5651.3502,105.0508,105.0768,105.0642,,,5651.3502,105.0114511,105.0374511,105.0248511,
5652.2496,105.0516,105.0757,105.0628,,,5652.2496,105.0122632,105.0363632,105.0234632,
5653.15,105.0518,105.0761,105.0641,,,5653.15,105.0124752,105.0367752,105.0247752,
5654.0504,105.0521,105.076,105.0633,,,5654.0504,105.0127873,105.0366873,105.0239873,
5654.9498,105.0517,105.076,105.0637,,,5654.9498,105.0123993,105.0366993,105.0243993,
5655.8502,105.0516,105.0762,105.0647,,,5655.8502,105.0123114,105.0369114,105.0254114,
5656.7496,105.0524,105.076,105.064,,,5656.7496,105.0131235,105.0367235,105.0247235,
5657.65,105.0521,105.0761,105.0634,,,5657.65,105.0128355,105.0368355,105.0241355,
5658.5504,105.0525,105.0754,105.0633,,,5658.5504,105.0132476,105.0361476,105.0240476,
5659.4498,105.0522,105.076,105.0636,,,5659.4498,105.0129596,105.0367596,105.0243596,
5660.3502,105.0521,105.0766,105.0645,,,5660.3502,105.0128717,105.0373717,105.0252717,
5661.2496,105.0521,105.077,105.0648,,,5661.2496,105.0128838,105.0377838,105.0255838,
5662.15,105.0516,105.0766,105.0639,,,5662.15,105.0123958,105.0373958,105.0246958,
5663.0504,105.052,105.0765,105.0641,,,5663.0504,105.0128079,105.0373079,105.0249079,
5663.9498,105.052,105.0765,105.0638,,,5663.9498,105.0128199,105.0373199,105.0246199,
5664.8502,105.0517,105.077,105.0647,,,5664.8502,105.012532,105.037832,105.025532,
5665.7496,105.0517,105.077,105.0643,,,5665.7496,105.0125441,105.0378441,105.0251441,
5666.65,105.0516,105.0773,105.0651,,,5666.65,105.0124561,105.0381561,105.0259561,
5667.5504,105.0512,105.0769,105.0639,,,5667.5504,105.0120682,105.0377682,105.0247682,
5668.4498,105.0508,105.0768,105.0637,,,5668.4498,105.0116802,105.0376802,105.0245802,
5669.3502,105.0516,105.076,105.0625,,,5669.3502,105.0124923,105.0368923,105.0233923,
5670.2496,105.051,105.0758,105.0627,,,5670.2496,105.0119044,105.0367044,105.0236044,
5671.15,105.0513,105.0762,105.0624,,,5671.15,105.0122164,105.0371164,105.0233164,
5672.0504,105.0512,105.0782,105.0666,,,5672.0504,105.0121285,105.0391285,105.0275285,
5672.9498,105.0513,105.079,105.0669,,,5672.9498,105.0122405,105.0399405,105.0278405,
5673.8502,105.0513,105.0797,105.0679,,,5673.8502,105.0122526,105.0406526,105.0288526,
5674.7496,105.0508,105.0788,105.0657,,,5674.7496,105.0117647,105.0397647,105.0266647,
5675.65,105.0508,105.0805,105.0689,,,5675.65,105.0117767,105.0414767,105.0298767,
5676.5504,105.0497,105.08,105.066,,,5676.5504,105.0106888,105.0409888,105.0269888,
5677.4,105.0509,105.0812,105.0677,,,5677.4,105.0119002,105.0422002,105.0287002,
5678.2999,105.0502,105.0792,105.0661,,,5678.2999,105.0112122,105.0402122,105.0271122,
5679.1998,105.05,105.0772,105.0636,,,5679.1998,105.0110243,105.0382243,105.0246243,
5680.1002,105.0498,105.078,105.0631,,,5680.1002,105.0108364,105.0390364,105.0241364,
5681.0001,105.0502,105.0782,105.0642,,,5681.0001,105.0112484,105.0392484,105.0252484,
5681.9,105.0496,105.0776,105.0634,,,5681.9,105.0106605,105.0386605,105.0244605,
5682.7999,105.0498,105.0777,105.0634,,,5682.7999,105.0108725,105.0387725,105.0244725,
5683.65,105.0494,105.0784,105.064,,,5683.65,105.0104839,105.0394839,105.0250839,
5684.5504,105.0493,105.0789,105.0641,,,5684.5504,105.010396,105.039996,105.025196,
5685.4498,105.049,105.0792,105.0639,,,5685.4498,105.010108,105.040308,105.025008,
5686.3502,105.049,105.0792,105.0641,,,5686.3502,105.0101201,105.0403201,105.0252201,
5687.2496,105.0496,105.08,105.0643,,,5687.2496,105.0107322,105.0411322,105.0254322,
5688.15,105.0501,105.0801,105.0647,,,5688.15,105.0112442,105.0412442,105.0258442,
5689.0504,105.0504,105.0804,105.0649,,,5689.0504,105.0115563,105.0415563,105.0260563,
5689.9498,105.0497,105.0809,105.0652,,,5689.9498,105.0108683,105.0420683,105.0263683,
5690.8502,105.0501,105.082,105.066,,,5690.8502,105.0112804,105.0431804,105.0271804,
5691.7496,105.0506,105.0824,105.0665,,,5691.7496,105.0117925,105.0435925,105.0276925,
5692.65,105.0505,105.0831,105.0667,,,5692.65,105.0117045,105.0443045,105.0279045,
5693.5504,105.0509,105.0839,105.0675,,,5693.5504,105.0121166,105.0451166,105.0287166,
5694.4498,105.0516,105.0836,105.0676,,,5694.4498,105.0128286,105.0448286,105.0288286,
5695.3502,105.0518,105.0845,105.0681,,,5695.3502,105.0130407,105.0457407,105.0293407,
5696.2496,105.0522,105.0852,105.0693,,,5696.2496,105.0134528,105.0464528,105.0305528,
5697.15,105.0537,105.086,105.07,,,5697.15,105.0149648,105.0472648,105.0312648,
5698.0504,105.0537,105.0866,105.0703,,,5698.0504,105.0149769,105.0478769,105.0315769,
5698.9498,105.0542,105.0874,105.0716,,,5698.9498,105.0154889,105.0486889,105.0328889,
5699.8502,105.0549,105.0878,105.0719,,,5699.8502,105.016201,105.049101,105.033201,
5700.7496,105.0561,105.0891,105.0731,,,5700.7496,105.0174131,105.0504131,105.0344131,
5701.65,105.0565,105.0892,105.0738,,,5701.65,105.0178251,105.0505251,105.0351251,
5702.5504,105.0584,105.0903,105.0744,,,5702.5504,105.0197372,105.0516372,105.0357372,
5703.4498,105.0587,105.0908,105.0755,,,5703.4498,105.0200492,105.0521492,105.0368492,
5704.3502,105.0596,105.0922,105.0766,,,5704.3502,105.0209613,105.0535613,105.0379613,
5705.2496,105.0605,105.0925,105.0766,,,5705.2496,105.0218734,105.0538734,105.0379734,
5706.15,105.0615,105.0941,105.0781,,,5706.15,105.0228854,105.0554854,105.0394854,
5707.0504,105.0608,105.0946,105.0776,,,5707.0504,105.0221975,105.0559975,105.0389975,
5708.0001,105.0551,105.0895,105.0718,,,5708.0001,105.0165102,105.0509102,105.0332102,
5708.9498,105.0607,105.0962,105.0798,,,5708.9498,105.0221229,105.0576229,105.0412229,
5709.8502,105.0567,105.0959,105.0762,,,5709.8502,105.018135,105.057335,105.037635,
5710.7496,105.0648,105.0985,105.0814,,,5710.7496,105.026247,105.059947,105.042847,
5711.65,105.0663,105.1004,105.083,,,5711.65,105.0277591,105.0618591,105.0444591,
5712.5504,105.0655,105.1012,105.0833,,,5712.5504,105.0269712,105.0626712,105.0447712,
5713.4498,105.065,105.1021,105.084,,,5713.4498,105.0264832,105.0635832,105.0454832,
5714.3502,105.0656,105.1029,105.0845,,,5714.3502,105.0270953,105.0643953,105.0459953,
5715.2496,105.0685,105.1037,105.0856,,,5715.2496,105.0300073,105.0652073,105.0471073,
5716.15,105.066,105.1032,105.0834,,,5716.15,105.0275194,105.0647194,105.0449194,
5717.0504,105.0698,105.1048,105.0863,,,5717.0504,105.0313315,105.0663315,105.0478315,
5717.9498,105.0709,105.1056,105.0864,,,5717.9498,105.0324435,105.0671435,105.0479435,
5718.8502,105.0705,105.1061,105.0866,,,5718.8502,105.0320556,105.0676556,105.0481556,
5719.7496,105.0711,105.1076,105.0892,,,5719.7496,105.0326676,105.0691676,105.0507676,
5720.65,105.0701,105.1068,105.0867,,,5720.65,105.0316797,105.0683797,105.0482797,
5721.5504,105.0707,105.1076,105.0876,,,5721.5504,105.0322918,105.0691918,105.0491918,
5722.4498,105.0707,105.1073,105.0868,,,5722.4498,105.0323038,105.0689038,105.0484038,
5723.3502,105.0702,105.108,105.0873,,,5723.3502,105.0318159,105.0696159,105.0489159,
5724.2496,105.0703,105.1081,105.087,,,5724.2496,105.0319279,105.0697279,105.0486279,
5725.15,105.0703,105.1081,105.0871,,,5725.15,105.03194,105.06974,105.04874,
5726.1002,105.0626,105.1025,105.081,,,5726.1002,105.0242527,105.0641527,105.0426527,
5727.0504,105.0701,105.1076,105.0878,,,5727.0504,105.0317655,105.0692655,105.0494655,
5727.9498,105.069,105.108,105.0868,,,5727.9498,105.0306775,105.0696775,105.0484775,
5728.8502,105.0689,105.1092,105.0902,,,5728.8502,105.0305896,105.0708896,105.0518896,
5729.7496,105.0674,105.1077,105.0863,,,5729.7496,105.0291016,105.0694016,105.0480016,
5730.65,105.0668,105.1075,105.0858,,,5730.65,105.0285137,105.0692137,105.0475137,
5731.5504,105.0658,105.1061,105.084,,,5731.5504,105.0275258,105.0678258,105.0457258,
5732.4498,105.0659,105.1072,105.0851,,,5732.4498,105.0276378,105.0689378,105.0468378,
5733.3502,105.065,105.106,105.0835,,,5733.3502,105.0267499,105.0677499,105.0452499,
5734.2496,105.0634,105.1069,105.0846,,,5734.2496,105.0251619,105.0686619,105.0463619,
5735.15,105.063,105.1059,105.083,,,5735.15,105.024774,105.067674,105.044774,
5736.0504,105.0628,105.1052,105.0828,,,5736.0504,105.0245861,105.0669861,105.0445861,
5736.9498,105.0619,105.1041,105.082,,,5736.9498,105.0236981,105.0658981,105.0437981,
5737.8502,105.0623,105.1048,105.0835,,,5737.8502,105.0241102,105.0666102,105.0453102,
5738.7496,105.0611,105.1042,105.0809,,,5738.7496,105.0229222,105.0660222,105.0427222,
5739.65,105.0608,105.1049,105.0827,,,5739.65,105.0226343,105.0667343,105.0445343,
5740.5504,105.0603,105.105,105.0812,,,5740.5504,105.0221464,105.0668464,105.0430464,
5741.4498,105.0601,105.1047,105.0813,,,5741.4498,105.0219584,105.0665584,105.0431584,
5742.3502,105.0584,105.1065,105.0829,,,5742.3502,105.0202705,105.0683705,105.0447705,
5743.2496,105.0591,105.1049,105.0796,,,5743.2496,105.0209825,105.0667825,105.0414825,
5744.15,105.0585,105.1033,105.0786,,,5744.15,105.0203946,105.0651946,105.0404946,
5745.0504,105.0577,105.1055,105.0797,,,5745.0504,105.0196067,105.0674067,105.0416067,
5745.9498,105.058,105.1047,105.0789,,,5745.9498,105.0199187,105.0666187,105.0408187,
5746.8502,105.0569,105.1049,105.079,,,5746.8502,105.0188308,105.0668308,105.0409308,
5747.7496,105.0569,105.104,105.0775,,,5747.7496,105.0188428,105.0659428,105.0394428,
5748.65,105.0561,105.1044,105.078,,,5748.65,105.0180549,105.0663549,105.0399549,
5749.5504,105.056,105.1036,105.0773,,,5749.5504,105.017967,105.065567,105.039267,
5750.4498,105.0551,105.104,105.0776,,,5750.4498,105.017079,105.065979,105.039579,
5751.3502,105.0545,105.1048,105.0766,,,5751.3502,105.0164911,105.0667911,105.0385911,
5752.2496,105.0544,105.1055,105.0772,,,5752.2496,105.0164031,105.0675031,105.0392031,
5753.15,105.0537,105.106,105.0767,,,5753.15,105.0157152,105.0680152,105.0387152,
5754.0504,105.0534,105.1053,105.0771,,,5754.0504,105.0154273,105.0673273,105.0391273,
5754.9498,105.0538,105.1042,105.0761,,,5754.9498,105.0158393,105.0662393,105.0381393,
5755.8502,105.0536,105.1057,105.076,,,5755.8502,105.0156514,105.0677514,105.0380514,
5756.7496,105.0529,105.1047,105.0751,,,5756.7496,105.0149634,105.0667634,105.0371634,
5757.65,105.0525,105.1057,105.0758,,,5757.65,105.0145755,105.0677755,105.0378755,
5758.5504,105.0513,105.105,105.0753,,,5758.5504,105.0133876,105.0670876,105.0373876,
5759.4498,105.0521,105.1047,105.0749,,,5759.4498,105.0141996,105.0667996,105.0369996,
5760.3502,105.0518,105.1055,105.0753,,,5760.3502,105.0139117,105.0676117,105.0374117,
5761.2496,105.0521,105.1067,105.0754,,,5761.2496,105.0142237,105.0688237,105.0375237,
5762.15,105.0513,105.1068,105.0755,,,5762.15,105.0134358,105.0689358,105.0376358,
5763.0504,105.0517,105.1071,105.077,,,5763.0504,105.0138479,105.0692479,105.0391479,
5763.9498,105.0514,105.1068,105.076,,,5763.9498,105.0135599,105.0689599,105.0381599,
5764.8502,105.0509,105.1065,105.076,,,5764.8502,105.013072,105.068672,105.038172,
5765.7496,105.0505,105.1072,105.0757,,,5765.7496,105.012684,105.069384,105.037884,
5766.65,105.0498,105.1072,105.0759,,,5766.65,105.0119961,105.0693961,105.0380961,
5767.5504,105.0504,105.1065,105.0756,,,5767.5504,105.0126082,105.0687082,105.0378082,
5768.4498,105.0509,105.1068,105.0757,,,5768.4498,105.0131202,105.0690202,105.0379202,
5769.3502,105.0505,105.1079,105.0767,,,5769.3502,105.0127323,105.0701323,105.0389323,
5770.2496,105.0501,105.1088,105.0765,,,5770.2496,105.0123443,105.0710443,105.0387443,
5771.15,105.0498,105.1081,105.0763,,,5771.15,105.0120564,105.0703564,105.0385564,
5772.0504,105.0486,105.108,105.0764,,,5772.0504,105.0108685,105.0702685,105.0386685,
5772.9498,105.0485,105.1085,105.0763,,,5772.9498,105.0107805,105.0707805,105.0385805,
5773.8502,105.049,105.1089,105.0765,,,5773.8502,105.0112926,105.0711926,105.0387926,
5774.7496,105.0486,105.1091,105.0763,,,5774.7496,105.0109046,105.0714046,105.0386046,
5775.65,105.0483,105.1093,105.0763,,,5775.65,105.0106167,105.0716167,105.0386167,
5776.5504,105.0489,105.1099,105.0766,,,5776.5504,105.0112288,105.0722288,105.0389288,
5777.4498,105.0494,105.1105,105.0768,,,5777.4498,105.0117408,105.0728408,105.0391408,
5778.3502,105.0488,105.1105,105.0769,,,5778.3502,105.0111529,105.0728529,105.0392529,
5779.2496,105.0483,105.1107,105.078,,,5779.2496,105.0106649,105.0730649,105.0403649,
5780.15,105.0493,105.1126,105.0783,,,5780.15,105.011677,105.074977,105.040677,
5781.0504,105.0494,105.1116,105.078,,,5781.0504,105.0117891,105.0739891,105.0403891,
5781.9498,105.0493,105.1154,105.0799,,,5781.9498,105.0117011,105.0778011,105.0423011,
5782.8502,105.0498,105.1162,105.0797,,,5782.8502,105.0122132,105.0786132,105.0421132,
5783.7496,105.0486,105.1135,105.0772,,,5783.7496,105.0110252,105.0759252,105.0396252,
5784.65,105.0488,105.117,105.08,,,5784.65,105.0112373,105.0794373,105.0424373,
5785.5504,105.0482,105.1148,105.0789,,,5785.5504,105.0106494,105.0772494,105.0413494,
5786.4498,105.0489,105.1164,105.0793,,,5786.4498,105.0113614,105.0788614,105.0417614,
5787.3502,105.0488,105.1142,105.0773,,,5787.3502,105.0112735,105.0766735,105.0397735,
5788.2496,105.0491,105.1159,105.0797,,,5788.2496,105.0115855,105.0783855,105.0421855,
5789.15,105.0489,105.1134,105.0774,,,5789.15,105.0113976,105.0758976,105.0398976,
5790.0504,105.0483,105.1172,105.0796,,,5790.0504,105.0108097,105.0797097,105.0421097,
5790.9498,105.0486,105.1148,105.0775,,,5790.9498,105.0111217,105.0773217,105.0400217,
5791.8502,105.0489,105.1181,105.0791,,,5791.8502,105.0114338,105.0806338,105.0416338,
5792.7496,105.0483,105.1155,105.0778,,,5792.7496,105.0108458,105.0780458,105.0403458,
5793.65,105.0489,105.1172,105.0798,,,5793.65,105.0114579,105.0797579,105.0423579,
5794.5504,105.0485,105.115,105.0775,,,5794.5504,105.01107,105.07757,105.04007,
5795.4498,105.0482,105.1178,105.0791,,,5795.4498,105.010782,105.080382,105.041682,
5796.3502,105.0485,105.1166,105.0783,,,5796.3502,105.0110941,105.0791941,105.0408941,
5797.2496,105.0486,105.1175,105.0789,,,5797.2496,105.0112061,105.0801061,105.0415061,
5798.15,105.0486,105.1171,105.0784,,,5798.15,105.0112182,105.0797182,105.0410182,
5799.0504,105.0477,105.1201,105.0804,,,5799.0504,105.0103303,105.0827303,105.0430303,
5799.9498,105.0481,105.1167,105.0779,,,5799.9498,105.0107423,105.0793423,105.0405423,
5800.8502,105.0488,105.1198,105.0798,,,5800.8502,105.0114544,105.0824544,105.0424544,
5801.7496,105.0483,105.1185,105.0797,,,5801.7496,105.0109664,105.0811664,105.0423664,
5802.65,105.049,105.1198,105.0801,,,5802.65,105.0116785,105.0824785,105.0427785,
5803.5504,105.0493,105.1203,105.0811,,,5803.5504,105.0119906,105.0829906,105.0437906,
5804.4498,105.0493,105.1202,105.0807,,,5804.4498,105.0120026,105.0829026,105.0434026,
5805.3502,105.0497,105.119,105.0799,,,5805.3502,105.0124147,105.0817147,105.0426147,
5806.1998,105.051,105.1215,105.0816,,,5806.1998,105.0137261,105.0842261,105.0443261,
5807.1002,105.0506,105.1195,105.0807,,,5807.1002,105.0133381,105.0822381,105.0434381,
5808.0504,105.0501,105.124,105.0822,,,5808.0504,105.0128508,105.0867508,105.0449508,
5808.9498,105.051,105.1219,105.0819,,,5808.9498,105.0137629,105.0846629,105.0446629,
5809.8502,105.0513,105.1231,105.0833,,,5809.8502,105.014075,105.085875,105.046075,
5810.7496,105.0513,105.123,105.083,,,5810.7496,105.014087,105.085787,105.045787,
5811.65,105.052,105.125,105.0844,,,5811.65,105.0147991,105.0877991,105.0471991,
5812.5001,105.0517,105.1223,105.0828,,,5812.5001,105.0145105,105.0851105,105.0456105,
5813.4,105.0518,105.1249,105.0845,,,5813.4,105.0146225,105.0877225,105.0473225,
5814.2999,105.0518,105.1261,105.0843,,,5814.2999,105.0146346,105.0889346,105.0471346,
5815.1998,105.0514,105.1276,105.0855,,,5815.1998,105.0142466,105.0904466,105.0483466,
5816.1002,105.0524,105.1307,105.087,,,5816.1002,105.0152587,105.0935587,105.0498587,
5816.9498,105.0521,105.1284,105.0863,,,5816.9498,105.0149701,105.0912701,105.0491701,
5817.8502,105.0517,105.1272,105.0845,,,5817.8502,105.0145822,105.0900822,105.0473822,
5818.7496,105.0521,105.1286,105.0861,,,5818.7496,105.0149942,105.0914942,105.0489942,
5819.65,105.0524,105.1274,105.0852,,,5819.65,105.0153063,105.0903063,105.0481063,
5820.5504,105.0518,105.1269,105.0847,,,5820.5504,105.0147183,105.0898183,105.0476183,
5821.4498,105.0522,105.1292,105.0857,,,5821.4498,105.0151304,105.0921304,105.0486304,
5822.3502,105.0526,105.1291,105.0857,,,5822.3502,105.0155425,105.0920425,105.0486425,
5823.2496,105.0529,105.1304,105.0856,,,5823.2496,105.0158545,105.0933545,105.0485545,
5824.15,105.0529,105.1303,105.0853,,,5824.15,105.0158666,105.0932666,105.0482666,
5825.0504,105.0526,105.1294,105.0851,,,5825.0504,105.0155786,105.0923786,105.0480786,
5825.9498,105.0526,105.1303,105.0853,,,5825.9498,105.0155907,105.0932907,105.0482907,
5826.8502,105.0525,105.1313,105.0859,,,5826.8502,105.0155028,105.0943028,105.0489028,
5827.7496,105.0524,105.1321,105.0856,,,5827.7496,105.0154148,105.0951148,105.0486148,
5828.65,105.053,105.1357,105.0877,,,5828.65,105.0160269,105.0987269,105.0507269,
5829.5504,105.0518,105.1327,105.0852,,,5829.5504,105.0148389,105.0957389,105.0482389,
5830.4498,105.0521,105.134,105.0862,,,5830.4498,105.015151,105.097051,105.049251,
5831.3502,105.0525,105.1317,105.0852,,,5831.3502,105.0155631,105.0947631,105.0482631,
5832.2496,105.0528,105.134,105.0854,,,5832.2496,105.0158751,105.0970751,105.0484751,
5833.15,105.0512,105.1329,105.0851,,,5833.15,105.0142872,105.0959872,105.0481872,
5834.0504,105.0512,105.1347,105.0857,,,5834.0504,105.0142992,105.0977992,105.0487992,
5834.9498,105.0512,105.1332,105.0847,,,5834.9498,105.0143113,105.0963113,105.0478113,
5835.8502,105.0509,105.1362,105.0866,,,5835.8502,105.0140234,105.0993234,105.0497234,
5836.7496,105.0516,105.1349,105.087,,,5836.7496,105.0147354,105.0980354,105.0501354,
5837.65,105.0514,105.1378,105.087,,,5837.65,105.0145475,105.1009475,105.0501475,
5838.5504,105.0512,105.138,105.0867,,,5838.5504,105.0143595,105.1011595,105.0498595,
5839.4498,105.0509,105.136,105.086,,,5839.4498,105.0140716,105.0991716,105.0491716,
5840.3502,105.0506,105.1362,105.0859,,,5840.3502,105.0137837,105.0993837,105.0490837,
5841.1998,105.0506,105.1386,105.0863,,,5841.1998,105.013795,105.101795,105.049495,
5842.1002,105.05,105.1372,105.0856,,,5842.1002,105.0132071,105.1004071,105.0488071,
5843.0001,105.0496,105.1383,105.0852,,,5843.0001,105.0128192,105.1015192,105.0484192,
5843.8502,105.049,105.1431,105.0913,,,5843.8502,105.0122306,105.1063306,105.0545306,
5844.7496,105.0494,105.143,105.0876,,,5844.7496,105.0126426,105.1062426,105.0508426,
5845.65,105.0488,105.1404,105.0869,,,5845.65,105.0120547,105.1036547,105.0501547,
5846.5504,105.0488,105.1408,105.0867,,,5846.5504,105.0120667,105.1040667,105.0499667,
5847.4498,105.0482,105.1435,105.0868,,,5847.4498,105.0114788,105.1067788,105.0500788,
5848.3502,105.0482,105.1416,105.0859,,,5848.3502,105.0114909,105.1048909,105.0491909,
5849.2496,105.0475,105.1446,105.0879,,,5849.2496,105.0108029,105.1079029,105.0512029,
5850.15,105.0461,105.1431,105.0868,,,5850.15,105.009415,105.106415,105.050115,
5851.0504,105.0478,105.1447,105.0866,,,5851.0504,105.011127,105.108027,105.049927,
5851.9498,105.0461,105.1431,105.085,,,5851.9498,105.0094391,105.1064391,105.0483391,
5852.8502,105.045,105.1443,105.085,,,5852.8502,105.0083512,105.1076512,105.0483512,
5853.7496,105.0457,105.1451,105.0866,,,5853.7496,105.0090632,105.1084632,105.0499632,
5854.65,105.0455,105.1449,105.0858,,,5854.65,105.0088753,105.1082753,105.0491753,
5855.5001,105.0457,105.1446,105.0857,,,5855.5001,105.0090867,105.1079867,105.0490867,
5856.3502,105.0451,105.1445,105.0846,,,5856.3502,105.0084981,105.1078981,105.0479981,
5857.2496,105.0442,105.1449,105.0855,,,5857.2496,105.0076101,105.1083101,105.0489101,
5858.15,105.0438,105.1443,105.0843,,,5858.15,105.0072222,105.1077222,105.0477222,
5859.0504,105.0441,105.1445,105.0844,,,5859.0504,105.0075342,105.1079342,105.0478342,
5859.9498,105.0439,105.1451,105.0843,,,5859.9498,105.0073463,105.1085463,105.0477463,
5860.8502,105.0433,105.1433,105.0836,,,5860.8502,105.0067584,105.1067584,105.0470584,
5861.7496,105.0426,105.1439,105.0836,,,5861.7496,105.0060704,105.1073704,105.0470704,
5862.65,105.0419,105.145,105.0843,,,5862.65,105.0053825,105.1084825,105.0477825,
5863.5504,105.0411,105.1443,105.0827,,,5863.5504,105.0045945,105.1077945,105.0461945,
5864.4498,105.0414,105.1451,105.0824,,,5864.4498,105.0049066,105.1086066,105.0459066,
5865.3502,105.0416,105.1453,105.0832,,,5865.3502,105.0051187,105.1088187,105.0467187,
5866.2496,105.0406,105.1438,105.0821,,,5866.2496,105.0041307,105.1073307,105.0456307,
5867.15,105.041,105.1451,105.0818,,,5867.15,105.0045428,105.1086428,105.0453428,
5868.0504,105.0387,105.1451,105.082,,,5868.0504,105.0022548,105.1086548,105.0455548,
5868.9498,105.0399,105.1447,105.0822,,,5868.9498,105.0034669,105.1082669,105.0457669,
5869.7999,105.0398,105.1451,105.0836,,,5869.7999,105.0033783,105.1086783,105.0471783,
5870.65,105.0395,105.1454,105.0827,,,5870.65,105.0030897,105.1089897,105.0462897,
5871.5504,105.0391,105.1438,105.083,,,5871.5504,105.0027017,105.1074017,105.0466017,
5872.4498,105.0383,105.1446,105.0814,,,5872.4498,105.0019138,105.1082138,105.0450138,
5873.3502,105.0367,105.1447,105.0827,,,5873.3502,105.0003258,105.1083258,105.0463258,
5874.2496,105.0359,105.1454,105.0813,,,5874.2496,104.9995379,105.1090379,105.0449379,
5875.15,105.0368,105.1453,105.0811,,,5875.15,105.00045,105.10895,105.04475,
5876.0504,105.0367,105.1446,105.0799,,,5876.0504,105.000362,105.108262,105.043562,
5876.9498,105.0364,105.1433,105.0801,,,5876.9498,105.0000741,105.1069741,105.0437741,
5877.8502,105.0353,105.145,105.0798,,,5877.8502,104.9989861,105.1086861,105.0434861,
5878.7496,105.0361,105.1435,105.0794,,,5878.7496,104.9997982,105.1071982,105.0430982,
5879.65,105.0355,105.1439,105.0791,,,5879.65,104.9992103,105.1076103,105.0428103,
5880.5504,105.0336,105.1446,105.0791,,,5880.5504,104.9973223,105.1083223,105.0428223,
5881.4498,105.0347,105.1445,105.0789,,,5881.4498,104.9984344,105.1082344,105.0426344,
5882.3502,105.0339,105.1445,105.0789,,,5882.3502,104.9976464,105.1082464,105.0426464,
5883.2496,105.0327,105.1425,105.0781,,,5883.2496,104.9964585,105.1062585,105.0418585,
5884.15,105.032,105.1431,105.078,,,5884.15,104.9957706,105.1068706,105.0417706,
5885.0504,105.0329,105.1438,105.0779,,,5885.0504,104.9966826,105.1075826,105.0416826,
5885.9,105.0329,105.1426,105.0775,,,5885.9,104.996694,105.106394,105.041294,
5886.7496,105.0325,105.1442,105.0779,,,5886.7496,104.9963054,105.1080054,105.0417054,
5887.65,105.0324,105.143,105.0774,,,5887.65,104.9962175,105.1068175,105.0412175,
5888.5504,105.0312,105.1435,105.0772,,,5888.5504,104.9950295,105.1073295,105.0410295,
5889.4498,105.0324,105.1423,105.077,,,5889.4498,104.9962416,105.1061416,105.0408416,
5890.3502,105.0319,105.1414,105.0769,,,5890.3502,104.9957536,105.1052536,105.0407536,
5891.2496,105.0328,105.1412,105.0768,,,5891.2496,104.9966657,105.1050657,105.0406657,
5892.15,105.0312,105.1415,105.0769,,,5892.15,104.9950778,105.1053778,105.0407778,
5893.0504,105.0304,105.1419,105.0768,,,5893.0504,104.9942898,105.1057898,105.0406898,
5893.9498,105.0312,105.1411,105.0767,,,5893.9498,104.9951019,105.1050019,105.0406019,
5894.8502,105.0309,105.1419,105.077,,,5894.8502,104.9948139,105.1058139,105.0409139,
5895.6998,105.0309,105.1419,105.077,,,5895.6998,104.9948253,105.1058253,105.0409253,
5896.5504,105.0312,105.1412,105.0769,,,5896.5504,104.9951367,105.1051367,105.0408367,
5897.4498,105.0312,105.1412,105.0772,,,5897.4498,104.9951488,105.1051488,105.0411488,
5898.3502,105.0313,105.1425,105.0773,,,5898.3502,104.9952608,105.1064608,105.0412608,
5899.2496,105.0309,105.1411,105.0776,,,5899.2496,104.9948729,105.1050729,105.0415729,
5900.15,105.032,105.1422,105.0776,,,5900.15,104.995985,105.106185,105.041585,
5901.0504,105.0315,105.1414,105.0777,,,5901.0504,104.995497,105.105397,105.041697,
5901.9498,105.0316,105.1416,105.0779,,,5901.9498,104.9956091,105.1056091,105.0419091,
5902.8502,105.0313,105.1429,105.0781,,,5902.8502,104.9953211,105.1069211,105.0421211,
5903.7496,105.0315,105.1422,105.078,,,5903.7496,104.9955332,105.1062332,105.0420332,
5904.65,105.0319,105.1425,105.0784,,,5904.65,104.9959453,105.1065453,105.0424453,
5905.5504,105.0316,105.1422,105.0784,,,5905.5504,104.9956573,105.1062573,105.0424573,
5906.4498,105.0304,105.1426,105.0782,,,5906.4498,104.9944694,105.1066694,105.0422694,
5907.3502,105.0316,105.1431,105.0785,,,5907.3502,104.9956814,105.1071814,105.0425814,
5908.1998,105.0308,105.1423,105.0787,,,5908.1998,104.9948928,105.1063928,105.0427928,
5909.0504,105.0307,105.1426,105.0785,,,5909.0504,104.9948042,105.1067042,105.0426042,
5909.9498,105.0305,105.143,105.0785,,,5909.9498,104.9946163,105.1071163,105.0426163,
5910.8502,105.0309,105.1425,105.0786,,,5910.8502,104.9950283,105.1066283,105.0427283,
5911.7496,105.0303,105.1429,105.0785,,,5911.7496,104.9944404,105.1070404,105.0426404,
5912.65,105.0292,105.1429,105.0784,,,5912.65,104.9933525,105.1070525,105.0425525,
5913.5504,105.0289,105.1426,105.0782,,,5913.5504,104.9930645,105.1067645,105.0423645,
5914.4498,105.029,105.1471,105.079,,,5914.4498,104.9931766,105.1112766,105.0431766,
5915.3502,105.0278,105.143,105.0775,,,5915.3502,104.9919886,105.1071886,105.0416886,
5916.2496,105.0264,105.1431,105.0768,,,5916.2496,104.9906007,105.1073007,105.0410007,
5917.15,105.0254,105.1425,105.076,,,5917.15,104.9896128,105.1067128,105.0402128,
5918.0504,105.0234,105.1431,105.0752,,,5918.0504,104.9876248,105.1073248,105.0394248,
5918.9,105.0164,105.1425,105.0737,,,5918.9,104.9806362,105.1067362,105.0379362,
5919.7496,105.0116,105.1421,105.0726,,,5919.7496,104.9758476,105.1063476,105.0368476,
5920.65,105.0095,105.1415,105.0715,,,5920.65,104.9737597,105.1057597,105.0357597,
5921.5504,105.0138,105.1414,105.0705,,,5921.5504,104.9780717,105.1056717,105.0347717,
5922.4498,105.0123,105.1406,105.0693,,,5922.4498,104.9765838,105.1048838,105.0335838,
5923.3502,105.0096,105.1411,105.0674,,,5923.3502,104.9738958,105.1053958,105.0316958,
5924.2496,105.0061,105.1395,105.0653,,,5924.2496,104.9704079,105.1038079,105.0296079,
5925.15,105,105.139,105.0632,,,5925.15,104.9643199,105.1033199,105.0275199,
5926.0001,104.9969,105.1384,105.0612,,,5926.0001,104.9612313,105.1027313,105.0255313,
5926.8502,104.9947,105.1379,105.0589,,,5926.8502,104.9590427,105.1022427,105.0232427,
5927.7496,104.9899,105.1368,105.0565,,,5927.7496,104.9542548,105.1011548,105.0208548,
5928.65,104.9851,105.1375,105.0537,,,5928.65,104.9494668,105.1018668,105.0180668,
5929.5504,104.9798,105.1351,105.0507,,,5929.5504,104.9441789,105.0994789,105.0150789,
5930.4498,104.9746,105.1344,105.0477,,,5930.4498,104.938991,105.098791,105.012091,
5931.3502,104.9695,105.134,105.0447,,,5931.3502,104.933903,105.098403,105.009103,
5932.2496,104.9647,105.1319,105.0418,,,5932.2496,104.9291151,105.0963151,105.0062151,
5933.15,104.9585,105.1309,105.0388,,,5933.15,104.9229271,105.0953271,105.0032271,
5934.0504,104.9548,105.1301,105.0356,,,5934.0504,104.9192392,105.0945392,105.0000392,
5934.9498,104.9508,105.1285,105.0323,,,5934.9498,104.9152513,105.0929513,104.9967513,
5935.8502,104.9447,105.127,105.0292,,,5935.8502,104.9091633,105.0914633,104.9936633,
5936.6998,104.9411,105.1252,105.0262,,,5936.6998,104.9055747,105.0896747,104.9906747,
5937.5504,104.9371,105.1233,105.0235,,,5937.5504,104.9015861,105.0877861,104.9879861,
5938.4498,104.9349,105.1218,105.0209,,,5938.4498,104.8993982,105.0862982,104.9853982,
5939.3502,104.9335,105.1197,105.0187,,,5939.3502,104.8980102,105.0842102,104.9832102,
5940.2496,104.9333,105.117,105.0168,,,5940.2496,104.8978223,105.0815223,104.9813223,
5941.15,104.9321,105.1148,105.0153,,,5941.15,104.8966343,105.0793343,104.9798343,
5942.0504,104.9308,105.1119,105.0139,,,5942.0504,104.8953464,105.0764464,104.9784464,
5942.9498,104.9327,105.11,105.0128,,,5942.9498,104.8972585,105.0745585,104.9773585,
5943.8502,104.9329,105.1075,105.0115,,,5943.8502,104.8974705,105.0720705,104.9760705,
5944.7496,104.9335,105.1049,105.0101,,,5944.7496,104.8980826,105.0694826,104.9746826,
5945.6002,104.9336,105.1016,105.0089,,,5945.6002,104.898194,105.066194,104.973494,
5946.4498,104.9323,105.0986,105.0078,,,5946.4498,104.8969054,105.0632054,104.9724054,
5947.3502,104.9348,105.0965,105.0065,,,5947.3502,104.8994174,105.0611174,104.9711174,
5948.2496,104.9359,105.0928,105.0053,,,5948.2496,104.9005295,105.0574295,104.9699295,
5949.15,104.9359,105.0906,105.0042,,,5949.15,104.9005415,105.0552415,104.9688415,
5950.0504,104.937,105.0872,105.0031,,,5950.0504,104.9016536,105.0518536,104.9677536,
5950.9498,104.9375,105.0837,105.0019,,,5950.9498,104.9021657,105.0483657,104.9665657,
5951.8502,104.9382,105.0817,105.0006,,,5951.8502,104.9028777,105.0463777,104.9652777,
5952.7496,104.9383,105.0781,104.9996,,,5952.7496,104.9029898,105.0427898,104.9642898,
5953.65,104.9383,105.077,104.9991,,,5953.65,104.9030018,105.0417018,104.9638018,
5954.5504,104.9392,105.0741,104.9974,,,5954.5504,104.9039139,105.0388139,104.9621139,
5955.4,104.9391,105.0732,104.9968,,,5955.4,104.9038253,105.0379253,104.9615253,
5956.2999,104.9407,105.0691,104.9958,,,5956.2999,104.9054373,105.0338373,104.9605373,
5957.1998,104.9399,105.0673,104.9952,,,5957.1998,104.9046494,105.0320494,104.9599494,
5958.0504,104.9411,105.0658,104.994,,,5958.0504,104.9058608,105.0305608,104.9587608,
5958.9498,104.9419,105.0632,104.9933,,,5958.9498,104.9066729,105.0279729,104.9580729,
5959.8502,104.9426,105.062,104.9933,,,5959.8502,104.9073849,105.0267849,104.9580849,
5960.7496,104.943,105.0601,104.9927,,,5960.7496,104.907797,105.024897,104.957497,
5961.65,104.9446,105.0595,104.9928,,,5961.65,104.909409,105.024309,104.957609,
5962.5504,104.9453,105.0579,104.9927,,,5962.5504,104.9101211,105.0227211,104.9575211,
5963.4498,104.9462,105.0577,104.9928,,,5963.4498,104.9110332,105.0225332,104.9576332,
5964.3502,104.9478,105.0572,104.9932,,,5964.3502,104.9126452,105.0220452,104.9580452,
5965.2496,104.9485,105.0573,104.9936,,,5965.2496,104.9133573,105.0221573,104.9584573,
5966.15,104.9485,105.0572,104.9941,,,5966.15,104.9133693,105.0220693,104.9589693,
5967.0504,104.9509,105.0576,104.9952,,,5967.0504,104.9157814,105.0224814,104.9600814,
5967.9,104.9522,105.0572,104.9962,,,5967.9,104.9170928,105.0220928,104.9610928,
5968.7496,104.9542,105.0584,104.9973,,,5968.7496,104.9191042,105.0233042,104.9622042,
5969.65,104.9556,105.0593,104.999,,,5969.65,104.9205162,105.0242162,104.9639162,
5970.5504,104.9587,105.061,105.0006,,,5970.5504,104.9236283,105.0259283,104.9655283,
5971.4498,104.9604,105.0627,105.0025,,,5971.4498,104.9253404,105.0276404,104.9674404,
5972.3502,104.9636,105.0635,105.0047,,,5972.3502,104.9285524,105.0284524,104.9696524,
5973.2496,104.9654,105.0658,105.0071,,,5973.2496,104.9303645,105.0307645,104.9720645,
5974.15,104.969,105.0678,105.0096,,,5974.15,104.9339765,105.0327765,104.9745765,
5975.0504,104.9706,105.0697,105.012,,,5975.0504,104.9355886,105.0346886,104.9769886,
5975.9,104.9746,105.0703,105.0148,,,5975.9,104.9396,105.0353,104.9798,
5976.7496,104.9768,105.0733,105.0173,,,5976.7496,104.9418114,105.0383114,104.9823114,
5977.65,104.9807,105.0776,105.0204,,,5977.65,104.9457234,105.0426234,104.9854234,
5978.5504,104.9839,105.0798,105.0229,,,5978.5504,104.9489355,105.0448355,104.9879355,
5979.4498,104.9868,105.0811,105.0257,,,5979.4498,104.9518476,105.0461476,104.9907476,
5980.3502,104.9908,105.0829,105.0286,,,5980.3502,104.9558596,105.0479596,104.9936596,
5981.2496,104.9927,105.0859,105.0313,,,5981.2496,104.9577717,105.0509717,104.9963717,
5982.15,104.9973,105.0888,105.0341,,,5982.15,104.9623837,105.0538837,104.9991837,
5983.0504,105,105.09,105.0371,,,5983.0504,104.9650958,105.0550958,105.0021958,
5983.9498,105.0037,105.0946,105.0405,,,5983.9498,104.9688078,105.0597078,105.0056078,
5984.8502,105.0054,105.0962,105.043,,,5984.8502,104.9705199,105.0613199,105.0081199,
5985.7496,105.0101,105.0996,105.0457,,,5985.7496,104.975232,105.064732,105.010832,
5986.65,105.0135,105.1025,105.0491,,,5986.65,104.978644,105.067644,105.014244,
5987.5504,105.015,105.104,105.0513,,,5987.5504,104.9801561,105.0691561,105.0164561,
5988.4498,105.0197,105.106,105.0541,,,5988.4498,104.9848681,105.0711681,105.0192681,
5989.3502,105.0215,105.1096,105.0567,,,5989.3502,104.9866802,105.0747802,105.0218802,
5990.1998,105.0248,105.1118,105.059,,,5990.1998,104.9899916,105.0769916,105.0241916,
5991.0504,105.028,105.1134,105.0614,,,5991.0504,104.993203,105.078603,105.026603,
5991.9498,105.0297,105.1138,105.0636,,,5991.9498,104.994915,105.079015,105.028815,
5992.8502,105.0325,105.117,105.0659,,,5992.8502,104.9977271,105.0822271,105.0311271,
5993.7496,105.0361,105.1195,105.0687,,,5993.7496,105.0013392,105.0847392,105.0339392,
5994.65,105.038,105.121,105.071,,,5994.65,105.0032512,105.0862512,105.0362512,
5995.5504,105.0412,105.1219,105.073,,,5995.5504,105.0064633,105.0871633,105.0382633,
5996.4498,105.0429,105.1246,105.0751,,,5996.4498,105.0081753,105.0898753,105.0403753,
5997.3502,105.0463,105.1266,105.0772,,,5997.3502,105.0115874,105.0918874,105.0424874,
5998.2496,105.0488,105.1278,105.0794,,,5998.2496,105.0140995,105.0930995,105.0446995,
5999.15,105.0512,105.1294,105.0814,,,5999.15,105.0165115,105.0947115,105.0467115,
6000.0504,105.0533,105.1303,105.0834,,,6000.0504,105.0186236,105.0956236,105.0487236,
6000.9498,105.0552,105.1317,105.0854,,,6000.9498,105.0205356,105.0970356,105.0507356,
6001.8502,105.0585,105.1329,105.0871,,,6001.8502,105.0238477,105.0982477,105.0524477,
6002.7496,105.0605,105.1351,105.0891,,,6002.7496,105.0258598,105.1004598,105.0544598,
6003.65,105.0631,105.1368,105.0909,,,6003.65,105.0284718,105.1021718,105.0562718,
6004.5001,105.0652,105.1372,105.0928,,,6004.5001,105.0305832,105.1025832,105.0581832,
6005.4,105.0682,105.1384,105.0947,,,6005.4,105.0335953,105.1037953,105.0600953,
6006.2999,105.0691,105.139,105.0967,,,6006.2999,105.0345073,105.1044073,105.0621073,
6007.15,105.0721,105.1422,105.098,,,6007.15,105.0375187,105.1076187,105.0634187,
6008.0504,105.0733,105.1429,105.0997,,,6008.0504,105.0387308,105.1083308,105.0651308,
6008.9498,105.0741,105.1434,105.1008,,,6008.9498,105.0395428,105.1088428,105.0662428,
6009.8502,105.0752,105.1451,105.1021,,,6009.8502,105.0406549,105.1105549,105.0675549,
6010.7496,105.0745,105.1451,105.1033,,,6010.7496,105.039967,105.110567,105.068767,
6011.65,105.0792,105.1474,105.1049,,,6011.65,105.044679,105.112879,105.070379,
6012.5504,105.0808,105.1473,105.1062,,,6012.5504,105.0462911,105.1127911,105.0716911,
6013.4498,105.0816,105.1474,105.1073,,,6013.4498,105.0471031,105.1129031,105.0728031,
6014.3502,105.0837,105.1496,105.1086,,,6014.3502,105.0492152,105.1151152,105.0741152,
6015.2496,105.0832,105.1512,105.1095,,,6015.2496,105.0487273,105.1167273,105.0750273,
6016.15,105.0812,105.151,105.1105,,,6016.15,105.0467393,105.1165393,105.0760393,
6017.0504,105.0829,105.1518,105.1116,,,6017.0504,105.0484514,105.1173514,105.0771514,
6017.9498,105.0864,105.1528,105.1126,,,6017.9498,105.0519634,105.1183634,105.0781634,
6018.7999,105.086,105.1534,105.1135,,,6018.7999,105.0515748,105.1189748,105.0790748,
6019.6998,105.088,105.1545,105.1143,,,6019.6998,105.0535869,105.1200869,105.0798869,
6020.6002,105.09,105.1553,105.1152,,,6020.6002,105.055599,105.120899,105.080799,
6021.4498,105.0896,105.1564,105.1161,,,6021.4498,105.0552103,105.1220103,105.0817103,
6022.3502,105.0912,105.1559,105.1169,,,6022.3502,105.0568224,105.1215224,105.0825224,
6023.2496,105.0919,105.1572,105.1177,,,6023.2496,105.0575345,105.1228345,105.0833345,
6024.15,105.0925,105.1572,105.1184,,,6024.15,105.0581465,105.1228465,105.0840465,
6025.0504,105.0919,105.158,105.1191,,,6025.0504,105.0575586,105.1236586,105.0847586,
6025.9498,105.0937,105.1599,105.1197,,,6025.9498,105.0593706,105.1255706,105.0853706,
6026.8502,105.0919,105.1597,105.1201,,,6026.8502,105.0575827,105.1253827,105.0857827,
6027.7496,105.0935,105.1595,105.1208,,,6027.7496,105.0591948,105.1251948,105.0864948,
6028.65,105.0943,105.1612,105.1214,,,6028.65,105.0600068,105.1269068,105.0871068,
6029.5504,105.0947,105.1608,105.1218,,,6029.5504,105.0604189,105.1265189,105.0875189,
6030.4,105.0961,105.1614,105.122,,,6030.4,105.0618303,105.1271303,105.0877303,
6031.2999,105.0962,105.1612,105.1225,,,6031.2999,105.0619423,105.1269423,105.0882423,
6032.2496,105.0957,105.1525,105.1196,,,6032.2496,105.0614551,105.1182551,105.0853551,
6033.15,104.9328,104.9396,104.9375,,,6033.15,104.8985671,104.9053671,104.9032671,
6034.0504,104.9347,104.9402,104.9384,,,6034.0504,104.9004792,104.9059792,104.9041792,
6034.9498,104.9371,104.9415,104.9397,,,6034.9498,104.9028912,104.9072912,104.9054912,
6035.8502,104.9388,104.9463,104.9444,,,6035.8502,104.9046033,104.9121033,104.9102033,
6036.7496,104.9428,104.9473,104.9457,,,6036.7496,104.9086154,104.9131154,104.9115154,
6037.65,104.9422,104.9473,104.9456,,,6037.65,104.9080274,104.9131274,104.9114274,
6038.5504,104.9418,104.9474,104.9458,,,6038.5504,104.9076395,104.9132395,104.9116395,
6039.15,104.9414,104.9545,104.9494,,,6039.15,104.9072475,104.9203475,104.9152475,
6039.4,105.0151,105.1579,105.0994,,,6039.4,104.9809509,105.1237509,105.0652509,
6039.5001,105.1028,105.1693,105.13,,,6039.5001,105.0686522,105.1351522,105.0958522,
6039.6998,105.1016,105.1699,105.1291,,,6039.6998,105.0674549,105.1357549,105.0949549,
6040.3502,105.102,105.1713,105.1308,,,6040.3502,105.0678636,105.1371636,105.0966636,
6041.2496,105.1036,105.1706,105.1312,,,6041.2496,105.0694756,105.1364756,105.0970756,
6042.15,105.1037,105.1702,105.1318,,,6042.15,105.0695877,105.1360877,105.0976877,
6043.0001,105.1037,105.1737,105.1331,,,6043.0001,105.0695991,105.1395991,105.0989991,
6043.9,105.1049,105.1702,105.1315,,,6043.9,105.0708112,105.1361112,105.0974112,
6044.7999,105.1059,105.1722,105.1329,,,6044.7999,105.0718232,105.1381232,105.0988232,
6045.65,105.1067,105.1728,105.1333,,,6045.65,105.0726346,105.1387346,105.0992346,
6046.5504,105.1069,105.1715,105.133,,,6046.5504,105.0728467,105.1374467,105.0989467,
6047.4498,105.1073,105.1752,105.1347,,,6047.4498,105.0732587,105.1411587,105.1006587,
6048.3502,105.1076,105.1774,105.1358,,,6048.3502,105.0735708,105.1433708,105.1017708,
6049.2496,105.1083,105.1761,105.1353,,,6049.2496,105.0742828,105.1420828,105.1012828,
6050.15,105.1071,105.1782,105.1376,,,6050.15,105.0730949,105.1441949,105.1035949,
6051.0504,105.1089,105.1778,105.1381,,,6051.0504,105.074907,105.143807,105.104107,
6051.9498,105.1103,105.177,105.1365,,,6051.9498,105.076319,105.143019,105.102519,
6052.7999,105.1103,105.1765,105.1374,,,6052.7999,105.0763304,105.1425304,105.1034304,
6053.65,105.1105,105.1784,105.1381,,,6053.65,105.0765418,105.1444418,105.1041418,
6054.5504,105.112,105.176,105.138,,,6054.5504,105.0780539,105.1420539,105.1040539,
6055.4498,105.1126,105.1792,105.1394,,,6055.4498,105.0786659,105.1452659,105.1054659,
6056.3502,105.1124,105.1777,105.1388,,,6056.3502,105.078478,105.143778,105.104878,
6057.2496,105.113,105.1795,105.1398,,,6057.2496,105.07909,105.14559,105.10589,
6058.15,105.1142,105.179,105.1399,,,6058.15,105.0803021,105.1451021,105.1060021,
6059.0001,105.114,105.1785,105.1401,,,6059.0001,105.0801135,105.1446135,105.1062135,
6059.8502,105.1151,105.1773,105.1405,,,6059.8502,105.0812249,105.1434249,105.1066249,
6060.7496,105.1162,105.1801,105.1425,,,6060.7496,105.0823369,105.1462369,105.1086369,
6061.65,105.1171,105.1786,105.1421,,,6061.65,105.083249,105.144749,105.108249,
6062.5504,105.1175,105.1816,105.143,,,6062.5504,105.0836611,105.1477611,105.1091611,
6063.4,105.1177,105.1813,105.1447,,,6063.4,105.0838725,105.1474725,105.1108725,
6064.2496,105.1178,105.1815,105.1436,,,6064.2496,105.0839838,105.1476838,105.1097838,
6065.15,104.9785,105.1648,105.078,,,6065.15,104.9446959,105.1309959,105.0441959,
6066.0504,104.973,104.9821,104.9799,,,6066.0504,104.939208,104.948308,104.946108,
6066.9498,104.9754,104.9828,104.9804,,,6066.9498,104.94162,104.94902,104.94662,
6067.8502,104.977,104.9827,104.9808,,,6067.8502,104.9432321,104.9489321,104.9470321,
6068.7496,104.977,104.9915,104.9847,,,6068.7496,104.9432441,104.9577441,104.9509441,
6069.65,104.9957,105.1202,105.0391,,,6069.65,104.9619562,105.0864562,105.0053562,
6070.5504,105.1218,105.1821,105.1442,,,6070.5504,105.0880683,105.1483683,105.1104683,
6071.4498,105.1213,105.18,105.1443,,,6071.4498,105.0875803,105.1462803,105.1105803,
6072.3502,105.1219,105.18,105.1442,,,6072.3502,105.0881924,105.1462924,105.1104924,
6073.1998,105.1231,105.1808,105.1448,,,6073.1998,105.0894038,105.1471038,105.1111038,
6074.0504,105.1236,105.1803,105.1454,,,6074.0504,105.0899152,105.1466152,105.1117152,
6074.9498,105.1244,105.1812,105.1463,,,6074.9498,105.0907272,105.1475272,105.1126272,
6075.8502,105.1254,105.1827,105.1471,,,6075.8502,105.0917393,105.1490393,105.1134393,
6076.7496,105.1249,105.1816,105.147,,,6076.7496,105.0912513,105.1479513,105.1133513,
6077.65,105.1258,105.1866,105.15,,,6077.65,105.0921634,105.1529634,105.1163634,
6078.5504,105.1265,105.1863,105.1504,,,6078.5504,105.0928755,105.1526755,105.1167755,
6079.4498,105.1258,105.1875,105.1513,,,6079.4498,105.0921875,105.1538875,105.1176875,
6080.2999,105.1268,105.1836,105.1484,,,6080.2999,105.0931989,105.1499989,105.1147989,
6081.15,105.1272,105.1843,105.1491,,,6081.15,105.0936103,105.1507103,105.1155103,
6082.0504,105.1274,105.1856,105.1502,,,6082.0504,105.0938224,105.1520224,105.1166224,
6082.9498,105.1286,105.1828,105.1496,,,6082.9498,105.0950344,105.1492344,105.1160344,
6083.8502,105.1292,105.1831,105.1507,,,6083.8502,105.0956465,105.1495465,105.1171465,
6084.7496,105.1282,105.1844,105.151,,,6084.7496,105.0946585,105.1508585,105.1174585,
6085.65,105.1294,105.1821,105.1505,,,6085.65,105.0958706,105.1485706,105.1169706,
6086.5504,105.1303,105.1816,105.1509,,,6086.5504,105.0967827,105.1480827,105.1173827,
6087.4498,105.1301,105.1819,105.1507,,,6087.4498,105.0965947,105.1483947,105.1171947,
6088.3502,105.1309,105.184,105.1525,,,6088.3502,105.0974068,105.1505068,105.1190068,
6089.1998,105.1309,105.1813,105.1516,,,6089.1998,105.0974182,105.1478182,105.1181182,
6090.0504,105.1312,105.1823,105.1517,,,6090.0504,105.0977296,105.1488296,105.1182296,
6090.9498,105.1321,105.1845,105.1541,,,6090.9498,105.0986416,105.1510416,105.1206416,
6091.8502,105.1325,105.1819,105.1526,,,6091.8502,105.0990537,105.1484537,105.1191537,
6092.7496,105.1331,105.1835,105.1531,,,6092.7496,105.0996657,105.1500657,105.1196657,
6093.65,105.1328,105.1835,105.1534,,,6093.65,105.0993778,105.1500778,105.1199778,
6094.5504,105.1337,105.1835,105.1537,,,6094.5504,105.1002899,105.1500899,105.1202899,
6095.4,105.1335,105.1833,105.1533,,,6095.4,105.1001012,105.1499012,105.1199012,
6096.2999,105.1341,105.1823,105.1533,,,6096.2999,105.1007133,105.1489133,105.1199133,
6097.1998,105.134,105.185,105.1548,,,6097.1998,105.1006254,105.1516254,105.1214254,
6098.0504,105.1355,105.1847,105.1551,,,6098.0504,105.1021368,105.1513368,105.1217368,
6098.9498,105.136,105.1831,105.1541,,,6098.9498,105.1026488,105.1497488,105.1207488,
6099.8502,105.1355,105.1817,105.154,,,6099.8502,105.1021609,105.1483609,105.1206609,
6100.7496,105.1349,105.1835,105.1547,,,6100.7496,105.1015729,105.1501729,105.1213729,
6101.65,105.1357,105.1835,105.1547,,,6101.65,105.102385,105.150185,105.121385,
6102.5001,105.1363,105.1812,105.1547,,,6102.5001,105.1029964,105.1478964,105.1213964,
6103.3502,105.1356,105.1816,105.1551,,,6103.3502,105.1023078,105.1483078,105.1218078,
6104.2496,105.1362,105.1836,105.1558,,,6104.2496,105.1029198,105.1503198,105.1225198,
6105.15,105.1374,105.1811,105.1549,,,6105.15,105.1041319,105.1478319,105.1216319,
6106.0504,105.1357,105.1827,105.1558,,,6106.0504,105.102444,105.149444,105.122544,
6106.9,105.137,105.1815,105.155,,,6106.9,105.1037553,105.1482553,105.1217553,
6107.7496,105.1375,105.1817,105.1552,,,6107.7496,105.1042667,105.1484667,105.1219667,
6108.65,105.0438,105.1729,105.12,,,6108.65,105.0105788,105.1396788,105.0867788,
6109.5504,105.0399,105.0457,105.0439,,,6109.5504,105.0066909,105.0124909,105.0106909,
6110.4498,105.0416,105.0463,105.0446,,,6110.4498,105.0084029,105.0131029,105.0114029,
6111.3502,105.0422,105.0488,105.0468,,,6111.3502,105.009015,105.015615,105.013615,
6112.2496,105.0493,105.0537,105.0522,,,6112.2496,105.016127,105.020527,105.019027,
6113.15,105.0482,105.111,105.0693,,,6113.15,105.0150391,105.0778391,105.0361391,
6114.0504,105.1371,105.169,105.1522,,,6114.0504,105.1039512,105.1358512,105.1190512,
6114.9498,105.137,105.179,105.155,,,6114.9498,105.1038632,105.1458632,105.1218632,
6115.8502,105.1368,105.1825,105.1567,,,6115.8502,105.1036753,105.1493753,105.1235753,
6116.7496,105.1378,105.1813,105.1555,,,6116.7496,105.1046873,105.1481873,105.1223873,
6117.65,105.1387,105.1797,105.1548,,,6117.65,105.1055994,105.1465994,105.1216994,
6118.5504,105.138,105.1811,105.1557,,,6118.5504,105.1049115,105.1480115,105.1226115,
6119.4498,105.1383,105.1781,105.155,,,6119.4498,105.1052235,105.1450235,105.1219235,
6120.3502,105.1387,105.1796,105.1548,,,6120.3502,105.1056356,105.1465356,105.1217356,
6121.2496,105.1387,105.179,105.1549,,,6121.2496,105.1056476,105.1459476,105.1218476,
6122.15,105.1383,105.1777,105.1544,,,6122.15,105.1052597,105.1446597,105.1213597,
6123.0504,105.1386,105.1776,105.1546,,,6123.0504,105.1055718,105.1445718,105.1215718,
6123.9498,105.1386,105.1776,105.155,,,6123.9498,105.1055838,105.1445838,105.1219838,
6124.8502,105.1395,105.1768,105.1543,,,6124.8502,105.1064959,105.1437959,105.1212959,
6125.7496,105.1399,105.176,105.1546,,,6125.7496,105.1069079,105.1430079,105.1216079,
6126.65,105.14,105.175,105.1541,,,6126.65,105.10702,105.14202,105.12112,
6127.5504,105.1403,105.1742,105.1541,,,6127.5504,105.1073321,105.1412321,105.1211321,
6128.4498,105.1395,105.1748,105.1539,,,6128.4498,105.1065441,105.1418441,105.1209441,
6129.3502,105.1398,105.1741,105.1541,,,6129.3502,105.1068562,105.1411562,105.1211562,
6130.2496,105.1403,105.1725,105.1535,,,6130.2496,105.1073682,105.1395682,105.1205682,
6131.15,105.1403,105.1752,105.1541,,,6131.15,105.1073803,105.1422803,105.1211803,
6132.0504,105.1408,105.1729,105.1538,,,6132.0504,105.1078924,105.1399924,105.1208924,
6132.9498,105.1404,105.1729,105.1539,,,6132.9498,105.1075044,105.1400044,105.1210044,
6133.8502,105.1411,105.1728,105.1544,,,6133.8502,105.1082165,105.1399165,105.1215165,
6134.7496,105.1421,105.1736,105.1545,,,6134.7496,105.1092285,105.1407285,105.1216285,
6135.6002,105.1416,105.1714,105.1542,,,6135.6002,105.1087399,105.1385399,105.1213399,
6136.4498,105.1418,105.1713,105.1541,,,6136.4498,105.1089513,105.1384513,105.1212513,
6137.3502,105.1414,105.1711,105.1539,,,6137.3502,105.1085634,105.1382634,105.1210634,
6138.2496,105.1412,105.171,105.1541,,,6138.2496,105.1083754,105.1381754,105.1212754,
6139.15,105.1404,105.1715,105.1544,,,6139.15,105.1075875,105.1386875,105.1215875,
6140.0504,105.1414,105.171,105.1542,,,6140.0504,105.1085996,105.1381996,105.1213996,
6140.9498,105.1418,105.1698,105.1543,,,6140.9498,105.1090116,105.1370116,105.1215116,
6141.8502,105.1412,105.1697,105.1546,,,6141.8502,105.1084237,105.1369237,105.1218237,
6142.7496,105.1411,105.1694,105.1543,,,6142.7496,105.1083357,105.1366357,105.1215357,
6143.65,105.1418,105.1691,105.1546,,,6143.65,105.1090478,105.1363478,105.1218478,
6144.5504,105.1411,105.169,105.1548,,,6144.5504,105.1083598,105.1362598,105.1220598,
6145.4498,105.1419,105.1681,105.1544,,,6145.4498,105.1091719,105.1353719,105.1216719,
6146.3502,105.1415,105.1686,105.1548,,,6146.3502,105.108784,105.135884,105.122084,
6147.2496,105.1421,105.1681,105.1546,,,6147.2496,105.109396,105.135396,105.121896,
6148.15,105.1412,105.1674,105.154,,,6148.15,105.1085081,105.1347081,105.1213081,
6149.0504,105.1419,105.1663,105.1537,,,6149.0504,105.1092201,105.1336201,105.1210201,
6149.9,105.1421,105.1674,105.1545,,,6149.9,105.1094315,105.1347315,105.1218315,
6150.7496,105.1422,105.1662,105.1537,,,6150.7496,105.1095429,105.1335429,105.1210429,
6151.65,105.143,105.1662,105.1537,,,6151.65,105.110355,105.133555,105.121055,
6152.5504,105.1426,105.1655,105.1537,,,6152.5504,105.109967,105.132867,105.121067,
6153.4498,105.1422,105.1651,105.1537,,,6153.4498,105.1095791,105.1324791,105.1210791,
6154.3502,105.1425,105.1648,105.1539,,,6154.3502,105.1098912,105.1321912,105.1212912,
6155.2496,105.1416,105.1643,105.1532,,,6155.2496,105.1090032,105.1317032,105.1206032,
6156.15,105.1419,105.1647,105.1536,,,6156.15,105.1093153,105.1321153,105.1210153,
6157.0504,105.1422,105.1644,105.153,,,6157.0504,105.1096273,105.1318273,105.1204273,
6157.9498,105.1415,105.1643,105.1529,,,6157.9498,105.1089394,105.1317394,105.1203394,
6158.8502,105.1415,105.1644,105.1531,,,6158.8502,105.1089515,105.1318515,105.1205515,
6159.7496,105.1414,105.1636,105.1528,,,6159.7496,105.1088635,105.1310635,105.1202635,
6160.65,105.1421,105.1634,105.1525,,,6160.65,105.1095756,105.1308756,105.1199756,
6161.5504,105.1408,105.1634,105.153,,,6161.5504,105.1082876,105.1308876,105.1204876,
6162.4498,105.1408,105.1623,105.1522,,,6162.4498,105.1082997,105.1297997,105.1196997,
6163.3502,105.1412,105.1622,105.152,,,6163.3502,105.1087118,105.1297118,105.1195118,
6164.2496,105.1406,105.1618,105.1517,,,6164.2496,105.1081238,105.1293238,105.1192238,
6165.15,105.1407,105.1615,105.1515,,,6165.15,105.1082359,105.1290359,105.1190359,
6166.0504,105.1403,105.1612,105.1517,,,6166.0504,105.1078479,105.1287479,105.1192479,
6166.9,105.1402,105.1614,105.1515,,,6166.9,105.1077593,105.1289593,105.1190593,
6167.7496,105.1407,105.1611,105.1513,,,6167.7496,105.1082707,105.1286707,105.1188707,
6168.65,105.1402,105.1611,105.1512,,,6168.65,105.1077828,105.1286828,105.1187828,
6169.5504,105.1398,105.1608,105.1513,,,6169.5504,105.1073948,105.1283948,105.1188948,
6170.4498,105.1398,105.1614,105.1515,,,6170.4498,105.1074069,105.1290069,105.1191069,
6171.3502,105.1398,105.1604,105.1513,,,6171.3502,105.107419,105.128019,105.118919,
6172.2496,105.1396,105.1607,105.1509,,,6172.2496,105.107231,105.128331,105.118531,
6173.15,105.139,105.1604,105.1506,,,6173.15,105.1066431,105.1280431,105.1182431,
6174.0504,105.1368,105.1607,105.1508,,,6174.0504,105.1044551,105.1283551,105.1184551,
6174.9498,105.1392,105.1607,105.1507,,,6174.9498,105.1068672,105.1283672,105.1183672,
6175.8502,105.1386,105.16,105.1506,,,6175.8502,105.1062793,105.1276793,105.1182793,
6176.7496,105.1383,105.1615,105.1515,,,6176.7496,105.1059913,105.1291913,105.1191913,
6177.65,105.1383,105.1601,105.1506,,,6177.65,105.1060034,105.1278034,105.1183034,
6178.5504,105.138,105.1595,105.1502,,,6178.5504,105.1057154,105.1272154,105.1179154,
6179.4498,105.1376,105.16,105.1505,,,6179.4498,105.1053275,105.1277275,105.1182275,
6180.3502,105.1388,105.1599,105.1506,,,6180.3502,105.1065396,105.1276396,105.1183396,
6181.2496,105.1388,105.16,105.1503,,,6181.2496,105.1065516,105.1277516,105.1180516,
6182.15,105.1382,105.1604,105.1507,,,6182.15,105.1059637,105.1281637,105.1184637,
6183.0504,105.1387,105.1596,105.1503,,,6183.0504,105.1064757,105.1273757,105.1180757,
6183.9498,105.1378,105.1597,105.1502,,,6183.9498,105.1055878,105.1274878,105.1179878,
6184.8502,105.1384,105.1591,105.1502,,,6184.8502,105.1061999,105.1268999,105.1179999,
6185.7496,105.1382,105.1601,105.1504,,,6185.7496,105.1060119,105.1279119,105.1182119,
6186.65,105.1388,105.1601,105.1505,,,6186.65,105.106624,105.127924,105.118324,
6187.5001,105.1379,105.1599,105.1504,,,6187.5001,105.1057354,105.1277354,105.1182354,
6188.4,105.1387,105.1609,105.1509,,,6188.4,105.1065474,105.1287474,105.1187474,
6189.2999,105.1387,105.1609,105.151,,,6189.2999,105.1065595,105.1287595,105.1188595,
6190.15,105.1382,105.1616,105.1513,,,6190.15,105.1060709,105.1294709,105.1191709,
6191.0504,105.139,105.1627,105.1523,,,6191.0504,105.1068829,105.1305829,105.1201829,
6191.9498,105.1399,105.1635,105.1529,,,6191.9498,105.107795,105.131395,105.120795,
6192.8502,105.1399,105.1635,105.1525,,,6192.8502,105.1078071,105.1314071,105.1204071,
6193.7496,105.1398,105.1639,105.1527,,,6193.7496,105.1077191,105.1318191,105.1206191,
6194.65,105.14,105.1639,105.1525,,,6194.65,105.1079312,105.1318312,105.1204312,
6195.5504,105.1408,105.1648,105.1531,,,6195.5504,105.1087432,105.1327432,105.1210432,
6196.4498,105.141,105.1644,105.1533,,,6196.4498,105.1089553,105.1323553,105.1212553,
6197.3502,105.1406,105.1659,105.154,,,6197.3502,105.1085674,105.1338674,105.1219674,
6198.2496,105.141,105.167,105.1545,,,6198.2496,105.1089794,105.1349794,105.1224794,
6199.15,105.1423,105.1668,105.1548,,,6199.15,105.1102915,105.1347915,105.1227915,
6200.0504,105.1421,105.1675,105.1555,,,6200.0504,105.1101035,105.1355035,105.1235035,
6200.9498,105.1414,105.1666,105.1539,,,6200.9498,105.1094156,105.1346156,105.1219156,
6201.8502,105.1384,105.1679,105.1562,,,6201.8502,105.1064276,105.1359276,105.1242276,
6202.7496,105.1419,105.1687,105.1568,,,6202.7496,105.1099397,105.1367397,105.1248397,
6203.65,105.1437,105.1705,105.1571,,,6203.65,105.1117518,105.1385518,105.1251518,
6204.5504,105.1414,105.1711,105.1578,,,6204.5504,105.1094638,105.1391638,105.1258638,
6205.4498,105.1426,105.1713,105.1578,,,6205.4498,105.1106759,105.1393759,105.1258759,
6206.3502,105.1341,105.1673,105.1521,,,6206.3502,105.1021879,105.1353879,105.1201879,
6207.2496,105.13,105.1721,105.1543,,,6207.2496,105.0981,105.1402,105.1224,
6208.15,105.1411,105.1731,105.1593,,,6208.15,105.1092121,105.1412121,105.1274121,
6209.0504,105.1324,105.1674,105.1528,,,6209.0504,105.1005241,105.1355241,105.1209241,
6209.9498,105.1359,105.1728,105.1575,,,6209.9498,105.1040362,105.1409362,105.1256362,
6210.9,105.1348,105.1722,105.1547,,,6210.9,105.1029489,105.1403489,105.1228489,
6211.8502,105.1333,105.1698,105.1525,,,6211.8502,105.1014616,105.1379616,105.1206616,
6212.7496,105.1431,105.1736,105.1583,,,6212.7496,105.1112737,105.1417737,105.1264737,
6213.65,105.1442,105.1742,105.1588,,,6213.65,105.1123858,105.1423858,105.1269858,
6214.5001,105.1441,105.1745,105.1584,,,6214.5001,105.1122972,105.1426972,105.1265972,
6215.4,105.1439,105.1741,105.1585,,,6215.4,105.1121092,105.1423092,105.1267092,
6216.3502,105.1435,105.1744,105.1587,,,6216.3502,105.1117219,105.1426219,105.1269219,
6217.2496,105.1429,105.1749,105.1584,,,6217.2496,105.111134,105.143134,105.126634,
6218.1002,105.1379,105.1758,105.1587,,,6218.1002,105.1061454,105.1440454,105.1269454,
6218.9498,105.143,105.1737,105.1575,,,6218.9498,105.1112568,105.1419568,105.1257568,
6219.8502,105.1425,105.1741,105.1578,,,6219.8502,105.1107688,105.1423688,105.1260688,
6220.7496,105.1426,105.1738,105.1576,,,6220.7496,105.1108809,105.1420809,105.1258809,
6221.65,105.1411,105.1734,105.1571,,,6221.65,105.109393,105.141693,105.125393,
6222.5504,105.1415,105.1734,105.1572,,,6222.5504,105.109805,105.141705,105.125505,
6223.4498,105.14,105.1734,105.1563,,,6223.4498,105.1083171,105.1417171,105.1246171,
6224.3502,105.1404,105.1719,105.1557,,,6224.3502,105.1087291,105.1402291,105.1240291,
6225.2496,105.1378,105.1728,105.156,,,6225.2496,105.1061412,105.1411412,105.1243412,
6226.15,105.1391,105.1718,105.1547,,,6226.15,105.1074533,105.1401533,105.1230533,
6227.0504,105.134,105.1729,105.1555,,,6227.0504,105.1023653,105.1412653,105.1238653,
6227.9498,105.1372,105.1706,105.1532,,,6227.9498,105.1055774,105.1389774,105.1215774,
6228.8502,105.1311,105.1718,105.1537,,,6228.8502,105.0994894,105.1401894,105.1220894,
6229.7496,105.1355,105.1707,105.1525,,,6229.7496,105.1039015,105.1391015,105.1209015,
6230.65,105.1355,105.1706,105.1518,,,6230.65,105.1039136,105.1390136,105.1202136,
6231.5504,105.1345,105.1697,105.1517,,,6231.5504,105.1029256,105.1381256,105.1201256,
6232.4,105.1335,105.1715,105.1523,,,6232.4,105.101937,105.139937,105.120737,
6233.2496,105.134,105.1689,105.1506,,,6233.2496,105.1024484,105.1373484,105.1190484,
6234.15,105.1335,105.1687,105.1504,,,6234.15,105.1019605,105.1371605,105.1188605,
6235.0504,105.1315,105.1697,105.151,,,6235.0504,105.0999725,105.1381725,105.1194725,
6235.9498,105.1321,105.1691,105.1504,,,6235.9498,105.1005846,105.1375846,105.1188846,
6236.8502,105.1309,105.1701,105.1509,,,6236.8502,105.0993966,105.1385966,105.1193966,
6237.7496,105.1316,105.1693,105.1504,,,6237.7496,105.1001087,105.1378087,105.1189087,
6238.65,105.1312,105.1681,105.1487,,,6238.65,105.0997208,105.1366208,105.1172208,
6239.5504,104.9486,104.984,104.9571,,,6239.5504,104.9171328,104.9525328,104.9256328,
6240.4,104.9485,105.0777,104.9802,,,6240.4,104.9170442,105.0462442,104.9487442,
6241.2496,105.1307,105.1679,105.1489,,,6241.2496,105.0992556,105.1364556,105.1174556,
6242.1998,105.1305,105.1693,105.1487,,,6242.1998,105.0990683,105.1378683,105.1172683,
6243.1002,105.1307,105.1699,105.1491,,,6243.1002,105.0992804,105.1384804,105.1176804,
6243.9498,105.1303,105.1705,105.1493,,,6243.9498,105.0988918,105.1390918,105.1178918,
6244.8502,105.1301,105.1686,105.1475,,,6244.8502,105.0987038,105.1372038,105.1161038,
6245.7496,105.1303,105.1697,105.148,,,6245.7496,105.0989159,105.1383159,105.1166159,
6246.65,105.1299,105.1707,105.148,,,6246.65,105.098528,105.139328,105.116628,
6247.5504,105.1301,105.1714,105.1486,,,6247.5504,105.09874,105.14004,105.11724,
6248.4498,105.1307,105.1707,105.148,,,6248.4498,105.0993521,105.1393521,105.1166521,
6249.3502,105.1308,105.1719,105.1486,,,6249.3502,105.0994641,105.1405641,105.1172641,
6250.2496,105.1303,105.1728,105.1497,,,6250.2496,105.0989762,105.1414762,105.1183762,
6251.15,105.1305,105.1719,105.1485,,,6251.15,105.0991883,105.1405883,105.1171883,
6252.0001,105.1305,105.1715,105.1484,,,6252.0001,105.0991996,105.1401996,105.1170996,
6252.8502,105.1286,105.1729,105.1486,,,6252.8502,105.097311,105.141611,105.117311,
6253.7496,105.1288,105.173,105.1483,,,6253.7496,105.0975231,105.1417231,105.1170231,
6254.65,105.1299,105.1714,105.1479,,,6254.65,105.0986352,105.1401352,105.1166352,
6255.5504,105.1301,105.1725,105.1481,,,6255.5504,105.0988472,105.1412472,105.1168472,
6256.4498,105.1299,105.173,105.1483,,,6256.4498,105.0986593,105.1417593,105.1170593,
6257.3502,105.1305,105.1741,105.1488,,,6257.3502,105.0992713,105.1428713,105.1175713,
6258.2496,105.1291,105.1725,105.1484,,,6258.2496,105.0978834,105.1412834,105.1171834,
6259.15,105.1294,105.1737,105.1486,,,6259.15,105.0981954,105.1424954,105.1173954,
6260.0504,105.13,105.173,105.149,,,6260.0504,105.0988075,105.1418075,105.1178075,
6260.9498,105.1296,105.1741,105.1495,,,6260.9498,105.0984196,105.1429196,105.1183196,
6261.8502,105.13,105.1742,105.1493,,,6261.8502,105.0988316,105.1430316,105.1181316,
6262.7496,105.1307,105.1745,105.1495,,,6262.7496,105.0995437,105.1433437,105.1183437,
6263.65,105.1305,105.1734,105.1495,,,6263.65,105.0993557,105.1422557,105.1183557,
6264.5504,105.1308,105.1742,105.1498,,,6264.5504,105.0996678,105.1430678,105.1186678,
6265.4498,105.1311,105.174,105.1497,,,6265.4498,105.0999799,105.1428799,105.1185799,
6266.3502,105.1307,105.1758,105.1502,,,6266.3502,105.0995919,105.1446919,105.1190919,
6267.2496,105.1315,105.1742,105.1502,,,6267.2496,105.100404,105.143104,105.119104,
6268.15,105.1313,105.1744,105.1502,,,6268.15,105.100216,105.143316,105.119116,
6269.0504,105.1311,105.1753,105.1502,,,6269.0504,105.1000281,105.1442281,105.1191281,
6269.9498,105.1315,105.1754,105.1501,,,6269.9498,105.1004402,105.1443402,105.1190402,
6270.8502,105.1319,105.1773,105.1511,,,6270.8502,105.1008522,105.1462522,105.1200522,
6271.7496,105.1317,105.1772,105.1513,,,6271.7496,105.1006643,105.1461643,105.1202643,
6272.65,105.1313,105.1762,105.1506,,,6272.65,105.1002763,105.1451763,105.1195763,
6273.5504,105.1312,105.1778,105.1514,,,6273.5504,105.1001884,105.1467884,105.1203884,
6274.4498,105.1311,105.177,105.1508,,,6274.4498,105.1001005,105.1460005,105.1198005,
6275.3502,105.1311,105.177,105.1511,,,6275.3502,105.1001125,105.1460125,105.1201125,
6276.2496,105.1316,105.1772,105.1509,,,6276.2496,105.1006246,105.1462246,105.1199246,
6277.15,105.1313,105.1769,105.151,,,6277.15,105.1003366,105.1459366,105.1200366,
6278.0504,105.1315,105.1777,105.1512,,,6278.0504,105.1005487,105.1467487,105.1202487,
6278.9498,105.1319,105.1768,105.1507,,,6278.9498,105.1009608,105.1458608,105.1197608,
6279.8502,105.1309,105.1772,105.1511,,,6279.8502,105.0999728,105.1462728,105.1201728,
6280.7496,105.1324,105.1766,105.151,,,6280.7496,105.1014849,105.1456849,105.1200849,
6281.65,105.1321,105.177,105.1516,,,6281.65,105.1011969,105.1460969,105.1206969,
6282.5504,105.1316,105.1784,105.1521,,,6282.5504,105.100709,105.147509,105.121209,
6283.4498,105.1319,105.1789,105.1525,,,6283.4498,105.1010211,105.1480211,105.1216211,
6284.3502,105.1321,105.1788,105.152,,,6284.3502,105.1012331,105.1479331,105.1211331,
6285.2496,105.1325,105.1789,105.1523,,,6285.2496,105.1016452,105.1480452,105.1214452,
6286.15,105.1323,105.1784,105.1524,,,6286.15,105.1014572,105.1475572,105.1215572,
6287.0504,105.1325,105.1788,105.1526,,,6287.0504,105.1016693,105.1479693,105.1217693,
6287.9498,105.1315,105.179,105.1528,,,6287.9498,105.1006814,105.1481814,105.1219814,
6288.8502,105.1321,105.18,105.1529,,,6288.8502,105.1012934,105.1491934,105.1220934,
6289.7496,105.1323,105.1805,105.153,,,6289.7496,105.1015055,105.1497055,105.1222055,
6290.65,105.1319,105.1797,105.1527,,,6290.65,105.1011175,105.1489175,105.1219175,
6291.5504,105.1323,105.1797,105.153,,,6291.5504,105.1015296,105.1489296,105.1222296,
6292.4498,105.1324,105.1805,105.1532,,,6292.4498,105.1016417,105.1497417,105.1224417,
6293.4,105.1325,105.1793,105.1528,,,6293.4,105.1017544,105.1485544,105.1220544,
6294.2999,105.1335,105.1807,105.1531,,,6294.2999,105.1027664,105.1499664,105.1223664,
6295.1998,105.1325,105.1809,105.1532,,,6295.1998,105.1017785,105.1501785,105.1224785,
6296.15,105.1332,105.1805,105.1533,,,6296.15,105.1024912,105.1497912,105.1225912,
6297.0001,105.1328,105.18,105.153,,,6297.0001,105.1021026,105.1493026,105.1223026,
6297.9,105.1329,105.1801,105.1526,,,6297.9,105.1022147,105.1494147,105.1219147,
6298.7999,105.1336,105.1803,105.153,,,6298.7999,105.1029267,105.1496267,105.1223267,
6299.6998,105.1327,105.1809,105.1533,,,6299.6998,105.1020388,105.1502388,105.1226388,
6300.6002,105.1336,105.1813,105.1534,,,6300.6002,105.1029509,105.1506509,105.1227509,
6301.5001,105.1339,105.1811,105.1541,,,6301.5001,105.1032629,105.1504629,105.1234629,
6302.4,105.1343,105.1821,105.1541,,,6302.4,105.103675,105.151475,105.123475,
6303.2496,105.1333,105.1817,105.1541,,,6303.2496,105.1026864,105.1510864,105.1234864,
6304.15,105.1343,105.1817,105.1537,,,6304.15,105.1036984,105.1510984,105.1230984,
6305.0504,105.1347,105.1815,105.154,,,6305.0504,105.1041105,105.1509105,105.1234105,
6305.9498,105.1344,105.1817,105.1543,,,6305.9498,105.1038226,105.1511226,105.1237226,
6306.8502,105.1349,105.1827,105.1548,,,6306.8502,105.1043346,105.1521346,105.1242346,
6307.7496,105.1348,105.182,105.1547,,,6307.7496,105.1042467,105.1514467,105.1241467,
6308.65,105.1355,105.1817,105.1552,,,6308.65,105.1049587,105.1511587,105.1246587,
6309.5504,105.1364,105.1824,105.1552,,,6309.5504,105.1058708,105.1518708,105.1246708,
6310.4498,105.136,105.1825,105.1556,,,6310.4498,105.1054829,105.1519829,105.1250829,
6311.3502,105.1366,105.1823,105.1555,,,6311.3502,105.1060949,105.1517949,105.1249949,
6312.2496,105.1364,105.1827,105.1559,,,6312.2496,105.105907,105.152207,105.125407,
6313.15,105.1376,105.1823,105.1562,,,6313.15,105.107119,105.151819,105.125719,
6314.0504,105.1372,105.1828,105.1564,,,6314.0504,105.1067311,105.1523311,105.1259311,
6314.9498,105.1376,105.1828,105.157,,,6314.9498,105.1071431,105.1523431,105.1265431,
6315.8502,105.1386,105.1839,105.1575,,,6315.8502,105.1081552,105.1534552,105.1270552,
6316.7496,105.1387,105.1839,105.1585,,,6316.7496,105.1082673,105.1534673,105.1280673,
6317.65,105.1391,105.1837,105.1574,,,6317.65,105.1086793,105.1532793,105.1269793,
6318.5504,105.1395,105.1837,105.158,,,6318.5504,105.1090914,105.1532914,105.1275914,
6319.4498,105.1402,105.1835,105.1581,,,6319.4498,105.1098034,105.1531034,105.1277034,
6320.3502,105.14,105.1841,105.1586,,,6320.3502,105.1096155,105.1537155,105.1282155,
6321.2496,105.1408,105.1848,105.1591,,,6321.2496,105.1104276,105.1544276,105.1287276,
6322.15,105.141,105.185,105.1592,,,6322.15,105.1106396,105.1546396,105.1288396,
6323.0001,105.141,105.1851,105.1592,,,6323.0001,105.110651,105.154751,105.128851,
6323.8502,105.1419,105.1844,105.1593,,,6323.8502,105.1115624,105.1540624,105.1289624,
6324.7496,105.1415,105.1847,105.1595,,,6324.7496,105.1111745,105.1543745,105.1291745,
6325.65,105.1411,105.1852,105.16,,,6325.65,105.1107865,105.1548865,105.1296865,
6326.5504,105.1418,105.1858,105.1608,,,6326.5504,105.1114986,105.1554986,105.1304986,
6327.4498,105.1415,105.1858,105.1599,,,6327.4498,105.1112106,105.1555106,105.1296106,
6328.3502,105.1425,105.1863,105.1609,,,6328.3502,105.1122227,105.1560227,105.1306227,
6329.2496,105.1422,105.186,105.1604,,,6329.2496,105.1119348,105.1557348,105.1301348,
6330.15,105.1431,105.187,105.1608,,,6330.15,105.1128468,105.1567468,105.1305468,
6331.0504,105.1426,105.1868,105.1605,,,6331.0504,105.1123589,105.1565589,105.1302589,
6331.9498,105.1425,105.1871,105.1606,,,6331.9498,105.1122709,105.1568709,105.1303709,
6332.8502,105.1429,105.1862,105.1607,,,6332.8502,105.112683,105.155983,105.130483,
6333.7496,105.1426,105.186,105.1607,,,6333.7496,105.1123951,105.1557951,105.1304951,
6334.65,105.1429,105.1875,105.1614,,,6334.65,105.1127071,105.1573071,105.1312071,
6335.5504,105.1427,105.1876,105.161,,,6335.5504,105.1125192,105.1574192,105.1308192,
6336.4498,105.1433,105.1878,105.161,,,6336.4498,105.1131312,105.1576312,105.1308312,
6337.3502,105.1433,105.1876,105.1612,,,6337.3502,105.1131433,105.1574433,105.1310433,
6338.2496,105.1423,105.1878,105.1612,,,6338.2496,105.1121554,105.1576554,105.1310554,
6339.15,105.1435,105.1867,105.161,,,6339.15,105.1133674,105.1565674,105.1308674,
6340.0504,105.1435,105.1859,105.1601,,,6340.0504,105.1133795,105.1557795,105.1299795,
6340.9498,105.1433,105.1864,105.1602,,,6340.9498,105.1131915,105.1562915,105.1300915,
6341.8502,105.1433,105.187,105.1604,,,6341.8502,105.1132036,105.1569036,105.1303036,
6342.6998,105.143,105.1859,105.1602,,,6342.6998,105.112915,105.155815,105.130115,
6343.6002,105.1427,105.1871,105.1605,,,6343.6002,105.1126271,105.1570271,105.1304271,
6344.5001,105.1426,105.1864,105.1601,,,6344.5001,105.1125391,105.1563391,105.1300391,
6345.3502,105.1438,105.1872,105.1602,,,6345.3502,105.1137505,105.1571505,105.1301505,
6346.2496,105.1433,105.1858,105.1599,,,6346.2496,105.1132626,105.1557626,105.1298626,
6347.15,105.1434,105.1852,105.1593,,,6347.15,105.1133746,105.1551746,105.1292746,
6348.0504,105.143,105.1853,105.1596,,,6348.0504,105.1129867,105.1552867,105.1295867,
6348.9498,105.143,105.185,105.1592,,,6348.9498,105.1129987,105.1549987,105.1291987,
6349.8502,105.1429,105.1844,105.159,,,6349.8502,105.1129108,105.1544108,105.1290108,
6350.7496,105.1422,105.1824,105.1582,,,6350.7496,105.1122229,105.1524229,105.1282229,
6351.65,105.1425,105.1837,105.1581,,,6351.65,105.1125349,105.1537349,105.1281349,
6352.5504,105.1412,105.1837,105.1581,,,6352.5504,105.111247,105.153747,105.128147,
6353.4498,105.1419,105.1824,105.1578,,,6353.4498,105.111959,105.152459,105.127859,
6354.2999,105.1415,105.1824,105.1576,,,6354.2999,105.1115704,105.1524704,105.1276704,
6355.1998,105.1418,105.1813,105.1573,,,6355.1998,105.1118825,105.1513825,105.1273825,
6356.1002,105.1418,105.1812,105.157,,,6356.1002,105.1118946,105.1512946,105.1270946,
6356.9498,105.1407,105.1816,105.1566,,,6356.9498,105.1108059,105.1517059,105.1267059,
6357.8502,105.1404,105.1811,105.1564,,,6357.8502,105.110518,105.151218,105.126518,
6358.7496,105.1403,105.1817,105.1566,,,6358.7496,105.1104301,105.1518301,105.1267301,
6359.65,105.141,105.1803,105.1562,,,6359.65,105.1111421,105.1504421,105.1263421,
6360.5504,105.1406,105.1792,105.1557,,,6360.5504,105.1107542,105.1493542,105.1258542,
6361.4498,105.14,105.1785,105.1557,,,6361.4498,105.1101662,105.1486662,105.1258662,
6362.3502,105.1407,105.1774,105.1553,,,6362.3502,105.1108783,105.1475783,105.1254783,
6363.2496,105.1396,105.178,105.1553,,,6363.2496,105.1097904,105.1481904,105.1254904,
6364.15,105.1398,105.1761,105.1548,,,6364.15,105.1100024,105.1463024,105.1250024,
6365.0504,105.1394,105.1786,105.1551,,,6365.0504,105.1096145,105.1488145,105.1253145,
6365.9498,105.1394,105.178,105.1552,,,6365.9498,105.1096265,105.1482265,105.1254265,
6366.8502,105.139,105.1768,105.1542,,,6366.8502,105.1092386,105.1470386,105.1244386,
6367.6998,105.1388,105.1753,105.154,,,6367.6998,105.10905,105.14555,105.12425,
6368.5504,105.138,105.175,105.1536,,,6368.5504,105.1082614,105.1452614,105.1238614,
6369.4498,105.1375,105.1749,105.1535,,,6369.4498,105.1077734,105.1451734,105.1237734,
6370.3502,105.1376,105.1745,105.1535,,,6370.3502,105.1078855,105.1447855,105.1237855,
6371.2496,105.1379,105.1737,105.1531,,,6371.2496,105.1081976,105.1439976,105.1233976,
6372.15,105.1374,105.1744,105.1533,,,6372.15,105.1077096,105.1447096,105.1236096,
6373.0504,105.1372,105.1726,105.1526,,,6373.0504,105.1075217,105.1429217,105.1229217,
6373.9498,105.1371,105.1719,105.1526,,,6373.9498,105.1074337,105.1422337,105.1229337,
6374.8502,105.1367,105.1717,105.1523,,,6374.8502,105.1070458,105.1420458,105.1226458,
6375.7496,105.1368,105.1721,105.1521,,,6375.7496,105.1071578,105.1424578,105.1224578,
6376.65,105.1364,105.1714,105.1521,,,6376.65,105.1067699,105.1417699,105.1224699,
6377.5504,105.1359,105.171,105.1518,,,6377.5504,105.106282,105.141382,105.122182,
6378.4498,105.1359,105.1705,105.1519,,,6378.4498,105.106294,105.140894,105.122294,
6379.3502,105.1359,105.1698,105.1522,,,6379.3502,105.1063061,105.1402061,105.1226061,
6380.2496,105.1357,105.1698,105.1521,,,6380.2496,105.1061181,105.1402181,105.1225181,
6381.15,105.1351,105.1687,105.1516,,,6381.15,105.1055302,105.1391302,105.1220302,
6382.0504,105.1351,105.1689,105.1521,,,6382.0504,105.1055423,105.1393423,105.1225423,
6382.9,105.1351,105.1675,105.1515,,,6382.9,105.1055537,105.1379537,105.1219537,
6383.7496,105.1343,105.1675,105.152,,,6383.7496,105.104765,105.137965,105.122465,
6384.65,105.1343,105.1667,105.1518,,,6384.65,105.1047771,105.1371771,105.1222771,
6385.5504,105.1341,105.1668,105.1519,,,6385.5504,105.1045892,105.1372892,105.1223892,
6386.4498,105.134,105.1665,105.152,,,6386.4498,105.1045012,105.1370012,105.1225012,
6387.3502,105.1331,105.1659,105.1522,,,6387.3502,105.1036133,105.1364133,105.1227133,
6388.2496,105.1331,105.1658,105.1521,,,6388.2496,105.1036253,105.1363253,105.1226253,
6389.15,105.1327,105.1652,105.1521,,,6389.15,105.1032374,105.1357374,105.1226374,
6390.0504,105.1321,105.1652,105.152,,,6390.0504,105.1026495,105.1357495,105.1225495,
6390.9498,105.1321,105.1655,105.152,,,6390.9498,105.1026615,105.1360615,105.1225615,
6391.8502,105.1317,105.1656,105.152,,,6391.8502,105.1022736,105.1361736,105.1225736,
6392.6998,105.1316,105.1662,105.1522,,,6392.6998,105.102185,105.136785,105.122785,
6393.5504,105.1313,105.1666,105.1519,,,6393.5504,105.1018964,105.1371964,105.1224964,
6394.4498,105.1312,105.1663,105.1518,,,6394.4498,105.1018084,105.1369084,105.1224084,
6395.3502,105.1313,105.167,105.1517,,,6395.3502,105.1019205,105.1376205,105.1223205,
6396.2496,105.1315,105.1674,105.1517,,,6396.2496,105.1021325,105.1380325,105.1223325,
6397.15,105.1307,105.1675,105.1512,,,6397.15,105.1013446,105.1381446,105.1218446,
6398.0504,105.1301,105.1677,105.1512,,,6398.0504,105.1007567,105.1383567,105.1218567,
6398.9498,105.1301,105.1678,105.1506,,,6398.9498,105.1007687,105.1384687,105.1212687,
6399.8502,105.1297,105.1678,105.1505,,,6399.8502,105.1003808,105.1384808,105.1211808,
6400.6998,105.1289,105.1681,105.1503,,,6400.6998,105.0995922,105.1387922,105.1209922,
6401.5504,105.1288,105.1681,105.1496,,,6401.5504,105.0995036,105.1388036,105.1203036,
6402.4498,105.1286,105.1675,105.1497,,,6402.4498,105.0993156,105.1382156,105.1204156,
6403.3502,105.1274,105.1677,105.1489,,,6403.3502,105.0981277,105.1384277,105.1196277,
6404.2496,105.1266,105.1671,105.1484,,,6404.2496,105.0973397,105.1378397,105.1191397,
6405.15,105.1265,105.167,105.1481,,,6405.15,105.0972518,105.1377518,105.1188518,
6406.0504,105.1265,105.1677,105.1474,,,6406.0504,105.0972639,105.1384639,105.1181639,
6406.9498,105.125,105.1677,105.1469,,,6406.9498,105.0957759,105.1384759,105.1176759,
6407.8502,105.1246,105.1675,105.1465,,,6407.8502,105.095388,105.138288,105.117288,
6408.7496,105.1241,105.1677,105.1458,,,6408.7496,105.0949,105.1385,105.1166,
6409.6002,105.1233,105.1678,105.1452,,,6409.6002,105.0941114,105.1386114,105.1160114,
6410.4498,105.1221,105.1667,105.1441,,,6410.4498,105.0929228,105.1375228,105.1149228,
6411.3502,105.1213,105.1671,105.1436,,,6411.3502,105.0921349,105.1379349,105.1144349,
6412.2496,105.1206,105.1674,105.1433,,,6412.2496,105.0914469,105.1382469,105.1141469,
6413.15,105.1206,105.1667,105.1423,,,6413.15,105.091459,105.137559,105.113159,
6414.0504,105.1197,105.1628,105.141,,,6414.0504,105.0905711,105.1336711,105.1118711,
6414.9498,105.1185,105.1624,105.1401,,,6414.9498,105.0893831,105.1332831,105.1109831,
6415.8502,105.1172,105.1616,105.1392,,,6415.8502,105.0880952,105.1324952,105.1100952,
6416.7496,105.1164,105.1601,105.1383,,,6416.7496,105.0873072,105.1310072,105.1092072,
6417.6002,105.1147,105.1611,105.1373,,,6417.6002,105.0856186,105.1320186,105.1082186,
6418.4498,105.115,105.1599,105.1365,,,6418.4498,105.08593,105.13083,105.10743,
6419.3502,105.1146,105.1607,105.1356,,,6419.3502,105.0855421,105.1316421,105.1065421,
6420.2496,105.1139,105.1588,105.1345,,,6420.2496,105.0848541,105.1297541,105.1054541,
6421.15,105.1124,105.1571,105.1331,,,6421.15,105.0833662,105.1280662,105.1040662,
6422.0504,105.1122,105.1567,105.1318,,,6422.0504,105.0831783,105.1276783,105.1027783,
6422.9498,105.1107,105.1555,105.1303,,,6422.9498,105.0816903,105.1264903,105.1012903,
6423.8502,105.1089,105.1534,105.129,,,6423.8502,105.0799024,105.1244024,105.1000024,
6424.7496,105.1075,105.1524,105.1277,,,6424.7496,105.0785144,105.1234144,105.0987144,
6425.65,105.1069,105.1486,105.1263,,,6425.65,105.0779265,105.1196265,105.0973265,
6426.5504,105.1052,105.1492,105.1247,,,6426.5504,105.0762386,105.1202386,105.0957386,
6427.4,105.1033,105.1458,105.1229,,,6427.4,105.0743499,105.1168499,105.0939499,
6428.2496,105.1016,105.1443,105.1211,,,6428.2496,105.0726613,105.1153613,105.0921613,
6429.15,105.0993,105.1415,105.1191,,,6429.15,105.0703734,105.1125734,105.0901734,
6430.0504,105.0977,105.1398,105.1173,,,6430.0504,105.0687855,105.1108855,105.0883855,
6430.9498,105.0958,105.1386,105.1156,,,6430.9498,105.0668975,105.1096975,105.0866975,
6431.8502,105.0937,105.1356,105.1135,,,6431.8502,105.0648096,105.1067096,105.0846096,
6432.7496,105.0918,105.1331,105.1115,,,6432.7496,105.0629216,105.1042216,105.0826216,
6433.65,105.0896,105.1323,105.1095,,,6433.65,105.0607337,105.1034337,105.0806337,
6434.5504,105.0876,105.1285,105.1072,,,6434.5504,105.0587458,105.0996458,105.0783458,
6435.4498,105.0848,105.1261,105.1051,,,6435.4498,105.0559578,105.0972578,105.0762578,
6436.3502,105.0831,105.1245,105.1031,,,6436.3502,105.0542699,105.0956699,105.0742699,
6437.2496,105.0813,105.1227,105.101,,,6437.2496,105.0524819,105.0938819,105.0721819,
6438.15,105.0785,105.1214,105.099,,,6438.15,105.049694,105.092594,105.070194,
6439.0504,105.0758,105.1178,105.0966,,,6439.0504,105.0470061,105.0890061,105.0678061,
6439.9,105.0738,105.116,105.0941,,,6439.9,105.0450174,105.0872174,105.0653174,
6440.7999,105.0713,105.1135,105.0917,,,6440.7999,105.0425295,105.0847295,105.0629295,
6441.6998,105.0689,105.1115,105.0891,,,6441.6998,105.0401416,105.0827416,105.0603416,
6442.5504,105.066,105.1084,105.0866,,,6442.5504,105.037253,105.079653,105.057853,
6443.4498,105.0638,105.1057,105.0844,,,6443.4498,105.035065,105.076965,105.055665,
6444.3502,105.0613,105.1038,105.082,,,6444.3502,105.0325771,105.0750771,105.0532771,
6445.2496,105.0593,105.102,105.08,,,6445.2496,105.0305891,105.0732891,105.0512891,
6446.15,105.0568,105.0992,105.0777,,,6446.15,105.0281012,105.0705012,105.0490012,
6447.0504,105.0546,105.0981,105.0756,,,6447.0504,105.0259133,105.0694133,105.0469133,
6447.9498,105.0522,105.0955,105.0735,,,6447.9498,105.0235253,105.0668253,105.0448253,
6448.8502,105.0504,105.0937,105.0714,,,6448.8502,105.0217374,105.0650374,105.0427374,
6449.7496,105.0478,105.0919,105.0695,,,6449.7496,105.0191494,105.0632494,105.0408494,
6450.65,105.0463,105.0906,105.0677,,,6450.65,105.0176615,105.0619615,105.0390615,
6451.5504,105.0445,105.089,105.0659,,,6451.5504,105.0158736,105.0603736,105.0372736,
6452.4498,105.0429,105.0867,105.0642,,,6452.4498,105.0142856,105.0580856,105.0355856,
6453.3502,105.0407,105.0852,105.0629,,,6453.3502,105.0120977,105.0565977,105.0342977,
6454.2496,105.0402,105.0832,105.0615,,,6454.2496,105.0116097,105.0546097,105.0329097,
6455.15,105.0387,105.0828,105.0606,,,6455.15,105.0101218,105.0542218,105.0320218,
6456.0504,105.0386,105.0823,105.0599,,,6456.0504,105.0100339,105.0537339,105.0313339,
6456.9498,105.0382,105.0819,105.0595,,,6456.9498,105.0096459,105.0533459,105.0309459,
6457.8502,105.0375,105.0817,105.0591,,,6457.8502,105.008958,105.053158,105.030558,
6458.7496,105.037,105.0812,105.0586,,,6458.7496,105.00847,105.05267,105.03007,
6459.65,105.0374,105.0805,105.0588,,,6459.65,105.0088821,105.0519821,105.0302821,
6460.5504,105.0372,105.082,105.0589,,,6460.5504,105.0086942,105.0534942,105.0303942,
6461.4498,105.0382,105.0832,105.0598,,,6461.4498,105.0097062,105.0547062,105.0313062,
6462.2999,105.0384,105.0825,105.0603,,,6462.2999,105.0099176,105.0540176,105.0318176,
6463.15,105.0391,105.0832,105.0613,,,6463.15,105.010629,105.054729,105.032829,
6464.0504,105.0402,105.0848,105.0625,,,6464.0504,105.0117411,105.0563411,105.0340411,
6465.0001,105.0422,105.0857,105.0641,,,6465.0001,105.0137538,105.0572538,105.0356538,
6465.9,105.0443,105.0878,105.0658,,,6465.9,105.0158658,105.0593658,105.0373658,
6466.7496,105.0458,105.0895,105.0679,,,6466.7496,105.0173772,105.0610772,105.0394772,
6467.65,105.0478,105.0922,105.07,,,6467.65,105.0193893,105.0637893,105.0415893,
6468.5504,105.05,105.0934,105.0718,,,6468.5504,105.0216014,105.0650014,105.0434014,
6469.4498,105.0521,105.0954,105.0739,,,6469.4498,105.0237134,105.0670134,105.0455134,
6470.3502,105.0544,105.0975,105.0763,,,6470.3502,105.0260255,105.0691255,105.0479255,
6471.2496,105.0565,105.1002,105.079,,,6471.2496,105.0281375,105.0718375,105.0506375,
6472.15,105.0592,105.1024,105.0816,,,6472.15,105.0308496,105.0740496,105.0532496,
6473.0504,105.062,105.105,105.0844,,,6473.0504,105.0336617,105.0766617,105.0560617,
6473.9498,105.0647,105.1075,105.0875,,,6473.9498,105.0363737,105.0791737,105.0591737,
6474.8502,105.0679,105.1101,105.0904,,,6474.8502,105.0395858,105.0817858,105.0620858,
6475.7496,105.071,105.1128,105.093,,,6475.7496,105.0426978,105.0844978,105.0646978,
6476.65,105.0741,105.1156,105.0959,,,6476.65,105.0458099,105.0873099,105.0676099,
6477.5504,105.077,105.1185,105.0991,,,6477.5504,105.0487219,105.0902219,105.0708219,
6478.4498,105.0803,105.121,105.1018,,,6478.4498,105.052034,105.092734,105.073534,
6479.3502,105.0836,105.1242,105.1047,,,6479.3502,105.0553461,105.0959461,105.0764461,
6480.2496,105.0863,105.1266,105.1073,,,6480.2496,105.0580581,105.0983581,105.0790581,
6481.15,105.0886,105.1291,105.1099,,,6481.15,105.0603702,105.1008702,105.0816702,
6482.0504,105.0899,105.1311,105.1121,,,6482.0504,105.0616822,105.1028822,105.0838822,
6482.9,105.0923,105.1333,105.1147,,,6482.9,105.0640936,105.1050936,105.0864936,
6483.7999,105.0949,105.1362,105.1172,,,6483.7999,105.0667057,105.1080057,105.0890057,
6484.7496,105.0975,105.1387,105.1198,,,6484.7496,105.0693184,105.1105184,105.0916184,
6485.6002,105.1005,105.1407,105.1223,,,6485.6002,105.0723298,105.1125298,105.0941298,
6486.4498,105.1025,105.1433,105.1246,,,6486.4498,105.0743412,105.1151412,105.0964412,
6487.3502,105.1044,105.1455,105.1267,,,6487.3502,105.0762533,105.1173533,105.0985533,
6488.2496,105.1067,105.1478,105.1287,,,6488.2496,105.0785653,105.1196653,105.1005653,
6489.15,105.1087,105.1498,105.1307,,,6489.15,105.0805774,105.1216774,105.1025774,
6490.0504,105.1101,105.1525,105.1328,,,6490.0504,105.0819894,105.1243894,105.1046894,
6490.9498,105.1127,105.1541,105.1348,,,6490.9498,105.0846015,105.1260015,105.1067015,
6491.8502,105.1146,105.156,105.1367,,,6491.8502,105.0865136,105.1279136,105.1086136,
6492.7496,105.117,105.1576,105.1384,,,6492.7496,105.0889256,105.1295256,105.1103256,
6493.65,105.1182,105.1591,105.1402,,,6493.65,105.0901377,105.1310377,105.1121377,
6494.5504,105.1197,105.1608,105.1418,,,6494.5504,105.0916497,105.1327497,105.1137497,
6495.4498,105.1215,105.1619,105.1433,,,6495.4498,105.0934618,105.1338618,105.1152618,
6496.3502,105.123,105.1634,105.145,,,6496.3502,105.0949739,105.1353739,105.1169739,
6497.2496,105.1246,105.1647,105.1465,,,6497.2496,105.0965859,105.1366859,105.1184859,
6498.15,105.1258,105.167,105.148,,,6498.15,105.097798,105.138998,105.119998,
6499.0504,105.1265,105.1685,105.1491,,,6499.0504,105.09851,105.14051,105.12111,
6499.9498,105.128,105.1694,105.1504,,,6499.9498,105.1000221,105.1414221,105.1224221,
6500.8502,105.1285,105.1705,105.1514,,,6500.8502,105.1005342,105.1425342,105.1234342,
6501.7496,105.1289,105.1714,105.1523,,,6501.7496,105.1009462,105.1434462,105.1243462,
6502.65,105.1305,105.1719,105.1532,,,6502.65,105.1025583,105.1439583,105.1252583,
6503.5504,105.1319,105.1736,105.1543,,,6503.5504,105.1039703,105.1456703,105.1263703,
6504.4498,105.132,105.1742,105.155,,,6504.4498,105.1040824,105.1462824,105.1270824,
6505.3502,105.132,105.1749,105.1557,,,6505.3502,105.1040945,105.1469945,105.1277945,
6506.2496,105.1329,105.1758,105.1565,,,6506.2496,105.1050065,105.1479065,105.1286065,
6507.15,105.1353,105.177,105.1574,,,6507.15,105.1074186,105.1491186,105.1295186,
6508.0504,105.1353,105.1781,105.1583,,,6508.0504,105.1074306,105.1502306,105.1304306,
6508.9498,105.1367,105.1795,105.1593,,,6508.9498,105.1088427,105.1516427,105.1314427,
6509.8502,105.1383,105.1805,105.1603,,,6509.8502,105.1104548,105.1526548,105.1324548,
6510.7496,105.1383,105.1813,105.1612,,,6510.7496,105.1104668,105.1534668,105.1333668,
6511.65,105.1388,105.1823,105.1622,,,6511.65,105.1109789,105.1544789,105.1343789,
6512.5504,105.1394,105.1827,105.1628,,,6512.5504,105.1115909,105.1548909,105.1349909,
6513.4498,105.1399,105.1835,105.1632,,,6513.4498,105.112103,105.155703,105.135403,
6514.3502,105.1404,105.1839,105.1638,,,6514.3502,105.1126151,105.1561151,105.1360151,
6515.2496,105.1412,105.1843,105.1645,,,6515.2496,105.1134271,105.1565271,105.1367271,
6516.15,105.1422,105.1851,105.1651,,,6516.15,105.1144392,105.1573392,105.1373392,
6517.0504,105.1426,105.1859,105.1658,,,6517.0504,105.1148512,105.1581512,105.1380512,
6517.9498,105.1433,105.1864,105.1665,,,6517.9498,105.1155633,105.1586633,105.1387633,
6518.8502,105.1431,105.1872,105.167,,,6518.8502,105.1153754,105.1594754,105.1392754,
6519.6998,105.1433,105.1878,105.1674,,,6519.6998,105.1155867,105.1600867,105.1396867,
6520.6002,105.1434,105.1886,105.1678,,,6520.6002,105.1156988,105.1608988,105.1400988,
6521.5001,105.1427,105.1887,105.1681,,,6521.5001,105.1150109,105.1610109,105.1404109,
6522.4,105.1437,105.1888,105.1686,,,6522.4,105.1160229,105.1611229,105.1409229,
6523.3502,105.1453,105.1895,105.1689,,,6523.3502,105.1176357,105.1618357,105.1412357,
6524.1998,105.1455,105.1896,105.1693,,,6524.1998,105.117847,105.161947,105.141647,
6525.0504,105.147,105.1898,105.1697,,,6525.0504,105.1193584,105.1621584,105.1420584,
6525.9498,105.147,105.1899,105.17,,,6525.9498,105.1193705,105.1622705,105.1423705,
6526.8502,105.1471,105.1903,105.1704,,,6526.8502,105.1194826,105.1626826,105.1427826,
6527.7496,105.1485,105.1904,105.171,,,6527.7496,105.1208946,105.1627946,105.1433946,
6528.65,105.1486,105.191,105.1714,,,6528.65,105.1210067,105.1634067,105.1438067,
6529.6002,105.1488,105.1914,105.1718,,,6529.6002,105.1212194,105.1638194,105.1442194,
6530.5001,105.1486,105.1919,105.1723,,,6530.5001,105.1210315,105.1643315,105.1447315,
6531.4,105.15,105.1923,105.1727,,,6531.4,105.1224435,105.1647435,105.1451435,
6532.2999,105.15,105.1925,105.1731,,,6532.2999,105.1224556,105.1649556,105.1455556,
6533.15,105.1501,105.1929,105.1734,,,6533.15,105.122567,105.165367,105.145867,
6534.0504,105.1501,105.1935,105.1738,,,6534.0504,105.122579,105.165979,105.146279,
6534.9498,105.1508,105.1938,105.1744,,,6534.9498,105.1232911,105.1662911,105.1468911,
6535.9,105.1517,105.1935,105.1746,,,6535.9,105.1242038,105.1660038,105.1471038,
6536.7999,105.1521,105.1937,105.1749,,,6536.7999,105.1246159,105.1662159,105.1474159,
6537.65,105.1525,105.1942,105.1752,,,6537.65,105.1250273,105.1667273,105.1477273,
6538.5504,105.1529,105.1946,105.1755,,,6538.5504,105.1254393,105.1671393,105.1480393,
6539.4498,105.1526,105.1946,105.1755,,,6539.4498,105.1251514,105.1671514,105.1480514,
6540.3502,105.1525,105.1949,105.1758,,,6540.3502,105.1250634,105.1674634,105.1483634,
6541.2496,105.1524,105.1951,105.176,,,6541.2496,105.1249755,105.1676755,105.1485755,
6542.15,105.1526,105.1953,105.1762,,,6542.15,105.1251876,105.1678876,105.1487876,
6543.0504,105.1533,105.1954,105.1764,,,6543.0504,105.1258996,105.1679996,105.1489996,
6543.9498,105.1532,105.1958,105.1766,,,6543.9498,105.1258117,105.1684117,105.1492117,
6544.8502,105.1532,105.1959,105.177,,,6544.8502,105.1258237,105.1685237,105.1496237,
6545.7496,105.1537,105.1958,105.1772,,,6545.7496,105.1263358,105.1684358,105.1498358,
6546.65,105.1532,105.1958,105.1772,,,6546.65,105.1258479,105.1684479,105.1498479,
6547.5504,105.1537,105.1963,105.1775,,,6547.5504,105.1263599,105.1689599,105.1501599,
6548.4498,105.1536,105.1969,105.1776,,,6548.4498,105.126272,105.169572,105.150272,
6549.3502,105.1541,105.1969,105.1777,,,6549.3502,105.126784,105.169584,105.150384,
6550.2496,105.1532,105.1977,105.1778,,,6550.2496,105.1258961,105.1703961,105.1504961,
6551.15,105.1528,105.1975,105.1779,,,6551.15,105.1255082,105.1702082,105.1506082,
6552.0504,105.153,105.1982,105.178,,,6552.0504,105.1257202,105.1709202,105.1507202,
6552.9498,105.1526,105.1985,105.1782,,,6552.9498,105.1253323,105.1712323,105.1509323,
6553.8502,105.1526,105.1989,105.1784,,,6553.8502,105.1253443,105.1716443,105.1511443,
6554.7496,105.1529,105.199,105.1786,,,6554.7496,105.1256564,105.1717564,105.1513564,
6555.65,105.154,105.1997,105.1789,,,6555.65,105.1267685,105.1724685,105.1516685,
6556.5504,105.1536,105.1997,105.1789,,,6556.5504,105.1263805,105.1724805,105.1516805,
6557.4,105.1537,105.2001,105.179,,,6557.4,105.1264919,105.1728919,105.1517919,
6558.2999,105.1544,105.2006,105.1791,,,6558.2999,105.127204,105.173404,105.151904,
6559.1998,105.1551,105.2006,105.1793,,,6559.1998,105.127916,105.173416,105.152116,
6560.1002,105.1548,105.2014,105.1793,,,6560.1002,105.1276281,105.1742281,105.1521281,
6561.0001,105.1548,105.2017,105.1793,,,6561.0001,105.1276401,105.1745401,105.1521401,
6561.8502,105.1547,105.2021,105.1793,,,6561.8502,105.1275515,105.1749515,105.1521515,
6562.7496,105.1551,105.2029,105.1795,,,6562.7496,105.1279636,105.1757636,105.1523636,
6563.65,105.1548,105.2032,105.1796,,,6563.65,105.1276757,105.1760757,105.1524757,
6564.5504,105.1549,105.2036,105.1797,,,6564.5504,105.1277877,105.1764877,105.1525877,
6565.4498,105.1551,105.2041,105.1797,,,6565.4498,105.1279998,105.1769998,105.1525998,
6566.3502,105.1552,105.2043,105.1796,,,6566.3502,105.1281118,105.1772118,105.1525118,
6567.2496,105.1548,105.2045,105.1796,,,6567.2496,105.1277239,105.1774239,105.1525239,
6568.15,105.1547,105.2048,105.1796,,,6568.15,105.127636,105.177736,105.152536,
6569.0504,105.1548,105.2052,105.1796,,,6569.0504,105.127748,105.178148,105.152548,
6569.9498,105.1548,105.2055,105.1796,,,6569.9498,105.1277601,105.1784601,105.1525601,
6570.8502,105.1551,105.2059,105.1796,,,6570.8502,105.1280721,105.1788721,105.1525721,
6571.7496,105.1553,105.206,105.1797,,,6571.7496,105.1282842,105.1789842,105.1526842,
6572.65,105.1552,105.206,105.1796,,,6572.65,105.1281963,105.1789963,105.1525963,
6573.5504,105.1552,105.2057,105.1796,,,6573.5504,105.1282083,105.1787083,105.1526083,
6574.4498,105.156,105.2063,105.1797,,,6574.4498,105.1290204,105.1793204,105.1527204,
6575.3502,105.1551,105.2064,105.1797,,,6575.3502,105.1281324,105.1794324,105.1527324,
6576.2496,105.1559,105.2061,105.1797,,,6576.2496,105.1289445,105.1791445,105.1527445,
6577.15,105.1549,105.2067,105.1794,,,6577.15,105.1279566,105.1797566,105.1524566,
6578.0504,105.1555,105.2057,105.1794,,,6578.0504,105.1285686,105.1787686,105.1524686,
6578.9498,105.1556,105.206,105.1795,,,6578.9498,105.1286807,105.1790807,105.1525807,
6579.8502,105.1557,105.2061,105.1796,,,6579.8502,105.1287927,105.1791927,105.1526927,
6580.7496,105.1551,105.2065,105.1795,,,6580.7496,105.1282048,105.1796048,105.1526048,
6581.6002,105.1551,105.2063,105.1794,,,6581.6002,105.1282162,105.1794162,105.1525162,
6582.4498,105.1549,105.2072,105.1793,,,6582.4498,105.1280276,105.1803276,105.1524276,
6583.3502,105.1549,105.2069,105.1794,,,6583.3502,105.1280396,105.1800396,105.1525396,
6584.2496,105.1545,105.2072,105.1794,,,6584.2496,105.1276517,105.1803517,105.1525517,
6585.15,105.1551,105.2073,105.1796,,,6585.15,105.1282638,105.1804638,105.1527638,
6586.0504,105.1549,105.2075,105.1795,,,6586.0504,105.1280758,105.1806758,105.1526758,
6586.9498,105.1545,105.2073,105.1794,,,6586.9498,105.1276879,105.1804879,105.1525879,
6587.8502,105.1545,105.2069,105.1793,,,6587.8502,105.1276999,105.1800999,105.1524999,
6588.7496,105.1543,105.2076,105.1794,,,6588.7496,105.127512,105.180812,105.152612,
6589.65,105.1545,105.2072,105.1794,,,6589.65,105.127724,105.180424,105.152624,
6590.5504,105.1548,105.2076,105.1793,,,6590.5504,105.1280361,105.1808361,105.1525361,
6591.4498,105.154,105.2079,105.1792,,,6591.4498,105.1272482,105.1811482,105.1524482,
6592.3502,105.1543,105.2076,105.179,,,6592.3502,105.1275602,105.1808602,105.1522602,
6593.2496,105.1543,105.2069,105.1788,,,6593.2496,105.1275723,105.1801723,105.1520723,
6594.15,105.1544,105.2068,105.1789,,,6594.15,105.1276843,105.1800843,105.1521843,
6595.0504,105.1548,105.2075,105.1791,,,6595.0504,105.1280964,105.1807964,105.1523964,
6595.9498,105.1549,105.2075,105.1791,,,6595.9498,105.1282085,105.1808085,105.1524085,
6596.8502,105.1553,105.2071,105.1792,,,6596.8502,105.1286205,105.1804205,105.1525205,
6597.7496,105.1555,105.2064,105.179,,,6597.7496,105.1288326,105.1797326,105.1523326,
6598.65,105.1555,105.2067,105.1789,,,6598.65,105.1288446,105.1800446,105.1522446,
6599.5504,105.1561,105.2063,105.179,,,6599.5504,105.1294567,105.1796567,105.1523567,
6600.4498,105.1559,105.2059,105.1788,,,6600.4498,105.1292688,105.1792688,105.1521688,
6601.3502,105.1557,105.2057,105.1787,,,6601.3502,105.1290808,105.1790808,105.1520808,
6602.2496,105.1551,105.2056,105.1786,,,6602.2496,105.1284929,105.1789929,105.1519929,
6603.15,105.1552,105.2053,105.1784,,,6603.15,105.1286049,105.1787049,105.1518049,
6604.0504,105.1555,105.2051,105.1784,,,6604.0504,105.128917,105.178517,105.151817,
6604.9498,105.1551,105.2047,105.1784,,,6604.9498,105.1285291,105.1781291,105.1518291,
6605.8502,105.1553,105.2043,105.1782,,,6605.8502,105.1287411,105.1777411,105.1516411,
6606.6998,105.1555,105.2041,105.1781,,,6606.6998,105.1289525,105.1775525,105.1515525,
6607.6002,105.1555,105.2036,105.1779,,,6607.6002,105.1289646,105.1770646,105.1513646,
6608.5001,105.1553,105.204,105.1778,,,6608.5001,105.1287766,105.1774766,105.1512766,
6609.4,105.1563,105.2033,105.1779,,,6609.4,105.1297887,105.1767887,105.1513887,
6610.2999,105.1555,105.2037,105.1779,,,6610.2999,105.1290008,105.1772008,105.1514008,
6611.1998,105.1557,105.204,105.1778,,,6611.1998,105.1292128,105.1775128,105.1513128,
6612.15,105.1556,105.204,105.1776,,,6612.15,105.1291255,105.1775255,105.1511255,
6613.0001,105.1557,105.2038,105.1774,,,6613.0001,105.1292369,105.1773369,105.1509369,
6613.8502,105.1549,105.2034,105.1774,,,6613.8502,105.1284483,105.1769483,105.1509483,
6614.7496,105.1543,105.2033,105.1772,,,6614.7496,105.1278604,105.1768604,105.1507604,
6615.65,105.1551,105.2032,105.177,,,6615.65,105.1286724,105.1767724,105.1505724,
6616.5504,105.1549,105.2022,105.1769,,,6616.5504,105.1284845,105.1757845,105.1504845,
6617.4498,105.1548,105.2017,105.1767,,,6617.4498,105.1283966,105.1752966,105.1502966,
6618.3502,105.1548,105.2016,105.1765,,,6618.3502,105.1284086,105.1752086,105.1501086,
6619.2496,105.1551,105.2016,105.1766,,,6619.2496,105.1287207,105.1752207,105.1502207,
6620.15,105.1547,105.2014,105.1766,,,6620.15,105.1283327,105.1750327,105.1502327,
6621.0504,105.1551,105.2006,105.1763,,,6621.0504,105.1287448,105.1742448,105.1499448,
6621.9498,105.1545,105.2006,105.1761,,,6621.9498,105.1281569,105.1742569,105.1497569,
6622.8502,105.1541,105.2002,105.1759,,,6622.8502,105.1277689,105.1738689,105.1495689,
6623.7496,105.1536,105.1996,105.1757,,,6623.7496,105.127281,105.173281,105.149381,
6624.65,105.1541,105.1986,105.1757,,,6624.65,105.127793,105.172293,105.149393,
6625.5504,105.1543,105.1985,105.1756,,,6625.5504,105.1280051,105.1722051,105.1493051,
6626.4498,105.1541,105.1978,105.1755,,,6626.4498,105.1278172,105.1715172,105.1492172,
6627.3502,105.1544,105.1975,105.1754,,,6627.3502,105.1281292,105.1712292,105.1491292,
6628.2496,105.1541,105.1967,105.1752,,,6628.2496,105.1278413,105.1704413,105.1489413,
6629.15,105.1544,105.1969,105.1752,,,6629.15,105.1281533,105.1706533,105.1489533,
6630.0504,105.1547,105.1966,105.1752,,,6630.0504,105.1284654,105.1703654,105.1489654,
6630.9498,105.1538,105.1966,105.175,,,6630.9498,105.1275775,105.1703775,105.1487775,
6631.8502,105.154,105.1961,105.1749,,,6631.8502,105.1277895,105.1698895,105.1486895,
6632.7496,105.1538,105.1957,105.1746,,,6632.7496,105.1276016,105.1695016,105.1484016,
6633.65,105.1538,105.1953,105.1744,,,6633.65,105.1276136,105.1691136,105.1482136,
6634.5504,105.154,105.1946,105.1743,,,6634.5504,105.1278257,105.1684257,105.1481257,
6635.4498,105.1537,105.1942,105.1742,,,6635.4498,105.1275378,105.1680378,105.1480378,
6636.3502,105.1538,105.1939,105.1741,,,6636.3502,105.1276498,105.1677498,105.1479498,
6637.2496,105.1536,105.1939,105.1739,,,6637.2496,105.1274619,105.1677619,105.1477619,
6638.15,105.1543,105.1925,105.1735,,,6638.15,105.1281739,105.1663739,105.1473739,
6639.0504,105.1532,105.1921,105.1733,,,6639.0504,105.127086,105.165986,105.147186,
6639.9498,105.1541,105.1919,105.1731,,,6639.9498,105.1279981,105.1657981,105.1469981,
6640.7999,105.1541,105.1912,105.1729,,,6640.7999,105.1280094,105.1651094,105.1468094,
6641.65,105.1529,105.1918,105.1725,,,6641.65,105.1268208,105.1657208,105.1464208,
6642.5504,105.153,105.1915,105.1722,,,6642.5504,105.1269329,105.1654329,105.1461329,
6643.4498,105.1529,105.191,105.172,,,6643.4498,105.126845,105.164945,105.145945,
6644.3502,105.1529,105.1902,105.1718,,,6644.3502,105.126857,105.164157,105.145757,
6645.2496,105.1528,105.1899,105.1717,,,6645.2496,105.1267691,105.1638691,105.1456691,
6646.15,105.1522,105.1895,105.1715,,,6646.15,105.1261811,105.1634811,105.1454811,
6647.0504,105.1525,105.1891,105.1714,,,6647.0504,105.1264932,105.1630932,105.1453932,
6647.9498,105.1525,105.1887,105.1713,,,6647.9498,105.1265052,105.1627052,105.1453052,
6648.8502,105.1522,105.1883,105.1711,,,6648.8502,105.1262173,105.1623173,105.1451173,
6649.7496,105.1522,105.1882,105.171,,,6649.7496,105.1262294,105.1622294,105.1450294,
6650.65,105.1528,105.188,105.1709,,,6650.65,105.1268414,105.1620414,105.1449414,
6651.5001,105.1517,105.1876,105.1706,,,6651.5001,105.1257528,105.1616528,105.1446528,
6652.3502,105.1517,105.188,105.1703,,,6652.3502,105.1257642,105.1620642,105.1443642,
6653.2496,105.1508,105.1876,105.1701,,,6653.2496,105.1248763,105.1616763,105.1441763,
6654.15,105.151,105.1864,105.1699,,,6654.15,105.1250883,105.1604883,105.1439883,
6655.0504,105.1512,105.186,105.1697,,,6655.0504,105.1253004,105.1601004,105.1438004,
6655.9498,105.1514,105.1862,105.1696,,,6655.9498,105.1255124,105.1603124,105.1437124,
6656.8502,105.1512,105.186,105.1695,,,6656.8502,105.1253245,105.1601245,105.1436245,
6657.6998,105.1512,105.186,105.1693,,,6657.6998,105.1253359,105.1601359,105.1434359,
6658.5504,105.1516,105.1847,105.169,,,6658.5504,105.1257473,105.1588473,105.1431473,
6659.4498,105.1506,105.1845,105.1689,,,6659.4498,105.1247593,105.1586593,105.1430593,
6660.3502,105.1513,105.1843,105.1689,,,6660.3502,105.1254714,105.1584714,105.1430714,
6661.2496,105.1512,105.184,105.1687,,,6661.2496,105.1253835,105.1581835,105.1428835,
6662.15,105.1512,105.1839,105.1685,,,6662.15,105.1253955,105.1580955,105.1426955,
6663.0504,105.1505,105.1837,105.1683,,,6663.0504,105.1247076,105.1579076,105.1425076,
6663.9,105.1504,105.1832,105.1682,,,6663.9,105.124619,105.157419,105.142419,
6664.7496,105.1504,105.1829,105.1678,,,6664.7496,105.1246304,105.1571304,105.1420304,
6665.65,105.1501,105.1827,105.1677,,,6665.65,105.1243424,105.1569424,105.1419424,
6666.5504,105.1498,105.1823,105.1673,,,6666.5504,105.1240545,105.1565545,105.1415545,
6667.4498,105.149,105.1821,105.1671,,,6667.4498,105.1232665,105.1563665,105.1413665,
6668.3502,105.1494,105.1809,105.1667,,,6668.3502,105.1236786,105.1551786,105.1409786,
6669.2496,105.149,105.1811,105.1665,,,6669.2496,105.1232907,105.1553907,105.1407907,
6670.15,105.1492,105.1805,105.1665,,,6670.15,105.1235027,105.1548027,105.1408027,
6671.0504,105.1493,105.1801,105.1665,,,6671.0504,105.1236148,105.1544148,105.1408148,
6671.9,105.1488,105.1796,105.1664,,,6671.9,105.1231262,105.1539262,105.1407262,
6672.7496,105.149,105.1796,105.1661,,,6672.7496,105.1233376,105.1539376,105.1404376,
6673.65,105.1482,105.1801,105.1659,,,6673.65,105.1225496,105.1544496,105.1402496,
6674.5504,105.1482,105.1789,105.1657,,,6674.5504,105.1225617,105.1532617,105.1400617,
6675.4498,105.1478,105.179,105.1657,,,6675.4498,105.1221737,105.1533737,105.1400737,
6676.3502,105.1481,105.1785,105.1656,,,6676.3502,105.1224858,105.1528858,105.1399858,
6677.2496,105.1484,105.1785,105.1654,,,6677.2496,105.1227979,105.1528979,105.1397979,
6678.1002,105.1486,105.1786,105.1653,,,6678.1002,105.1230093,105.1530093,105.1397093,
6679.0001,105.1484,105.1778,105.1651,,,6679.0001,105.1228213,105.1522213,105.1395213,
6679.9,105.1485,105.1781,105.1651,,,6679.9,105.1229334,105.1525334,105.1395334,
6680.7496,105.1488,105.1782,105.1653,,,6680.7496,105.1232448,105.1526448,105.1397448,
6681.65,105.1485,105.1778,105.1652,,,6681.65,105.1229568,105.1522568,105.1396568,
6682.5504,105.1481,105.1778,105.1651,,,6682.5504,105.1225689,105.1522689,105.1395689,
6683.4498,105.1481,105.178,105.1651,,,6683.4498,105.1225809,105.1524809,105.1395809,
6684.3502,105.1482,105.1784,105.1651,,,6684.3502,105.122693,105.152893,105.139593,
6685.2496,105.1485,105.1785,105.1653,,,6685.2496,105.1230051,105.1530051,105.1398051,
6686.1002,105.1493,105.1781,105.1655,,,6686.1002,105.1238165,105.1526165,105.1400165,
6686.9498,105.1498,105.179,105.1657,,,6686.9498,105.1243278,105.1535278,105.1402278,
6687.8502,105.1505,105.179,105.1658,,,6687.8502,105.1250399,105.1535399,105.1403399,
6688.7496,105.1502,105.1795,105.1659,,,6688.7496,105.124752,105.154052,105.140452,
6689.65,105.151,105.179,105.1659,,,6689.65,105.125564,105.153564,105.140464,
6690.5504,105.1514,105.1793,105.1662,,,6690.5504,105.1259761,105.1538761,105.1407761,
6691.4498,105.1516,105.18,105.1665,,,6691.4498,105.1261881,105.1545881,105.1410881,
6692.3502,105.1516,105.1801,105.1665,,,6692.3502,105.1262002,105.1547002,105.1411002,
6693.1998,105.1517,105.1805,105.1665,,,6693.1998,105.1263116,105.1551116,105.1411116,
6694.0504,105.1522,105.1808,105.167,,,6694.0504,105.126823,105.155423,105.141623,
6694.9498,105.1528,105.1811,105.1673,,,6694.9498,105.127435,105.155735,105.141935,
6695.8502,105.1525,105.1815,105.1674,,,6695.8502,105.1271471,105.1561471,105.1420471,
6696.7496,105.1521,105.1816,105.1676,,,6696.7496,105.1267592,105.1562592,105.1422592,
6697.65,105.1526,105.1817,105.1679,,,6697.65,105.1272712,105.1563712,105.1425712,
6698.5504,105.1532,105.1825,105.1683,,,6698.5504,105.1278833,105.1571833,105.1429833,
6699.4498,105.1534,105.1828,105.1683,,,6699.4498,105.1280953,105.1574953,105.1429953,
6700.3502,105.1532,105.1827,105.1683,,,6700.3502,105.1279074,105.1574074,105.1430074,
6701.2496,105.154,105.1829,105.1687,,,6701.2496,105.1287195,105.1576195,105.1434195,
6702.15,105.1496,105.1828,105.1689,,,6702.15,105.1243315,105.1575315,105.1436315,
6703.0504,105.154,105.1829,105.169,,,6703.0504,105.1287436,105.1576436,105.1437436,
6703.9498,105.1557,105.184,105.1691,,,6703.9498,105.1304556,105.1587556,105.1438556,
6704.8502,105.1532,105.1837,105.1692,,,6704.8502,105.1279677,105.1584677,105.1439677,
6705.7496,105.1543,105.1835,105.1691,,,6705.7496,105.1290797,105.1582797,105.1438797,
6706.65,105.1559,105.1835,105.1691,,,6706.65,105.1306918,105.1582918,105.1438918,
6707.5504,105.156,105.184,105.1692,,,6707.5504,105.1308039,105.1588039,105.1440039,
6708.4498,105.1556,105.1844,105.169,,,6708.4498,105.1304159,105.1592159,105.1438159,
6709.3502,105.1508,105.184,105.1687,,,6709.3502,105.125628,105.158828,105.143528,
6710.2496,105.1506,105.1831,105.1682,,,6710.2496,105.12544,105.15794,105.14304,
6711.15,105.1564,105.1837,105.1686,,,6711.15,105.1312521,105.1585521,105.1434521,
6712.0504,105.1555,105.1837,105.1689,,,6712.0504,105.1303642,105.1585642,105.1437642,
6712.9,105.1556,105.1839,105.1686,,,6712.9,105.1304756,105.1587756,105.1434756,
6713.7496,105.1548,105.1837,105.168,,,6713.7496,105.1296869,105.1585869,105.1428869,
6714.65,105.1477,105.1831,105.1675,,,6714.65,105.122599,105.157999,105.142399,
6715.5504,105.1563,105.1828,105.1672,,,6715.5504,105.1312111,105.1577111,105.1421111,
6716.4498,105.1553,105.1831,105.1669,,,6716.4498,105.1302231,105.1580231,105.1418231,
6717.3502,105.156,105.1836,105.1664,,,6717.3502,105.1309352,105.1585352,105.1413352,
6718.2496,105.1547,105.1832,105.1661,,,6718.2496,105.1296472,105.1581472,105.1410472,
6719.15,105.1547,105.1829,105.1657,,,6719.15,105.1296593,105.1578593,105.1406593,
6720.0504,105.1547,105.1831,105.1651,,,6720.0504,105.1296714,105.1580714,105.1400714,
6720.9498,105.1544,105.1825,105.1647,,,6720.9498,105.1293834,105.1574834,105.1396834,
6721.8502,105.1536,105.1816,105.1642,,,6721.8502,105.1285955,105.1565955,105.1391955,
6722.7496,105.1537,105.1823,105.1636,,,6722.7496,105.1287075,105.1573075,105.1386075,
6723.65,105.1528,105.1821,105.1632,,,6723.65,105.1278196,105.1571196,105.1382196,
6724.5504,105.1524,105.1812,105.1628,,,6724.5504,105.1274317,105.1562317,105.1378317,
6725.4498,105.1518,105.1816,105.1624,,,6725.4498,105.1268437,105.1566437,105.1374437,
6726.3502,105.1517,105.1813,105.1621,,,6726.3502,105.1267558,105.1563558,105.1371558,
6727.1998,105.1514,105.1809,105.1618,,,6727.1998,105.1264672,105.1559672,105.1368672,
6728.1002,105.151,105.1804,105.1615,,,6728.1002,105.1260792,105.1554792,105.1365792,
6729.0001,105.1509,105.1809,105.1612,,,6729.0001,105.1259913,105.1559913,105.1362913,
6729.8502,105.151,105.1801,105.1609,,,6729.8502,105.1261027,105.1552027,105.1360027,
6730.7496,105.1501,105.1793,105.1606,,,6730.7496,105.1252147,105.1544147,105.1357147,
6731.65,105.1497,105.1803,105.1606,,,6731.65,105.1248268,105.1554268,105.1357268,
6732.5504,105.1501,105.1801,105.1606,,,6732.5504,105.1252389,105.1552389,105.1357389,
6733.4498,105.1496,105.1801,105.1604,,,6733.4498,105.1247509,105.1552509,105.1355509,
6734.3502,105.149,105.18,105.1603,,,6734.3502,105.124163,105.155163,105.135463,
6735.2496,105.1486,105.1799,105.1604,,,6735.2496,105.123775,105.155075,105.135575,
6736.15,105.1488,105.1804,105.1604,,,6736.15,105.1239871,105.1555871,105.1355871,
6737.0504,105.1489,105.1807,105.1603,,,6737.0504,105.1240992,105.1558992,105.1354992,
6737.9498,105.1484,105.1799,105.1604,,,6737.9498,105.1236112,105.1551112,105.1356112,
6738.8502,105.1485,105.1808,105.1603,,,6738.8502,105.1237233,105.1560233,105.1355233,
6739.7496,105.149,105.1807,105.1603,,,6739.7496,105.1242353,105.1559353,105.1355353,
6740.65,105.1485,105.1809,105.1602,,,6740.65,105.1237474,105.1561474,105.1354474,
6741.5001,105.1484,105.1805,105.1603,,,6741.5001,105.1236588,105.1557588,105.1355588,
6742.4,105.1485,105.1813,105.1605,,,6742.4,105.1237709,105.1565709,105.1357709,
6743.2999,105.1478,105.1813,105.1604,,,6743.2999,105.1230829,105.1565829,105.1356829,
6744.15,105.1478,105.1819,105.1603,,,6744.15,105.1230943,105.1571943,105.1355943,
6745.0504,105.1478,105.1827,105.1604,,,6745.0504,105.1231064,105.1580064,105.1357064,
6745.9498,105.1477,105.1823,105.1605,,,6745.9498,105.1230184,105.1576184,105.1358184,
6746.8502,105.1478,105.1823,105.1607,,,6746.8502,105.1231305,105.1576305,105.1360305,
6747.7496,105.1489,105.1825,105.1607,,,6747.7496,105.1242425,105.1578425,105.1360425,
6748.65,105.1485,105.1828,105.1607,,,6748.65,105.1238546,105.1581546,105.1360546,
6749.5504,105.1493,105.1831,105.1607,,,6749.5504,105.1246667,105.1584667,105.1360667,
6750.4498,105.1488,105.1837,105.1605,,,6750.4498,105.1241787,105.1590787,105.1358787,
6751.3502,105.1486,105.1835,105.1604,,,6751.3502,105.1239908,105.1588908,105.1357908,
6752.2496,105.1493,105.1831,105.1605,,,6752.2496,105.1247028,105.1585028,105.1359028,
6753.1002,105.1494,105.1835,105.1605,,,6753.1002,105.1248142,105.1589142,105.1359142,
6753.9498,105.1493,105.1836,105.1605,,,6753.9498,105.1247256,105.1590256,105.1359256,
6754.8502,105.1494,105.1848,105.1604,,,6754.8502,105.1248377,105.1602377,105.1358377,
6755.7496,105.15,105.1847,105.1605,,,6755.7496,105.1254497,105.1601497,105.1359497,
6756.65,105.1498,105.1848,105.1606,,,6756.65,105.1252618,105.1602618,105.1360618,
6757.5504,105.1497,105.1844,105.1607,,,6757.5504,105.1251739,105.1598739,105.1361739,
6758.4498,105.1492,105.1847,105.1606,,,6758.4498,105.1246859,105.1601859,105.1360859,
6759.3502,105.1498,105.1845,105.1606,,,6759.3502,105.125298,105.159998,105.136098,
6760.2496,105.149,105.1851,105.1606,,,6760.2496,105.12451,105.16061,105.13611,
6761.15,105.149,105.185,105.1606,,,6761.15,105.1245221,105.1605221,105.1361221,
6762.0504,105.1493,105.1855,105.1608,,,6762.0504,105.1248342,105.1610342,105.1363342,
6762.9498,105.149,105.1853,105.161,,,6762.9498,105.1245462,105.1608462,105.1365462,
6763.8502,105.1492,105.1853,105.1611,,,6763.8502,105.1247583,105.1608583,105.1366583,
6764.7496,105.1488,105.185,105.1611,,,6764.7496,105.1243703,105.1605703,105.1366703,
6765.6002,105.1492,105.1856,105.1612,,,6765.6002,105.1247817,105.1611817,105.1367817,
6766.4498,105.1489,105.1855,105.1613,,,6766.4498,105.1244931,105.1610931,105.1368931,
6767.3502,105.149,105.1858,105.1614,,,6767.3502,105.1246052,105.1614052,105.1370052,
6768.2496,105.1485,105.186,105.1613,,,6768.2496,105.1241172,105.1616172,105.1369172,
6769.15,105.1474,105.1855,105.1612,,,6769.15,105.1230293,105.1611293,105.1368293,
6770.0504,105.1481,105.1866,105.1612,,,6770.0504,105.1237414,105.1622414,105.1368414,
6770.9498,105.1477,105.1858,105.161,,,6770.9498,105.1233534,105.1614534,105.1366534,
6771.8502,105.1475,105.1858,105.161,,,6771.8502,105.1231655,105.1614655,105.1366655,
6772.7496,105.1474,105.1859,105.1611,,,6772.7496,105.1230775,105.1615775,105.1367775,
6773.65,105.1478,105.1856,105.161,,,6773.65,105.1234896,105.1612896,105.1366896,
6774.5504,105.1473,105.1867,105.161,,,6774.5504,105.1230017,105.1624017,105.1367017,
6775.4498,105.1471,105.1872,105.1608,,,6775.4498,105.1228137,105.1629137,105.1365137,
6776.3502,105.1463,105.1868,105.1608,,,6776.3502,105.1220258,105.1625258,105.1365258,
6777.1998,105.1462,105.187,105.1607,,,6777.1998,105.1219372,105.1627372,105.1364372,
6778.0504,105.1459,105.1866,105.1606,,,6778.0504,105.1216486,105.1623486,105.1363486,
6778.9498,105.1455,105.1864,105.1604,,,6778.9498,105.1212606,105.1621606,105.1361606,
6779.8502,105.1447,105.187,105.1603,,,6779.8502,105.1204727,105.1627727,105.1360727,
6780.7496,105.1449,105.1866,105.1602,,,6780.7496,105.1206847,105.1623847,105.1359847,
6781.65,105.1451,105.1863,105.1601,,,6781.65,105.1208968,105.1620968,105.1358968,
6782.5504,105.145,105.1867,105.1602,,,6782.5504,105.1208089,105.1625089,105.1360089,
6783.4498,105.1453,105.1858,105.16,,,6783.4498,105.1211209,105.1616209,105.1358209,
6784.3502,105.1439,105.186,105.1598,,,6784.3502,105.119733,105.161833,105.135633,
6785.2496,105.1441,105.186,105.1596,,,6785.2496,105.119945,105.161845,105.135445,
6786.1002,105.1439,105.1864,105.1596,,,6786.1002,105.1197564,105.1622564,105.1354564,
6787.0001,105.143,105.1864,105.1595,,,6787.0001,105.1188685,105.1622685,105.1353685,
6787.9,105.1438,105.1858,105.1595,,,6787.9,105.1196805,105.1616805,105.1353805,
6788.7999,105.1435,105.1862,105.1593,,,6788.7999,105.1193926,105.1620926,105.1351926,
6789.6998,105.1443,105.1852,105.1593,,,6789.6998,105.1202047,105.1611047,105.1352047,
6790.5504,105.1437,105.1855,105.1592,,,6790.5504,105.1196161,105.1614161,105.1351161,
6791.4498,105.1435,105.1856,105.159,,,6791.4498,105.1194281,105.1615281,105.1349281,
6792.3502,105.1441,105.1848,105.159,,,6792.3502,105.1200402,105.1607402,105.1349402,
6793.2496,105.1441,105.1852,105.1591,,,6793.2496,105.1200522,105.1611522,105.1350522,
6794.15,105.1441,105.1844,105.1589,,,6794.15,105.1200643,105.1603643,105.1348643,
6795.0504,105.1435,105.1851,105.1589,,,6795.0504,105.1194764,105.1610764,105.1348764,
6795.9498,105.1433,105.1843,105.1588,,,6795.9498,105.1192884,105.1602884,105.1347884,
6796.8502,105.1434,105.1839,105.1588,,,6796.8502,105.1194005,105.1599005,105.1348005,
6797.7496,105.1437,105.1848,105.1587,,,6797.7496,105.1197125,105.1608125,105.1347125,
6798.6002,105.1435,105.1831,105.1586,,,6798.6002,105.1195239,105.1591239,105.1346239,
6799.4498,105.1435,105.1829,105.1582,,,6799.4498,105.1195353,105.1589353,105.1342353,
6800.3502,105.143,105.1831,105.1581,,,6800.3502,105.1190474,105.1591474,105.1341474,
6801.2496,105.1435,105.1827,105.158,,,6801.2496,105.1195594,105.1587594,105.1340594,
6802.15,105.1429,105.1823,105.1578,,,6802.15,105.1189715,105.1583715,105.1338715,
6803.0504,105.1438,105.1817,105.1578,,,6803.0504,105.1198836,105.1577836,105.1338836,
6803.9498,105.1431,105.1804,105.1577,,,6803.9498,105.1191956,105.1564956,105.1337956,
6804.8502,105.1431,105.1817,105.1574,,,6804.8502,105.1192077,105.1578077,105.1335077,
6805.7496,105.1426,105.1813,105.1572,,,6805.7496,105.1187197,105.1574197,105.1333197,
6806.65,105.1422,105.1807,105.1571,,,6806.65,105.1183318,105.1568318,105.1332318,
6807.5504,105.1427,105.1805,105.1569,,,6807.5504,105.1188438,105.1566438,105.1330438,
6808.4,105.1435,105.1799,105.1567,,,6808.4,105.1196552,105.1560552,105.1328552,
6809.2496,105.1427,105.1803,105.1564,,,6809.2496,105.1188666,105.1564666,105.1325666,
6810.15,105.1425,105.1796,105.1562,,,6810.15,105.1186787,105.1557787,105.1323787,
6811.0504,105.1431,105.179,105.156,,,6811.0504,105.1192907,105.1551907,105.1321907,
6811.9498,105.1427,105.1789,105.1559,,,6811.9498,105.1189028,105.1551028,105.1321028,
6812.8502,105.1429,105.1792,105.1558,,,6812.8502,105.1191149,105.1554149,105.1320149,
6813.7496,105.1425,105.1785,105.1555,,,6813.7496,105.1187269,105.1547269,105.1317269,
6814.65,105.1422,105.178,105.1552,,,6814.65,105.118439,105.154239,105.131439,
6815.5504,105.1421,105.178,105.1548,,,6815.5504,105.118351,105.154251,105.131051,
6816.4,105.1412,105.1778,105.1544,,,6816.4,105.1174624,105.1540624,105.1306624,
6817.2496,105.1415,105.176,105.1541,,,6817.2496,105.1177738,105.1522738,105.1303738,
6818.15,105.1404,105.1757,105.1538,,,6818.15,105.1166859,105.1519859,105.1300859,
6819.0504,105.1412,105.1754,105.1535,,,6819.0504,105.1174979,105.1516979,105.1297979,
6819.9498,105.1406,105.1749,105.1531,,,6819.9498,105.11691,105.15121,105.12941,
6820.8502,105.1392,105.1746,105.1527,,,6820.8502,105.1155221,105.1509221,105.1290221,
6821.7496,105.139,105.174,105.1522,,,6821.7496,105.1153341,105.1503341,105.1285341,
6822.65,105.1388,105.1742,105.1518,,,6822.65,105.1151462,105.1505462,105.1281462,
6823.5504,105.1386,105.173,105.1514,,,6823.5504,105.1149582,105.1493582,105.1277582,
6824.4498,105.1383,105.1731,105.151,,,6824.4498,105.1146703,105.1494703,105.1273703,
6825.3502,105.1375,105.1718,105.1504,,,6825.3502,105.1138824,105.1481824,105.1267824,
6826.1998,105.1364,105.1718,105.15,,,6826.1998,105.1127937,105.1481937,105.1263937,
6827.1002,105.1366,105.1709,105.1497,,,6827.1002,105.1130058,105.1473058,105.1261058,
6828.0001,105.1363,105.1703,105.1493,,,6828.0001,105.1127179,105.1467179,105.1257179,
6828.8502,105.1357,105.1697,105.1491,,,6828.8502,105.1121293,105.1461293,105.1255293,
6829.7496,105.1345,105.1695,105.1485,,,6829.7496,105.1109413,105.1459413,105.1249413,
6830.65,105.1344,105.1694,105.1479,,,6830.65,105.1108534,105.1458534,105.1243534,
6831.5504,105.1333,105.1683,105.1475,,,6831.5504,105.1097654,105.1447654,105.1239654,
6832.4498,105.1329,105.1689,105.147,,,6832.4498,105.1093775,105.1453775,105.1234775,
6833.3502,105.1327,105.1675,105.1467,,,6833.3502,105.1091896,105.1439896,105.1231896,
6834.2496,105.1328,105.167,105.1463,,,6834.2496,105.1093016,105.1435016,105.1228016,
6835.1002,105.1317,105.1656,105.146,,,6835.1002,105.108213,105.142113,105.122513,
6835.9498,105.1311,105.1667,105.1457,,,6835.9498,105.1076244,105.1432244,105.1222244,
6836.8502,105.1307,105.1654,105.1453,,,6836.8502,105.1072365,105.1419365,105.1218365,
6837.7496,105.1305,105.1651,105.145,,,6837.7496,105.1070485,105.1416485,105.1215485,
6838.65,105.1303,105.1642,105.1448,,,6838.65,105.1068606,105.1407606,105.1213606,
6839.5504,105.1296,105.1639,105.1446,,,6839.5504,105.1061726,105.1404726,105.1211726,
6840.4498,105.1288,105.164,105.1442,,,6840.4498,105.1053847,105.1405847,105.1207847,
6841.3502,105.1285,105.1632,105.1436,,,6841.3502,105.1050968,105.1397968,105.1201968,
6842.2496,105.1286,105.1623,105.1433,,,6842.2496,105.1052088,105.1389088,105.1199088,
6843.1002,105.128,105.1619,105.1431,,,6843.1002,105.1046202,105.1385202,105.1197202,
6844.0001,105.128,105.1614,105.1429,,,6844.0001,105.1046323,105.1380323,105.1195323,
6844.9,105.128,105.1614,105.1427,,,6844.9,105.1046443,105.1380443,105.1193443,
6845.7496,105.128,105.1601,105.1423,,,6845.7496,105.1046557,105.1367557,105.1189557,
6846.65,105.1274,105.1606,105.1417,,,6846.65,105.1040678,105.1372678,105.1183678,
6847.5504,105.1268,105.1593,105.1414,,,6847.5504,105.1034798,105.1359798,105.1180798,
6848.4498,105.1262,105.1592,105.1413,,,6848.4498,105.1028919,105.1358919,105.1179919,
6849.3502,105.1253,105.1588,105.1412,,,6849.3502,105.102004,105.135504,105.117904,
6850.2496,105.1261,105.1587,105.1409,,,6850.2496,105.102816,105.135416,105.117616,
6851.15,105.1256,105.1573,105.1406,,,6851.15,105.1023281,105.1340281,105.1173281,
6852.0504,105.1254,105.1573,105.1404,,,6852.0504,105.1021401,105.1340401,105.1171401,
6852.9498,105.1246,105.1572,105.1401,,,6852.9498,105.1013522,105.1339522,105.1168522,
6853.8502,105.1242,105.1563,105.1399,,,6853.8502,105.1009643,105.1330643,105.1166643,
6854.6998,105.1237,105.1564,105.1395,,,6854.6998,105.1004756,105.1331756,105.1162756,
6855.5504,105.1241,105.1561,105.1392,,,6855.5504,105.100887,105.132887,105.115987,
6856.4498,105.1229,105.1552,105.1389,,,6856.4498,105.0996991,105.1319991,105.1156991,
6857.3502,105.1233,105.1549,105.1385,,,6857.3502,105.1001112,105.1317112,105.1153112,
6858.2496,105.1229,105.1538,105.1385,,,6858.2496,105.0997232,105.1306232,105.1153232,
6859.15,105.1219,105.1537,105.1382,,,6859.15,105.0987353,105.1305353,105.1150353,
6860.0504,105.1222,105.1529,105.1378,,,6860.0504,105.0990473,105.1297473,105.1146473,
6860.9498,105.1218,105.1512,105.1374,,,6860.9498,105.0986594,105.1280594,105.1142594,
6861.8502,105.1213,105.1513,105.1371,,,6861.8502,105.0981715,105.1281715,105.1139715,
6862.7496,105.1213,105.1513,105.1368,,,6862.7496,105.0981835,105.1281835,105.1136835,
6863.65,105.1214,105.1506,105.1365,,,6863.65,105.0982956,105.1274956,105.1133956,
6864.5504,105.1207,105.1494,105.1363,,,6864.5504,105.0976076,105.1263076,105.1132076,
6865.4498,105.1205,105.15,105.1359,,,6865.4498,105.0974197,105.1269197,105.1128197,
6866.3502,105.1198,105.1496,105.1355,,,6866.3502,105.0967317,105.1265317,105.1124317,
6867.2496,105.1199,105.1484,105.1351,,,6867.2496,105.0968438,105.1253438,105.1120438,
6868.15,105.1195,105.1482,105.1348,,,6868.15,105.0964559,105.1251559,105.1117559,
6869.0001,105.1191,105.1477,105.1346,,,6869.0001,105.0960673,105.1246673,105.1115673,
6869.8502,105.1187,105.147,105.1342,,,6869.8502,105.0956786,105.1239786,105.1111786,
6870.7496,105.1187,105.1457,105.1338,,,6870.7496,105.0956907,105.1226907,105.1107907,
6871.65,105.1185,105.1457,105.1335,,,6871.65,105.0955028,105.1227028,105.1105028,
6872.5504,105.1182,105.145,105.1332,,,6872.5504,105.0952148,105.1220148,105.1102148,
6873.4498,105.1178,105.1449,105.1328,,,6873.4498,105.0948269,105.1219269,105.1098269,
6874.3502,105.1179,105.1441,105.1326,,,6874.3502,105.0949389,105.1211389,105.1096389,
6875.2496,105.1172,105.1437,105.1322,,,6875.2496,105.094251,105.120751,105.109251,
6876.15,105.1174,105.1434,105.1321,,,6876.15,105.0944631,105.1204631,105.1091631,
6877.0504,105.1159,105.143,105.1318,,,6877.0504,105.0929751,105.1200751,105.1088751,
6877.9498,105.1162,105.1425,105.1316,,,6877.9498,105.0932872,105.1195872,105.1086872,
6878.8502,105.1166,105.1423,105.1315,,,6878.8502,105.0936992,105.1193992,105.1085992,
6879.7496,105.1162,105.1421,105.1312,,,6879.7496,105.0933113,105.1192113,105.1083113,
6880.65,105.1163,105.1416,105.1311,,,6880.65,105.0934234,105.1187234,105.1082234,
6881.5504,105.115,105.1416,105.1309,,,6881.5504,105.0921354,105.1187354,105.1080354,
6882.4498,105.1159,105.1412,105.1309,,,6882.4498,105.0930475,105.1183475,105.1080475,
6883.3502,105.1155,105.1407,105.1307,,,6883.3502,105.0926595,105.1178595,105.1078595,
6884.2496,105.1155,105.1412,105.1306,,,6884.2496,105.0926716,105.1183716,105.1077716,
6885.15,105.1158,105.1408,105.1307,,,6885.15,105.0929837,105.1179837,105.1078837,
6886.0001,105.1159,105.141,105.1305,,,6886.0001,105.0930951,105.1181951,105.1076951,
6886.9,105.116,105.1407,105.1305,,,6886.9,105.0932071,105.1179071,105.1077071,
6887.7999,105.1152,105.1403,105.1303,,,6887.7999,105.0924192,105.1175192,105.1075192,
6888.6998,105.1151,105.1404,105.1305,,,6888.6998,105.0923312,105.1176312,105.1077312,
6889.6002,105.1152,105.1404,105.1303,,,6889.6002,105.0924433,105.1176433,105.1075433,
6890.4498,105.1143,105.14,105.1302,,,6890.4498,105.0915547,105.1172547,105.1074547,
6891.3502,105.1142,105.1399,105.13,,,6891.3502,105.0914667,105.1171667,105.1072667,
6892.2496,105.1136,105.14,105.1298,,,6892.2496,105.0908788,105.1172788,105.1070788,
6893.15,105.1134,105.1394,105.1299,,,6893.15,105.0906909,105.1166909,105.1071909,
6894.0504,105.114,105.1392,105.1297,,,6894.0504,105.0913029,105.1165029,105.1070029,
6894.9498,105.1134,105.1392,105.1295,,,6894.9498,105.090715,105.116515,105.106815,
6895.8502,105.1127,105.1388,105.1293,,,6895.8502,105.090027,105.116127,105.106627,
6896.7496,105.1126,105.1387,105.1291,,,6896.7496,105.0899391,105.1160391,105.1064391,
6897.65,105.112,105.1383,105.129,,,6897.65,105.0893512,105.1156512,105.1063512,
6898.5504,105.1115,105.1383,105.1287,,,6898.5504,105.0888632,105.1156632,105.1060632,
6899.4498,105.1112,105.138,105.1285,,,6899.4498,105.0885753,105.1153753,105.1058753,
6900.3502,105.1111,105.138,105.1281,,,6900.3502,105.0884873,105.1153873,105.1054873,
6901.2496,105.1107,105.1376,105.1278,,,6901.2496,105.0880994,105.1149994,105.1051994,
6902.15,105.1103,105.1379,105.1273,,,6902.15,105.0877115,105.1153115,105.1047115,
6903.0504,105.1099,105.1375,105.1271,,,6903.0504,105.0873235,105.1149235,105.1045235,
6903.9498,105.1089,105.1375,105.1267,,,6903.9498,105.0863356,105.1149356,105.1041356,
6904.8502,105.1092,105.1367,105.1261,,,6904.8502,105.0866476,105.1141476,105.1035476,
6905.7496,105.1079,105.1345,105.1244,,,6905.7496,105.0853597,105.1119597,105.1018597,
6906.6002,105.1083,105.1355,105.125,,,6906.6002,105.0857711,105.1129711,105.1024711,
6907.5001,105.1076,105.1357,105.1245,,,6907.5001,105.0850831,105.1131831,105.1019831,
6908.4,105.104,105.1351,105.1237,,,6908.4,105.0814952,105.1125952,105.1011952,
6909.2999,105.105,105.1341,105.123,,,6909.2999,105.0825073,105.1116073,105.1005073,
6910.1998,105.1044,105.1328,105.1222,,,6910.1998,105.0819193,105.1103193,105.0997193,
6911.0504,105.1022,105.1315,105.1211,,,6911.0504,105.0797307,105.1090307,105.0986307,
6911.9498,105.1036,105.1294,105.12,,,6911.9498,105.0811428,105.1069428,105.0975428,
6912.8502,105.1038,105.1282,105.119,,,6912.8502,105.0813548,105.1057548,105.0965548,
6913.7496,105.1044,105.1281,105.1186,,,6913.7496,105.0819669,105.1056669,105.0961669,
6914.65,105.104,105.1274,105.118,,,6914.65,105.081579,105.104979,105.095579,
6915.5504,105.1025,105.1282,105.1173,,,6915.5504,105.080091,105.105791,105.094891,
6916.4498,105.1024,105.1272,105.1166,,,6916.4498,105.0800031,105.1048031,105.0942031,
6917.3502,105.1014,105.1261,105.1155,,,6917.3502,105.0790151,105.1037151,105.0931151,
6918.2496,105.101,105.1252,105.1143,,,6918.2496,105.0786272,105.1028272,105.0919272,
6919.15,105.0998,105.1234,105.1128,,,6919.15,105.0774393,105.1010393,105.0904393,
6920.0504,105.0992,105.1221,105.1115,,,6920.0504,105.0768513,105.0997513,105.0891513,
6920.9498,105.0977,105.121,105.1099,,,6920.9498,105.0753634,105.0986634,105.0875634,
6921.8502,105.0966,105.1189,105.1084,,,6921.8502,105.0742754,105.0965754,105.0860754,
6922.6998,105.0959,105.1175,105.1067,,,6922.6998,105.0735868,105.0951868,105.0843868,
6923.5504,105.0945,105.1162,105.105,,,6923.5504,105.0721982,105.0938982,105.0826982,
6924.4498,105.0935,105.1139,105.1033,,,6924.4498,105.0712103,105.0916103,105.0810103,
6925.3502,105.0918,105.1124,105.1016,,,6925.3502,105.0695223,105.0901223,105.0793223,
6926.2496,105.0902,105.1104,105.0999,,,6926.2496,105.0679344,105.0881344,105.0776344,
6927.15,105.0888,105.1087,105.0982,,,6927.15,105.0665464,105.0864464,105.0759464,
6928.0504,105.0863,105.1067,105.0965,,,6928.0504,105.0640585,105.0844585,105.0742585,
6928.9498,105.0841,105.1048,105.0943,,,6928.9498,105.0618706,105.0825706,105.0720706,
6929.8502,105.0812,105.1025,105.0923,,,6929.8502,105.0589826,105.0802826,105.0700826,
6930.7496,105.079,105.1001,105.0901,,,6930.7496,105.0567947,105.0778947,105.0678947,
6931.65,105.0761,105.0981,105.088,,,6931.65,105.0539067,105.0759067,105.0658067,
6932.5504,105.073,105.0965,105.0857,,,6932.5504,105.0508188,105.0743188,105.0635188,
6933.4498,105.0713,105.0942,105.0835,,,6933.4498,105.0491309,105.0720309,105.0613309,
6934.3502,105.0687,105.0915,105.0814,,,6934.3502,105.0465429,105.0693429,105.0592429,
6935.2496,105.065,105.0895,105.079,,,6935.2496,105.042855,105.067355,105.056855,
6936.15,105.0628,105.0872,105.0765,,,6936.15,105.040667,105.065067,105.054367,
6937.0504,105.0603,105.0847,105.0743,,,6937.0504,105.0381791,105.0625791,105.0521791,
6937.9498,105.0577,105.0829,105.0722,,,6937.9498,105.0355912,105.0607912,105.0500912,
6938.8502,105.056,105.0809,105.0699,,,6938.8502,105.0339032,105.0588032,105.0478032,
6939.7496,105.053,105.079,105.0677,,,6939.7496,105.0309153,105.0569153,105.0456153,
6940.65,105.0501,105.0768,105.0653,,,6940.65,105.0280273,105.0547273,105.0432273,
6941.5504,105.0475,105.0746,105.063,,,6941.5504,105.0254394,105.0525394,105.0409394,
6942.4498,105.0443,105.0723,105.0607,,,6942.4498,105.0222515,105.0502515,105.0386515,
6943.3502,105.042,105.071,105.0587,,,6943.3502,105.0199635,105.0489635,105.0366635,
6944.2496,105.0398,105.0689,105.0568,,,6944.2496,105.0177756,105.0468756,105.0347756,
6945.15,105.0375,105.0673,105.055,,,6945.15,105.0154876,105.0452876,105.0329876,
6946.0504,105.0349,105.0659,105.0532,,,6946.0504,105.0128997,105.0438997,105.0311997,
6946.9498,105.0332,105.064,105.0516,,,6946.9498,105.0112118,105.0420118,105.0296118,
6947.8502,105.0308,105.0627,105.05,,,6947.8502,105.0088238,105.0407238,105.0280238,
6948.7496,105.0293,105.0616,105.0487,,,6948.7496,105.0073359,105.0396359,105.0267359,
6949.6002,105.0285,105.0608,105.0475,,,6949.6002,105.0065473,105.0388473,105.0255473,
6950.4498,105.0276,105.0603,105.0467,,,6950.4498,105.0056587,105.0383587,105.0247587,
6951.3502,105.0262,105.0593,105.046,,,6951.3502,105.0042707,105.0373707,105.0240707,
6952.2496,105.025,105.0588,105.0455,,,6952.2496,105.0030828,105.0368828,105.0235828,
6953.15,105.0242,105.0584,105.045,,,6953.15,105.0022948,105.0364948,105.0230948,
6954.0504,105.0242,105.0584,105.0448,,,6954.0504,105.0023069,105.0365069,105.0229069,
6954.9498,105.0234,105.0593,105.045,,,6954.9498,105.001519,105.037419,105.023119,
6955.8502,105.0227,105.0592,105.0451,,,6955.8502,105.000831,105.037331,105.023231,
6956.7496,105.0229,105.0597,105.0454,,,6956.7496,105.0010431,105.0378431,105.0235431,
6957.65,105.0233,105.0603,105.046,,,6957.65,105.0014551,105.0384551,105.0241551,
6958.5504,105.023,105.0613,105.0468,,,6958.5504,105.0011672,105.0394672,105.0249672,
6959.4498,105.0234,105.0626,105.0477,,,6959.4498,105.0015793,105.0407793,105.0258793,
6960.3502,105.0248,105.0643,105.0489,,,6960.3502,105.0029913,105.0424913,105.0270913,
6961.2496,105.0246,105.0652,105.0503,,,6961.2496,105.0028034,105.0434034,105.0285034,
6962.15,105.025,105.0678,105.0516,,,6962.15,105.0032154,105.0460154,105.0298154,
6963.0504,105.0264,105.0698,105.0534,,,6963.0504,105.0046275,105.0480275,105.0316275,
6963.9498,105.0269,105.0717,105.0551,,,6963.9498,105.0051396,105.0499396,105.0333396,
6964.8502,105.0276,105.0742,105.0571,,,6964.8502,105.0058516,105.0524516,105.0353516,
6965.6998,105.0296,105.0769,105.059,,,6965.6998,105.007863,105.055163,105.037263,
6966.5504,105.0305,105.0784,105.0609,,,6966.5504,105.0087744,105.0566744,105.0391744,
6967.4498,105.0305,105.0813,105.0632,,,6967.4498,105.0087865,105.0595865,105.0414865,
6968.3502,105.0325,105.0843,105.0655,,,6968.3502,105.0107985,105.0625985,105.0437985,
6969.2496,105.0339,105.087,105.0677,,,6969.2496,105.0122106,105.0653106,105.0460106,
6970.15,105.0352,105.0898,105.0698,,,6970.15,105.0135226,105.0681226,105.0481226,
6971.0504,105.0364,105.0923,105.0721,,,6971.0504,105.0147347,105.0706347,105.0504347,
6971.9498,105.037,105.0951,105.0743,,,6971.9498,105.0153468,105.0734468,105.0526468,
6972.8502,105.0386,105.0984,105.0767,,,6972.8502,105.0169588,105.0767588,105.0550588,
6973.7496,105.0398,105.1013,105.079,,,6973.7496,105.0181709,105.0796709,105.0573709,
6974.65,105.0415,105.1041,105.0814,,,6974.65,105.0198829,105.0824829,105.0597829,
6975.5001,105.0431,105.1069,105.0839,,,6975.5001,105.0214943,105.0852943,105.0622943,
6976.3502,105.0442,105.1092,105.0862,,,6976.3502,105.0226057,105.0876057,105.0646057,
6977.2496,105.0466,105.1116,105.0884,,,6977.2496,105.0250178,105.0900178,105.0668178,
6978.15,105.0491,105.1143,105.0908,,,6978.15,105.0275298,105.0927298,105.0692298,
6979.0504,105.0514,105.1169,105.0933,,,6979.0504,105.0298419,105.0953419,105.0717419,
6979.9498,105.0546,105.1187,105.0958,,,6979.9498,105.033054,105.097154,105.074254,
6980.8502,105.0575,105.1206,105.0981,,,6980.8502,105.035966,105.099066,105.076566,
6981.7496,105.0608,105.1227,105.1004,,,6981.7496,105.0392781,105.1011781,105.0788781,
6982.65,105.0632,105.1246,105.1025,,,6982.65,105.0416901,105.1030901,105.0809901,
6983.5504,105.0662,105.1261,105.1046,,,6983.5504,105.0447022,105.1046022,105.0831022,
6984.4498,105.0693,105.1278,105.1067,,,6984.4498,105.0478142,105.1063142,105.0852142,
6985.3502,105.0729,105.1296,105.1089,,,6985.3502,105.0514263,105.1081263,105.0874263,
6986.1998,105.0756,105.1312,105.111,,,6986.1998,105.0541377,105.1097377,105.0895377,
6987.1002,105.0789,105.1324,105.1129,,,6987.1002,105.0574498,105.1109498,105.0914498,
6988.0001,105.0824,105.134,105.1148,,,6988.0001,105.0609618,105.1125618,105.0933618,
6988.9,105.0854,105.1352,105.1166,,,6988.9,105.0639739,105.1137739,105.0951739,
6989.7999,105.0878,105.1366,105.1184,,,6989.7999,105.0663859,105.1151859,105.0969859,
6990.65,105.0896,105.1375,105.1199,,,6990.65,105.0681973,105.1160973,105.0984973,
6991.5504,105.0915,105.1392,105.1215,,,6991.5504,105.0701094,105.1178094,105.1001094,
6992.4498,105.0942,105.1396,105.123,,,6992.4498,105.0728214,105.1182214,105.1016214,
6993.3502,105.0959,105.1407,105.1244,,,6993.3502,105.0745335,105.1193335,105.1030335,
6994.2496,105.0989,105.1414,105.1257,,,6994.2496,105.0775456,105.1200456,105.1043456,
6995.15,105.1012,105.1433,105.1271,,,6995.15,105.0798576,105.1219576,105.1057576,
6996.0504,105.1033,105.1442,105.1282,,,6996.0504,105.0819697,105.1228697,105.1068697,
6996.9498,105.1047,105.1454,105.1291,,,6996.9498,105.0833817,105.1240817,105.1077817,
6997.8502,105.106,105.1462,105.1299,,,6997.8502,105.0846938,105.1248938,105.1085938,
6998.7496,105.1069,105.1471,105.1309,,,6998.7496,105.0856059,105.1258059,105.1096059,
6999.65,105.1073,105.1488,105.1315,,,6999.65,105.0860179,105.1275179,105.1102179,
7000.5504,105.1088,105.1496,105.132,,,7000.5504,105.08753,105.12833,105.11073,
7001.4498,105.1087,105.1496,105.1327,,,7001.4498,105.087442,105.128342,105.111442,
7002.3502,105.1088,105.1501,105.1336,,,7002.3502,105.0875541,105.1288541,105.1123541,
7003.2496,105.1114,105.1513,105.1346,,,7003.2496,105.0901662,105.1300662,105.1133662,
7004.15,105.1144,105.1517,105.1354,,,7004.15,105.0931782,105.1304782,105.1141782,
7005.0504,105.116,105.1525,105.136,,,7005.0504,105.0947903,105.1312903,105.1147903,
7005.9498,105.1169,105.1529,105.1365,,,7005.9498,105.0957023,105.1317023,105.1153023,
7006.8502,105.1181,105.1547,105.1369,,,7006.8502,105.0969144,105.1335144,105.1157144,
7007.7496,105.1202,105.1549,105.1372,,,7007.7496,105.0990265,105.1337265,105.1160265,
7008.65,105.1207,105.1552,105.1375,,,7008.65,105.0995385,105.1340385,105.1163385,
7009.5504,105.1206,105.1561,105.1378,,,7009.5504,105.0994506,105.1349506,105.1166506,
7010.4498,105.121,105.1559,105.138,,,7010.4498,105.0998626,105.1347626,105.1168626,
7011.3502,105.1215,105.1563,105.1383,,,7011.3502,105.1003747,105.1351747,105.1171747,
7012.2496,105.1219,105.1568,105.1384,,,7012.2496,105.1007868,105.1356868,105.1172868,
7013.15,105.1227,105.1576,105.1386,,,7013.15,105.1015988,105.1364988,105.1174988,
7014.0504,105.1234,105.1575,105.1386,,,7014.0504,105.1023109,105.1364109,105.1175109,
7014.9498,105.1238,105.1579,105.1387,,,7014.9498,105.1027229,105.1368229,105.1176229,
7015.8502,105.1231,105.1579,105.1388,,,7015.8502,105.102035,105.136835,105.117735,
7016.7496,105.1236,105.1584,105.1385,,,7016.7496,105.1025471,105.1373471,105.1174471,
7017.65,105.1248,105.1592,105.1385,,,7017.65,105.1037591,105.1381591,105.1174591,
7018.5504,105.1248,105.1599,105.1389,,,7018.5504,105.1037712,105.1388712,105.1178712,
7019.4498,105.1256,105.1603,105.1391,,,7019.4498,105.1045832,105.1392832,105.1180832,
7020.3502,105.1254,105.1601,105.139,,,7020.3502,105.1043953,105.1390953,105.1179953,
7021.2496,105.1261,105.16,105.1391,,,7021.2496,105.1051074,105.1390074,105.1181074,
7022.15,105.126,105.1603,105.139,,,7022.15,105.1050194,105.1393194,105.1180194,
7023.0504,105.1253,105.1601,105.1389,,,7023.0504,105.1043315,105.1391315,105.1179315,
7023.9498,105.1252,105.1607,105.1389,,,7023.9498,105.1042435,105.1397435,105.1179435,
7024.8502,105.1252,105.1601,105.1387,,,7024.8502,105.1042556,105.1391556,105.1177556,
7025.7496,105.1254,105.1606,105.1388,,,7025.7496,105.1044677,105.1396677,105.1178677,
7026.65,105.126,105.1604,105.1388,,,7026.65,105.1050797,105.1394797,105.1178797,
7027.5504,105.126,105.1606,105.1387,,,7027.5504,105.1050918,105.1396918,105.1177918,
7028.4498,105.1256,105.1608,105.1385,,,7028.4498,105.1047038,105.1399038,105.1176038,
7029.3502,105.1257,105.1603,105.1385,,,7029.3502,105.1048159,105.1394159,105.1176159,
7030.2496,105.1249,105.1606,105.1385,,,7030.2496,105.104028,105.139728,105.117628,
7031.15,105.1246,105.1601,105.1383,,,7031.15,105.10374,105.13924,105.11744,
7032.0504,105.125,105.1612,105.1379,,,7032.0504,105.1041521,105.1403521,105.1170521,
7032.9498,105.1252,105.1603,105.1376,,,7032.9498,105.1043641,105.1394641,105.1167641,
7033.8502,105.1253,105.1599,105.1375,,,7033.8502,105.1044762,105.1390762,105.1166762,
7034.7496,105.1245,105.1599,105.1371,,,7034.7496,105.1036883,105.1390883,105.1162883,
7035.65,105.1248,105.1591,105.1371,,,7035.65,105.1040003,105.1383003,105.1163003,
7036.6002,105.1238,105.1601,105.1369,,,7036.6002,105.103013,105.139313,105.116113,
7037.5504,105.1241,105.1588,105.1365,,,7037.5504,105.1033258,105.1380258,105.1157258,
7038.4,105.1234,105.1583,105.1362,,,7038.4,105.1026372,105.1375372,105.1154372,
7039.2999,105.1226,105.1584,105.1361,,,7039.2999,105.1018492,105.1376492,105.1153492,
7040.1998,105.1227,105.1583,105.1359,,,7040.1998,105.1019613,105.1375613,105.1151613,
7041.1002,105.1233,105.1581,105.1357,,,7041.1002,105.1025733,105.1373733,105.1149733,
7042.0504,105.1215,105.1576,105.1354,,,7042.0504,105.1007861,105.1368861,105.1146861,
7042.9498,105.1219,105.1588,105.135,,,7042.9498,105.1011981,105.1380981,105.1142981,
7043.8502,105.1221,105.1572,105.1348,,,7043.8502,105.1014102,105.1365102,105.1141102,
7044.7496,105.1213,105.1576,105.1344,,,7044.7496,105.1006222,105.1369222,105.1137222,
7045.65,105.1206,105.1573,105.1342,,,7045.65,105.0999343,105.1366343,105.1135343,
7046.5504,105.1217,105.1563,105.1341,,,7046.5504,105.1010464,105.1356464,105.1134464,
7047.4498,105.121,105.1568,105.1339,,,7047.4498,105.1003584,105.1361584,105.1132584,
7048.3502,105.121,105.1576,105.1337,,,7048.3502,105.1003705,105.1369705,105.1130705,
7049.2496,105.1206,105.156,105.1336,,,7049.2496,105.0999825,105.1353825,105.1129825,
7050.15,105.1203,105.1563,105.1334,,,7050.15,105.0996946,105.1356946,105.1127946,
7051.0504,105.1202,105.1559,105.1329,,,7051.0504,105.0996067,105.1353067,105.1123067,
7051.9498,105.1207,105.1553,105.1327,,,7051.9498,105.1001187,105.1347187,105.1121187,
7052.8502,105.1199,105.1544,105.1326,,,7052.8502,105.0993308,105.1338308,105.1120308,
7053.7496,105.1205,105.1538,105.1323,,,7053.7496,105.0999428,105.1332428,105.1117428,
7054.65,105.1206,105.1544,105.1321,,,7054.65,105.1000549,105.1338549,105.1115549,
7055.5504,105.1197,105.153,105.1319,,,7055.5504,105.099167,105.132467,105.111367,
7056.4498,105.1202,105.1538,105.1318,,,7056.4498,105.099679,105.133279,105.111279,
7057.3502,105.1206,105.1543,105.1315,,,7057.3502,105.1000911,105.1337911,105.1109911,
7058.2496,105.1193,105.153,105.1312,,,7058.2496,105.0988031,105.1325031,105.1107031,
7059.15,105.1199,105.1525,105.131,,,7059.15,105.0994152,105.1320152,105.1105152,
7060.0504,105.119,105.153,105.1309,,,7060.0504,105.0985273,105.1325273,105.1104273,
7060.9498,105.1194,105.1512,105.1305,,,7060.9498,105.0989393,105.1307393,105.1100393,
7061.9,105.1197,105.1513,105.1303,,,7061.9,105.0992521,105.1308521,105.1098521,
7062.7999,105.119,105.152,105.13,,,7062.7999,105.0985641,105.1315641,105.1095641,
7063.6998,105.1191,105.151,105.1296,,,7063.6998,105.0986762,105.1305762,105.1091762,
7064.65,105.1189,105.1502,105.1293,,,7064.65,105.0984889,105.1297889,105.1088889,
7065.5504,105.1183,105.1512,105.129,,,7065.5504,105.097901,105.130801,105.108601,
7066.4498,105.1185,105.1496,105.1288,,,7066.4498,105.098113,105.129213,105.108413,
7067.3502,105.1179,105.15,105.1286,,,7067.3502,105.0975251,105.1296251,105.1082251,
7068.2496,105.1171,105.1498,105.1283,,,7068.2496,105.0967371,105.1294371,105.1079371,
7069.15,105.1174,105.1486,105.1281,,,7069.15,105.0970492,105.1282492,105.1077492,
7070.0504,105.1174,105.1485,105.128,,,7070.0504,105.0970613,105.1281613,105.1076613,
7070.9498,105.117,105.1479,105.1278,,,7070.9498,105.0966733,105.1275733,105.1074733,
7071.8502,105.1167,105.1478,105.1273,,,7071.8502,105.0963854,105.1274854,105.1069854,
7072.7496,105.1172,105.1484,105.1269,,,7072.7496,105.0968974,105.1280974,105.1065974,
7073.65,105.116,105.147,105.1267,,,7073.65,105.0957095,105.1267095,105.1064095,
7074.5504,105.117,105.1466,105.1263,,,7074.5504,105.0967216,105.1263216,105.1060216,
7075.4498,105.116,105.1461,105.126,,,7075.4498,105.0957336,105.1258336,105.1057336,
7076.3502,105.1155,105.1461,105.1257,,,7076.3502,105.0952457,105.1258457,105.1054457,
7077.2496,105.1159,105.1457,105.1255,,,7077.2496,105.0956577,105.1254577,105.1052577,
7078.15,105.1154,105.1454,105.1252,,,7078.15,105.0951698,105.1251698,105.1049698,
7079.0504,105.1146,105.1463,105.1249,,,7079.0504,105.0943819,105.1260819,105.1046819,
7079.9498,105.1138,105.1455,105.1247,,,7079.9498,105.0935939,105.1252939,105.1044939,
7080.9,105.1146,105.1441,105.1242,,,7080.9,105.0944067,105.1239067,105.1040067,
7081.7999,105.1135,105.1438,105.124,,,7081.7999,105.0933187,105.1236187,105.1038187,
7082.6998,105.113,105.1446,105.1237,,,7082.6998,105.0928308,105.1244308,105.1035308,
7083.65,105.1134,105.1442,105.1236,,,7083.65,105.0932435,105.1240435,105.1034435,
7084.5504,105.1134,105.1434,105.1234,,,7084.5504,105.0932556,105.1232556,105.1032556,
7085.4498,105.1128,105.1433,105.123,,,7085.4498,105.0926676,105.1231676,105.1028676,
7086.3502,105.1127,105.1426,105.1227,,,7086.3502,105.0925797,105.1224797,105.1025797,
7087.2496,105.1118,105.1426,105.1225,,,7087.2496,105.0916917,105.1224917,105.1023917,
7088.15,105.1111,105.1437,105.1224,,,7088.15,105.0910038,105.1236038,105.1023038,
7089.0504,105.1105,105.1422,105.122,,,7089.0504,105.0904159,105.1221159,105.1019159,
7089.9498,105.1108,105.1419,105.1218,,,7089.9498,105.0907279,105.1218279,105.1017279,
7090.8502,105.1105,105.1418,105.1216,,,7090.8502,105.09044,105.12174,105.10154,
7091.7496,105.1097,105.1416,105.1214,,,7091.7496,105.089652,105.121552,105.101352,
7092.65,105.1091,105.1407,105.121,,,7092.65,105.0890641,105.1206641,105.1009641,
7093.5504,105.1097,105.1411,105.1208,,,7093.5504,105.0896762,105.1210762,105.1007762,
7094.4498,105.1089,105.1402,105.1204,,,7094.4498,105.0888882,105.1201882,105.1003882,
7095.3502,105.1091,105.1408,105.1202,,,7095.3502,105.0891003,105.1208003,105.1002003,
7096.2496,105.1085,105.14,105.1199,,,7096.2496,105.0885123,105.1200123,105.0999123,
7097.15,105.1072,105.1392,105.1197,,,7097.15,105.0872244,105.1192244,105.0997244,
7098.0504,105.1077,105.1395,105.1195,,,7098.0504,105.0877365,105.1195365,105.0995365,
7098.9498,105.1071,105.1391,105.119,,,7098.9498,105.0871485,105.1191485,105.0990485,
7099.8502,105.1077,105.1388,105.1189,,,7099.8502,105.0877606,105.1188606,105.0989606,
7100.7496,105.1067,105.139,105.1186,,,7100.7496,105.0867726,105.1190726,105.0986726,
7101.65,105.1061,105.139,105.1183,,,7101.65,105.0861847,105.1190847,105.0983847,
7102.5504,105.1053,105.1384,105.118,,,7102.5504,105.0853968,105.1184968,105.0980968,
7103.4498,105.1057,105.1383,105.1176,,,7103.4498,105.0858088,105.1184088,105.0977088,
7104.3502,105.1052,105.1375,105.1173,,,7104.3502,105.0853209,105.1176209,105.0974209,
7105.2496,105.105,105.1374,105.117,,,7105.2496,105.0851329,105.1175329,105.0971329,
7106.15,105.1041,105.1368,105.1167,,,7106.15,105.084245,105.116945,105.096845,
7107.0504,105.1034,105.136,105.1165,,,7107.0504,105.0835571,105.1161571,105.0966571,
7107.9498,105.1037,105.1362,105.1163,,,7107.9498,105.0838691,105.1163691,105.0964691,
7108.8502,105.1034,105.1367,105.1158,,,7108.8502,105.0835812,105.1168812,105.0959812,
7109.7496,105.1037,105.1372,105.1155,,,7109.7496,105.0838932,105.1173932,105.0956932,
7110.65,105.1036,105.136,105.1154,,,7110.65,105.0838053,105.1162053,105.0956053,
7111.5504,105.1024,105.1348,105.115,,,7111.5504,105.0826174,105.1150174,105.0952174,
7112.4498,105.1017,105.1356,105.1146,,,7112.4498,105.0819294,105.1158294,105.0948294,
7113.3502,105.1016,105.1345,105.1143,,,7113.3502,105.0818415,105.1147415,105.0945415,
7114.2496,105.1022,105.1344,105.1141,,,7114.2496,105.0824535,105.1146535,105.0943535,
7115.15,105.1022,105.1351,105.114,,,7115.15,105.0824656,105.1153656,105.0942656,
7116.0504,105.1022,105.1345,105.1139,,,7116.0504,105.0824777,105.1147777,105.0941777,
7116.9498,105.1014,105.1335,105.1135,,,7116.9498,105.0816897,105.1137897,105.0937897,
7117.8502,105.101,105.1337,105.1133,,,7117.8502,105.0813018,105.1140018,105.0936018,
7118.7496,105.1002,105.1337,105.1131,,,7118.7496,105.0805138,105.1140138,105.0934138,
7119.65,105.0997,105.1328,105.1128,,,7119.65,105.0800259,105.1131259,105.0931259,
7120.6002,105.1002,105.1323,105.1127,,,7120.6002,105.0805386,105.1126386,105.0930386,
7121.5001,105.1,105.1327,105.1125,,,7121.5001,105.0803507,105.1130507,105.0928507,
7122.4,105.0993,105.1317,105.1121,,,7122.4,105.0796627,105.1120627,105.0924627,
7123.3502,105.0993,105.1319,105.1118,,,7123.3502,105.0796755,105.1122755,105.0921755,
7124.2496,105.099,105.1313,105.1118,,,7124.2496,105.0793875,105.1116875,105.0921875,
7125.15,105.0989,105.1305,105.1115,,,7125.15,105.0792996,105.1108996,105.0918996,
7126.0504,105.0988,105.1309,105.1114,,,7126.0504,105.0792117,105.1113117,105.0918117,
7126.9498,105.099,105.1301,105.1111,,,7126.9498,105.0794237,105.1105237,105.0915237,
7127.8502,105.0979,105.1311,105.1109,,,7127.8502,105.0783358,105.1115358,105.0913358,
7128.7496,105.0975,105.1303,105.1107,,,7128.7496,105.0779478,105.1107478,105.0911478,
7129.65,105.0975,105.1296,105.1104,,,7129.65,105.0779599,105.1100599,105.0908599,
7130.5504,105.0971,105.13,105.1103,,,7130.5504,105.077572,105.110472,105.090772,
7131.4498,105.0967,105.1292,105.1102,,,7131.4498,105.077184,105.109684,105.090684,
7132.3502,105.0974,105.1286,105.1098,,,7132.3502,105.0778961,105.1090961,105.0902961,
7133.2496,105.0966,105.1285,105.1096,,,7133.2496,105.0771081,105.1090081,105.0901081,
7134.15,105.0959,105.1281,105.1093,,,7134.15,105.0764202,105.1086202,105.0898202,
7135.0504,105.0961,105.1278,105.1091,,,7135.0504,105.0766323,105.1083323,105.0896323,
7136.0001,105.0965,105.1274,105.109,,,7136.0001,105.077045,105.107945,105.089545,
7136.9498,105.0963,105.1266,105.1089,,,7136.9498,105.0768577,105.1071577,105.0894577,
7137.8502,105.0961,105.1269,105.1087,,,7137.8502,105.0766698,105.1074698,105.0892698,
7138.7496,105.0959,105.1266,105.1086,,,7138.7496,105.0764818,105.1071818,105.0891818,
7139.65,105.0962,105.1257,105.1082,,,7139.65,105.0767939,105.1062939,105.0887939,
7140.5504,105.0958,105.126,105.1079,,,7140.5504,105.0764059,105.1066059,105.0885059,
7141.4498,105.0959,105.1252,105.1079,,,7141.4498,105.076518,105.105818,105.088518,
7142.3502,105.0961,105.1253,105.1079,,,7142.3502,105.0767301,105.1059301,105.0885301,
7143.2496,105.0959,105.1244,105.1077,,,7143.2496,105.0765421,105.1050421,105.0883421,
7144.15,105.0959,105.1246,105.1074,,,7144.15,105.0765542,105.1052542,105.0880542,
7145.0504,105.0961,105.124,105.1072,,,7145.0504,105.0767662,105.1046662,105.0878662,
7145.9498,105.0954,105.123,105.1072,,,7145.9498,105.0760783,105.1036783,105.0878783,
7146.8502,105.0962,105.1234,105.1072,,,7146.8502,105.0768904,105.1040904,105.0878904,
7147.7496,105.0954,105.1223,105.107,,,7147.7496,105.0761024,105.1030024,105.0877024,
7148.65,105.0955,105.1218,105.1069,,,7148.65,105.0762145,105.1025145,105.0876145,
7149.5504,105.0951,105.1213,105.1066,,,7149.5504,105.0758265,105.1020265,105.0873265,
7150.5001,105.0946,105.121,105.1066,,,7150.5001,105.0753393,105.1017393,105.0873393,
7151.4498,105.0953,105.1213,105.1067,,,7151.4498,105.076052,105.102052,105.087452,
7152.3502,105.0947,105.1203,105.1067,,,7152.3502,105.0754641,105.1010641,105.0874641,
7153.2496,105.0951,105.1209,105.1066,,,7153.2496,105.0758761,105.1016761,105.0873761,
7154.15,105.0946,105.1197,105.1065,,,7154.15,105.0753882,105.1004882,105.0872882,
7155.0504,105.0943,105.1197,105.1064,,,7155.0504,105.0751002,105.1005002,105.0872002,
7155.9498,105.0947,105.1194,105.1066,,,7155.9498,105.0755123,105.1002123,105.0874123,
7156.8502,105.0946,105.1191,105.1066,,,7156.8502,105.0754244,105.0999244,105.0874244,
7157.7496,105.0937,105.119,105.1065,,,7157.7496,105.0745364,105.0998364,105.0873364,
7158.65,105.0941,105.1187,105.1064,,,7158.65,105.0749485,105.0995485,105.0872485,
7159.5504,105.0933,105.119,105.1062,,,7159.5504,105.0741605,105.0998605,105.0870605,
7160.5001,105.0934,105.119,105.106,,,7160.5001,105.0742733,105.0998733,105.0868733,
7161.4498,105.0927,105.1189,105.106,,,7161.4498,105.073586,105.099786,105.086886,
7162.3502,105.093,105.1185,105.1061,,,7162.3502,105.0738981,105.0993981,105.0869981,
7163.2496,105.0926,105.1191,105.1059,,,7163.2496,105.0735101,105.1000101,105.0868101,
7164.15,105.0923,105.1193,105.1059,,,7164.15,105.0732222,105.1002222,105.0868222,
7165.0504,105.093,105.1185,105.1057,,,7165.0504,105.0739342,105.0994342,105.0866342,
7165.9498,105.0928,105.1185,105.1056,,,7165.9498,105.0737463,105.0994463,105.0865463,
7166.8502,105.093,105.1183,105.1056,,,7166.8502,105.0739584,105.0992584,105.0865584,
7167.7496,105.0922,105.1185,105.1055,,,7167.7496,105.0731704,105.0994704,105.0864704,
7168.65,105.0919,105.1177,105.1053,,,7168.65,105.0728825,105.0986825,105.0862825,
7169.6002,105.0918,105.1183,105.1054,,,7169.6002,105.0727952,105.0992952,105.0863952,
7170.5504,105.0915,105.1185,105.1052,,,7170.5504,105.0725079,105.0995079,105.0862079,
7171.4498,105.0916,105.1181,105.1052,,,7171.4498,105.07262,105.09912,105.08622,
7172.3502,105.0908,105.1182,105.1052,,,7172.3502,105.0718321,105.0992321,105.0862321,
7173.2496,105.0906,105.1185,105.105,,,7173.2496,105.0716441,105.0995441,105.0860441,
7174.15,105.0907,105.1187,105.1051,,,7174.15,105.0717562,105.0997562,105.0861562,
7175.0504,105.0907,105.1179,105.105,,,7175.0504,105.0717682,105.0989682,105.0860682,
7175.9498,105.0907,105.1178,105.105,,,7175.9498,105.0717803,105.0988803,105.0860803,
7176.8502,105.0898,105.1177,105.1051,,,7176.8502,105.0708924,105.0987924,105.0861924,
7177.7999,105.0903,105.1179,105.105,,,7177.7999,105.0714051,105.0990051,105.0861051,
7178.6998,105.0902,105.1182,105.1051,,,7178.6998,105.0713171,105.0993171,105.0862171,
7179.6002,105.0891,105.1177,105.105,,,7179.6002,105.0702292,105.0988292,105.0861292,
7180.5504,105.09,105.1174,105.1049,,,7180.5504,105.0711419,105.0985419,105.0860419,
7181.4498,105.0894,105.1181,105.105,,,7181.4498,105.070554,105.099254,105.086154,
7182.3502,105.0888,105.1179,105.1052,,,7182.3502,105.0699661,105.0990661,105.0863661,
7183.2496,105.0886,105.1179,105.105,,,7183.2496,105.0697781,105.0990781,105.0861781,
7184.15,105.0884,105.1183,105.1049,,,7184.15,105.0695902,105.0994902,105.0860902,
7185.0504,105.0882,105.1179,105.1046,,,7185.0504,105.0694022,105.0991022,105.0858022,
7185.9498,105.0879,105.1178,105.1046,,,7185.9498,105.0691143,105.0990143,105.0858143,
7186.9,105.0887,105.1179,105.1048,,,7186.9,105.069927,105.099127,105.086027,
7187.8502,105.0876,105.1182,105.1048,,,7187.8502,105.0688398,105.0994398,105.0860398,
7188.7496,105.0878,105.1187,105.1048,,,7188.7496,105.0690518,105.0999518,105.0860518,
7189.65,105.0876,105.1186,105.1049,,,7189.65,105.0688639,105.0998639,105.0861639,
7190.5504,105.0879,105.1189,105.1049,,,7190.5504,105.0691759,105.1001759,105.0861759,
7191.4498,105.0878,105.1183,105.104,,,7191.4498,105.069088,105.099588,105.085288,
7192.3502,105.0872,105.1189,105.1046,,,7192.3502,105.0685001,105.1002001,105.0859001,
7193.2999,105.087,105.1187,105.1046,,,7193.2999,105.0683128,105.1000128,105.0859128,
7194.2496,105.0875,105.1193,105.1043,,,7194.2496,105.0688255,105.1006255,105.0856255,
7195.15,105.0857,105.119,105.1041,,,7195.15,105.0670376,105.1003376,105.0854376,
7196.0504,105.0825,105.1187,105.1036,,,7196.0504,105.0638496,105.1000496,105.0849496,
7196.9498,105.0821,105.1183,105.1038,,,7196.9498,105.0634617,105.0996617,105.0851617,
7197.8502,105.0798,105.1186,105.1036,,,7197.8502,105.0611738,105.0999738,105.0849738,
7198.7496,105.0778,105.1193,105.1033,,,7198.7496,105.0591858,105.1006858,105.0846858,
7199.6998,105.08,105.1191,105.1032,,,7199.6998,105.0613985,105.1004985,105.0845985,
7200.65,105.0844,105.1185,105.1033,,,7200.65,105.0658113,105.0999113,105.0847113,
7201.5504,105.0808,105.1187,105.1029,,,7201.5504,105.0622233,105.1001233,105.0843233,
7202.4498,105.0831,105.1178,105.1027,,,7202.4498,105.0645354,105.0992354,105.0841354,
7203.3502,105.0801,105.1181,105.1023,,,7203.3502,105.0615474,105.0995474,105.0837474,
7204.2496,105.0786,105.1172,105.1018,,,7204.2496,105.0600595,105.0986595,105.0832595,
7205.1998,105.0808,105.1175,105.102,,,7205.1998,105.0622722,105.0989722,105.0834722,
7206.15,105.082,105.1172,105.1022,,,7206.15,105.063485,105.098685,105.083685,
7207.0504,105.0797,105.1169,105.1021,,,7207.0504,105.061197,105.098397,105.083597,
7207.9498,105.0837,105.1166,105.102,,,7207.9498,105.0652091,105.0981091,105.0835091,
7208.8502,105.0841,105.1164,105.102,,,7208.8502,105.0656211,105.0979211,105.0835211,
7209.7496,105.084,105.1171,105.1019,,,7209.7496,105.0655332,105.0986332,105.0834332,
7210.6998,105.084,105.1163,105.1016,,,7210.6998,105.0655459,105.0978459,105.0831459,
7211.65,105.0824,105.1159,105.1006,,,7211.65,105.0639587,105.0974587,105.0821587,
7212.5504,105.0805,105.1155,105.1001,,,7212.5504,105.0620707,105.0970707,105.0816707,
7213.4498,105.079,105.1154,105.0995,,,7213.4498,105.0605828,105.0969828,105.0810828,
7214.3502,105.0797,105.1144,105.0993,,,7214.3502,105.0612948,105.0959948,105.0808948,
7215.2496,105.0817,105.1144,105.0993,,,7215.2496,105.0633069,105.0960069,105.0809069,
7216.15,105.0813,105.1139,105.0987,,,7216.15,105.062919,105.095519,105.080319,
7217.1002,105.0812,105.1139,105.0983,,,7217.1002,105.0628317,105.0955317,105.0799317,
7218.0504,105.0804,105.1132,105.0978,,,7218.0504,105.0620444,105.0948444,105.0794444,
7218.9498,105.0807,105.1124,105.0971,,,7218.9498,105.0623565,105.0940565,105.0787565,
7219.8502,105.0801,105.1119,105.0965,,,7219.8502,105.0617685,105.0935685,105.0781685,
7220.7496,105.0798,105.111,105.0958,,,7220.7496,105.0614806,105.0926806,105.0774806,
7221.65,105.0789,105.1104,105.0952,,,7221.65,105.0605927,105.0920927,105.0768927,
7222.5504,105.0785,105.11,105.0948,,,7222.5504,105.0602047,105.0917047,105.0765047,
7223.5001,105.0781,105.1093,105.0942,,,7223.5001,105.0598175,105.0910175,105.0759175,
7224.4498,105.0776,105.1088,105.0935,,,7224.4498,105.0593302,105.0905302,105.0752302,
7225.3502,105.0772,105.1077,105.0927,,,7225.3502,105.0589422,105.0894422,105.0744422,
7226.2496,105.077,105.1064,105.0919,,,7226.2496,105.0587543,105.0881543,105.0736543,
7227.15,105.0761,105.1056,105.0912,,,7227.15,105.0578664,105.0873664,105.0729664,
7228.0504,105.0757,105.1044,105.0905,,,7228.0504,105.0574784,105.0861784,105.0722784,
7229.0001,105.0753,105.1034,105.0897,,,7229.0001,105.0570911,105.0851911,105.0714911,
7229.9498,105.0742,105.1026,105.0891,,,7229.9498,105.0560039,105.0844039,105.0709039,
7230.8502,105.0742,105.1017,105.0886,,,7230.8502,105.0560159,105.0835159,105.0704159,
7231.7496,105.0737,105.1013,105.0879,,,7231.7496,105.055528,105.083128,105.069728,
7232.65,105.0738,105.1009,105.0873,,,7232.65,105.0556401,105.0827401,105.0691401,
7233.5504,105.0732,105.1001,105.0871,,,7233.5504,105.0550521,105.0819521,105.0689521,
7234.4498,105.0729,105.0993,105.0865,,,7234.4498,105.0547642,105.0811642,105.0683642,
7235.4,105.0727,105.0984,105.0859,,,7235.4,105.0545769,105.0802769,105.0677769,
7236.3502,105.0725,105.0975,105.0852,,,7236.3502,105.0543896,105.0793896,105.0670896,
7237.2496,105.0721,105.0969,105.0846,,,7237.2496,105.0540017,105.0788017,105.0665017,
7238.15,105.0723,105.0962,105.084,,,7238.15,105.0542138,105.0781138,105.0659138,
7239.0504,105.0717,105.0957,105.0835,,,7239.0504,105.0536258,105.0776258,105.0654258,
7239.9498,105.0711,105.0946,105.083,,,7239.9498,105.0530379,105.0765379,105.0649379,
7240.9,105.071,105.0943,105.0826,,,7240.9,105.0529506,105.0762506,105.0645506,
7241.8502,105.0706,105.0939,105.082,,,7241.8502,105.0525633,105.0758633,105.0639633,
7242.7496,105.0705,105.0931,105.0817,,,7242.7496,105.0524754,105.0750754,105.0636754,
7243.65,105.0706,105.0933,105.0816,,,7243.65,105.0525875,105.0752875,105.0635875,
7244.5504,105.0702,105.0928,105.0812,,,7244.5504,105.0521995,105.0747995,105.0631995,
7245.4498,105.0705,105.092,105.0808,,,7245.4498,105.0525116,105.0740116,105.0628116,
7246.3502,105.0703,105.0919,105.0804,,,7246.3502,105.0523236,105.0739236,105.0624236,
7247.2496,105.0703,105.0902,105.0801,,,7247.2496,105.0523357,105.0722357,105.0621357,
7248.15,105.0699,105.09,105.0797,,,7248.15,105.0519478,105.0720478,105.0617478,
7249.1002,105.0697,105.0898,105.0792,,,7249.1002,105.0517605,105.0718605,105.0612605,
7250.0504,105.0694,105.0887,105.0788,,,7250.0504,105.0514732,105.0707732,105.0608732,
7250.9498,105.0687,105.0892,105.0786,,,7250.9498,105.0507853,105.0712853,105.0606853,
7251.8502,105.0689,105.0887,105.0781,,,7251.8502,105.0509973,105.0707973,105.0601973,
7252.7496,105.0685,105.0876,105.0778,,,7252.7496,105.0506094,105.0697094,105.0599094,
7253.65,105.0681,105.0875,105.0775,,,7253.65,105.0502215,105.0696215,105.0596215,
7254.5504,105.0681,105.0872,105.0771,,,7254.5504,105.0502335,105.0693335,105.0592335,
7255.4498,105.0678,105.0872,105.0768,,,7255.4498,105.0499456,105.0693456,105.0589456,
7256.3502,105.0675,105.0871,105.0763,,,7256.3502,105.0496576,105.0692576,105.0584576,
7257.2496,105.067,105.0862,105.0758,,,7257.2496,105.0491697,105.0683697,105.0579697,
7258.15,105.0667,105.0864,105.0754,,,7258.15,105.0488817,105.0685817,105.0575817,
7259.0504,105.0667,105.0852,105.0749,,,7259.0504,105.0488938,105.0673938,105.0570938,
7260.0001,105.066,105.0854,105.0745,,,7260.0001,105.0482065,105.0676065,105.0567065,
7260.9498,105.0658,105.0847,105.0741,,,7260.9498,105.0480193,105.0669193,105.0563193,
7261.8502,105.0664,105.0849,105.0735,,,7261.8502,105.0486313,105.0671313,105.0557313,
7262.7496,105.0656,105.0843,105.0731,,,7262.7496,105.0478434,105.0665434,105.0553434,
7263.65,105.0658,105.0843,105.0729,,,7263.65,105.0480554,105.0665554,105.0551554,
7264.5504,105.0658,105.0836,105.0728,,,7264.5504,105.0480675,105.0658675,105.0550675,
7265.4498,105.0648,105.0833,105.0722,,,7265.4498,105.0470796,105.0655796,105.0544796,
7266.3502,105.0642,105.0823,105.0716,,,7266.3502,105.0464916,105.0645916,105.0538916,
7267.2496,105.0636,105.0827,105.0712,,,7267.2496,105.0459037,105.0650037,105.0535037,
7268.15,105.0639,105.0817,105.0709,,,7268.15,105.0462157,105.0640157,105.0532157,
7269.0504,105.0638,105.0815,105.0705,,,7269.0504,105.0461278,105.0638278,105.0528278,
7269.9498,105.0634,105.0805,105.0701,,,7269.9498,105.0457399,105.0628399,105.0524399,
7270.9,105.0627,105.0808,105.0697,,,7270.9,105.0450526,105.0631526,105.0520526,
7271.8502,105.062,105.0805,105.0694,,,7271.8502,105.0443653,105.0628653,105.0517653,
7272.7496,105.0623,105.08,105.069,,,7272.7496,105.0446774,105.0623774,105.0513774,
7273.65,105.0615,105.0792,105.0689,,,7273.65,105.0438894,105.0615894,105.0512894,
7274.5504,105.0618,105.0792,105.0686,,,7274.5504,105.0442015,105.0616015,105.0510015,
7275.4498,105.0608,105.0788,105.0681,,,7275.4498,105.0432136,105.0612136,105.0505136,
7276.3502,105.0601,105.0785,105.0677,,,7276.3502,105.0425256,105.0609256,105.0501256,
7277.2496,105.0601,105.0786,105.0674,,,7277.2496,105.0425377,105.0610377,105.0498377,
7278.15,105.0597,105.0778,105.0669,,,7278.15,105.0421497,105.0602497,105.0493497,
7279.0504,105.0585,105.077,105.0663,,,7279.0504,105.0409618,105.0594618,105.0487618,
7279.9498,105.0583,105.0774,105.066,,,7279.9498,105.0407739,105.0598739,105.0484739,
7280.9,105.0579,105.0768,105.0657,,,7280.9,105.0403866,105.0592866,105.0481866,
7281.8502,105.0575,105.0773,105.0654,,,7281.8502,105.0399993,105.0597993,105.0478993,
7282.7496,105.0572,105.0769,105.0649,,,7282.7496,105.0397114,105.0594114,105.0474114,
7283.65,105.0567,105.0764,105.0646,,,7283.65,105.0392234,105.0589234,105.0471234,
7284.5504,105.0567,105.0764,105.0643,,,7284.5504,105.0392355,105.0589355,105.0468355,
7285.4498,105.0563,105.076,105.0639,,,7285.4498,105.0388476,105.0585476,105.0464476,
7286.3502,105.0556,105.0752,105.0634,,,7286.3502,105.0381596,105.0577596,105.0459596,
7287.2496,105.0553,105.0752,105.0632,,,7287.2496,105.0378717,105.0577717,105.0457717,
7288.1998,105.0546,105.0742,105.0628,,,7288.1998,105.0371844,105.0567844,105.0453844,
7289.15,105.0545,105.0733,105.0623,,,7289.15,105.0370971,105.0558971,105.0448971,
7290.0504,105.0542,105.0729,105.0619,,,7290.0504,105.0368092,105.0555092,105.0445092,
7290.9498,105.0536,105.0723,105.0615,,,7290.9498,105.0362213,105.0549213,105.0441213,
7291.8502,105.0526,105.0718,105.061,,,7291.8502,105.0352333,105.0544333,105.0436333,
7292.7496,105.053,105.0714,105.0604,,,7292.7496,105.0356454,105.0540454,105.0430454,
7293.65,105.0514,105.0701,105.06,,,7293.65,105.0340574,105.0527574,105.0426574,
7294.5504,105.0522,105.0694,105.0596,,,7294.5504,105.0348695,105.0520695,105.0422695,
7295.5001,105.051,105.0697,105.0592,,,7295.5001,105.0336822,105.0523822,105.0418822,
7296.4498,105.0518,105.0686,105.0586,,,7296.4498,105.034495,105.051295,105.041295,
7297.3502,105.0514,105.0686,105.0581,,,7297.3502,105.034107,105.051307,105.040807,
7298.2496,105.0508,105.0674,105.0577,,,7298.2496,105.0335191,105.0501191,105.0404191,
7299.15,105.0506,105.0668,105.0573,,,7299.15,105.0333311,105.0495311,105.0400311,
7300.0504,105.0502,105.0667,105.0569,,,7300.0504,105.0329432,105.0494432,105.0396432,
7300.9498,105.0497,105.0658,105.0564,,,7300.9498,105.0324553,105.0485553,105.0391553,
7301.8502,105.0497,105.0652,105.0559,,,7301.8502,105.0324673,105.0479673,105.0386673,
7302.7496,105.0493,105.0646,105.0555,,,7302.7496,105.0320794,105.0473794,105.0382794,
7303.65,105.0488,105.0638,105.0549,,,7303.65,105.0315914,105.0465914,105.0376914,
7304.5504,105.0489,105.0631,105.0546,,,7304.5504,105.0317035,105.0459035,105.0374035,
7305.4498,105.0483,105.0624,105.0541,,,7305.4498,105.0311156,105.0452156,105.0369156,
7306.4,105.0477,105.0623,105.0536,,,7306.4,105.0305283,105.0451283,105.0364283,
7307.3502,105.0469,105.0607,105.053,,,7307.3502,105.029741,105.043541,105.035841,
7308.2496,105.0465,105.0605,105.0526,,,7308.2496,105.0293531,105.0433531,105.0354531,
7309.15,105.0458,105.0593,105.0519,,,7309.15,105.0286651,105.0421651,105.0347651,
7310.0504,105.0454,105.0588,105.0515,,,7310.0504,105.0282772,105.0416772,105.0343772,
7310.9498,105.0445,105.0583,105.051,,,7310.9498,105.0273893,105.0411893,105.0338893,
7311.8502,105.0437,105.0568,105.0504,,,7311.8502,105.0266013,105.0397013,105.0333013,
7312.7496,105.0435,105.0568,105.05,,,7312.7496,105.0264134,105.0397134,105.0329134,
7313.65,105.0433,105.056,105.0495,,,7313.65,105.0262254,105.0389254,105.0324254,
7314.6002,105.0427,105.0553,105.049,,,7314.6002,105.0256382,105.0382382,105.0319382,
7315.5504,105.042,105.0546,105.0485,,,7315.5504,105.0249509,105.0375509,105.0314509,
7316.4498,105.0419,105.054,105.0479,,,7316.4498,105.0248629,105.0369629,105.0308629,
7317.3502,105.0411,105.0536,105.0474,,,7317.3502,105.024075,105.036575,105.030375,
7318.2496,105.0403,105.053,105.0468,,,7318.2496,105.0232871,105.0359871,105.0297871,
7319.15,105.0395,105.0525,105.0463,,,7319.15,105.0224991,105.0354991,105.0292991,
7320.0504,105.0395,105.052,105.0459,,,7320.0504,105.0225112,105.0350112,105.0289112,
7320.9498,105.0383,105.0516,105.0453,,,7320.9498,105.0213232,105.0346232,105.0283232,
7321.8502,105.0374,105.0509,105.0448,,,7321.8502,105.0204353,105.0339353,105.0278353,
7322.7496,105.037,105.0504,105.0443,,,7322.7496,105.0200474,105.0334474,105.0273474,
7323.6998,105.0363,105.0501,105.0438,,,7323.6998,105.0193601,105.0331601,105.0268601,
7324.65,105.0353,105.0494,105.0431,,,7324.65,105.0183728,105.0324728,105.0261728,
7325.5504,105.0349,105.0493,105.0428,,,7325.5504,105.0179849,105.0323849,105.0258849,
7326.4498,105.0333,105.0491,105.0423,,,7326.4498,105.0163969,105.0321969,105.0253969,
7327.3502,105.0331,105.0483,105.0416,,,7327.3502,105.016209,105.031409,105.024709,
7328.2496,105.0327,105.0478,105.0411,,,7328.2496,105.0158211,105.0309211,105.0242211,
7329.15,105.0317,105.0475,105.0405,,,7329.15,105.0148331,105.0306331,105.0236331,
7330.0504,105.0319,105.0467,105.0401,,,7330.0504,105.0150452,105.0298452,105.0232452,
7330.9498,105.0305,105.0466,105.0394,,,7330.9498,105.0136572,105.0297572,105.0225572,
7331.9,105.0292,105.0465,105.0389,,,7331.9,105.01237,105.02967,105.02207,
7332.8502,105.0292,105.0458,105.0384,,,7332.8502,105.0123827,105.0289827,105.0215827,
7333.7496,105.0282,105.0451,105.0377,,,7333.7496,105.0113948,105.0282948,105.0208948,
7334.65,105.0269,105.045,105.037,,,7334.65,105.0101068,105.0282068,105.0202068,
7335.5504,105.0254,105.0447,105.0365,,,7335.5504,105.0086189,105.0279189,105.0197189,
7336.4498,105.0257,105.0443,105.0362,,,7336.4498,105.0089309,105.0275309,105.0194309,
7337.3502,105.0249,105.0439,105.0356,,,7337.3502,105.008143,105.027143,105.018843,
7338.2999,105.0235,105.0441,105.0348,,,7338.2999,105.0067557,105.0273557,105.0180557,
7339.2496,105.0229,105.0435,105.0343,,,7339.2496,105.0061685,105.0267685,105.0175685,
7340.15,105.0225,105.0431,105.0336,,,7340.15,105.0057805,105.0263805,105.0168805,
7341.0504,105.0209,105.0424,105.033,,,7341.0504,105.0041926,105.0256926,105.0162926,
7341.9498,105.0201,105.0426,105.0324,,,7341.9498,105.0034046,105.0259046,105.0157046,
7342.8502,105.0199,105.0422,105.0319,,,7342.8502,105.0032167,105.0255167,105.0152167,
7343.7496,105.0186,105.0418,105.0314,,,7343.7496,105.0019288,105.0251288,105.0147288,
7344.65,105.0182,105.0415,105.031,,,7344.65,105.0015408,105.0248408,105.0143408,
7345.6002,105.0173,105.0412,105.0305,,,7345.6002,105.0006536,105.0245536,105.0138536,
7346.5504,105.0168,105.0406,105.0299,,,7346.5504,105.0001663,105.0239663,105.0132663,
7347.4498,105.0152,105.0398,105.0293,,,7347.4498,104.9985783,105.0231783,105.0126783,
7348.3502,105.0147,105.0396,105.0286,,,7348.3502,104.9980904,105.0229904,105.0119904,
7349.2496,105.0134,105.0394,105.028,,,7349.2496,104.9968025,105.0228025,105.0114025,
7350.15,105.013,105.0391,105.0274,,,7350.15,104.9964145,105.0225145,105.0108145,
7351.0504,105.0122,105.0384,105.0269,,,7351.0504,104.9956266,105.0218266,105.0103266,
7352.0001,105.0114,105.038,105.0263,,,7352.0001,104.9948393,105.0214393,105.0097393,
7352.9498,105.01,105.038,105.0257,,,7352.9498,104.993452,105.021452,105.009152,
7353.8502,105.0089,105.0378,105.0251,,,7353.8502,104.9923641,105.0212641,105.0085641,
7354.7496,105.008,105.0372,105.0244,,,7354.7496,104.9914762,105.0206762,105.0078762,
7355.65,105.0077,105.037,105.0239,,,7355.65,104.9911882,105.0204882,105.0073882,
7356.5504,105.0069,105.0367,105.0234,,,7356.5504,104.9904003,105.0202003,105.0069003,
7357.4498,105.0067,105.0361,105.0228,,,7357.4498,104.9902123,105.0196123,105.0063123,
7358.4,105.0049,105.0356,105.0221,,,7358.4,104.9884251,105.0191251,105.0056251,
7359.3502,105.0037,105.0351,105.0216,,,7359.3502,104.9872378,105.0186378,105.0051378,
7360.2496,105.003,105.0345,105.0209,,,7360.2496,104.9865499,105.0180499,105.0044499,
7361.15,105.0018,105.0337,105.0205,,,7361.15,104.9853619,105.0172619,105.0040619,
7362.0504,105.0009,105.0337,105.0198,,,7362.0504,104.984474,105.017274,105.003374,
7362.9498,105,105.0332,105.0193,,,7362.9498,104.983586,105.016786,105.002886,
7363.9,104.9994,105.0332,105.0188,,,7363.9,104.9829988,105.0167988,105.0023988,
7364.8502,104.9986,105.0327,105.0182,,,7364.8502,104.9822115,105.0163115,105.0018115,
7365.7496,104.9981,105.0323,105.0177,,,7365.7496,104.9817236,105.0159236,105.0013236,
7366.65,104.997,105.0316,105.0172,,,7366.65,104.9806356,105.0152356,105.0008356,
7367.5504,104.9959,105.0309,105.0167,,,7367.5504,104.9795477,105.0145477,105.0003477,
7368.4498,104.9958,105.0307,105.0161,,,7368.4498,104.9794597,105.0143597,104.9997597,
7369.4,104.9938,105.03,105.0154,,,7369.4,104.9774725,105.0136725,104.9990725,
7370.3502,104.9941,105.0297,105.0147,,,7370.3502,104.9777852,105.0133852,104.9983852,
7371.2496,104.993,105.0292,105.0144,,,7371.2496,104.9766972,105.0128972,104.9980972,
7372.15,104.9919,105.0288,105.0138,,,7372.15,104.9756093,105.0125093,104.9975093,
7373.1002,104.9919,105.0286,105.0132,,,7373.1002,104.975622,105.012322,104.996922,
7374.0504,104.9908,105.0286,105.0128,,,7374.0504,104.9745348,105.0123348,104.9965348,
7374.9498,104.9899,105.0282,105.0125,,,7374.9498,104.9736468,105.0119468,104.9962468,
7375.8502,104.9899,105.0277,105.0119,,,7375.8502,104.9736589,105.0114589,104.9956589,
7376.7496,104.9891,105.0272,105.0114,,,7376.7496,104.9728709,105.0109709,104.9951709,
7377.65,104.9887,105.0269,105.011,,,7377.65,104.972483,105.010683,104.994783,
7378.5504,104.988,105.026,105.0105,,,7378.5504,104.9717951,105.0097951,104.9942951,
7379.5001,104.9871,105.0256,105.0099,,,7379.5001,104.9709078,105.0094078,104.9937078,
7380.4498,104.986,105.0252,105.0092,,,7380.4498,104.9698205,105.0090205,104.9930205,
7381.3502,104.9859,105.0248,105.0086,,,7381.3502,104.9697326,105.0086326,104.9924326,
7382.2496,104.9833,105.0244,105.0054,,,7382.2496,104.9671446,105.0082446,104.9892446,
7383.15,104.9843,105.0241,105.0072,,,7383.15,104.9681567,105.0079567,104.9910567,
7384.0504,104.9848,105.0241,105.0075,,,7384.0504,104.9686688,105.0079688,104.9913688,
7384.9498,104.9843,105.0238,105.007,,,7384.9498,104.9681808,105.0076808,104.9908808,
7385.9,104.9839,105.023,105.0065,,,7385.9,104.9677936,105.0068936,104.9903936,
7386.8502,104.9827,105.0227,105.006,,,7386.8502,104.9666063,105.0066063,104.9899063,
7387.7496,104.982,105.0222,105.0053,,,7387.7496,104.9659183,105.0061183,104.9892183,
7388.65,104.982,105.0214,105.005,,,7388.65,104.9659304,105.0053304,104.9889304,
7389.5504,104.9805,105.021,105.0045,,,7389.5504,104.9644425,105.0049425,104.9884425,
7390.5001,104.979,105.0206,105.004,,,7390.5001,104.9629552,105.0045552,104.9879552,
7391.4498,104.9788,105.0206,105.0036,,,7391.4498,104.9627679,105.0045679,104.9875679,
7392.3502,104.9788,105.0201,105.0031,,,7392.3502,104.96278,105.00408,104.98708,
7393.2496,104.9776,105.0197,105.0026,,,7393.2496,104.961592,105.003692,104.986592,
7394.15,104.9777,105.0195,105.0022,,,7394.15,104.9617041,105.0035041,104.9862041,
7395.0504,104.9762,105.0197,105.0018,,,7395.0504,104.9602162,105.0037162,104.9858162,
7395.9498,104.9752,105.0187,105.0012,,,7395.9498,104.9592282,105.0027282,104.9852282,
7396.9,104.9743,105.0185,105.0006,,,7396.9,104.958341,105.002541,104.984641,
7397.8502,104.9738,105.0179,105.0001,,,7397.8502,104.9578537,105.0019537,104.9841537,
7398.7496,104.9738,105.0174,104.9997,,,7398.7496,104.9578657,105.0014657,104.9837657,
7399.65,104.9726,105.017,104.9992,,,7399.65,104.9566778,105.0010778,104.9832778,
7400.5504,104.9719,105.0162,104.9984,,,7400.5504,104.9559899,105.0002899,104.9824899,
7401.4498,104.9711,105.0155,104.9978,,,7401.4498,104.9552019,104.9996019,104.9819019,
7402.3502,104.9701,105.015,104.9971,,,7402.3502,104.954214,104.999114,104.981214,
7403.2999,104.9701,105.0146,104.9966,,,7403.2999,104.9542267,104.9987267,104.9807267,
7404.2496,104.9697,105.0139,104.9961,,,7404.2496,104.9538394,104.9980394,104.9802394,
7405.15,104.9694,105.0132,104.9953,,,7405.15,104.9535515,104.9973515,104.9794515,
7406.1002,104.967,105.0115,104.9942,,,7406.1002,104.9511642,104.9956642,104.9783642,
7407.0504,104.9663,105.0104,104.9931,,,7407.0504,104.950477,104.994577,104.977277,
7407.9498,104.9626,105.0093,104.9918,,,7407.9498,104.946789,104.993489,104.975989,
7408.8502,104.9623,105.0088,104.9909,,,7408.8502,104.9465011,104.9930011,104.9751011,
7409.7999,104.9638,105.0079,104.9904,,,7409.7999,104.9480138,104.9921138,104.9746138,
7410.7496,104.9644,105.0076,104.99,,,7410.7496,104.9486265,104.9918265,104.9742265,
7411.65,104.9638,105.0067,104.9894,,,7411.65,104.9480386,104.9909386,104.9736386,
7412.5504,104.9622,105.0053,104.9884,,,7412.5504,104.9464507,104.9895507,104.9726507,
7413.4498,104.9613,105.0048,104.9875,,,7413.4498,104.9455627,104.9890627,104.9717627,
7414.4,104.9599,105.0038,104.9866,,,7414.4,104.9441755,104.9880755,104.9708755,
7415.3502,104.9583,105.0026,104.9854,,,7415.3502,104.9425882,104.9868882,104.9696882,
7416.2496,104.9572,105.001,104.9841,,,7416.2496,104.9415002,104.9853002,104.9684002,
7417.15,104.9563,104.9993,104.9827,,,7417.15,104.9406123,104.9836123,104.9670123,
7418.0504,104.9545,104.9977,104.9812,,,7418.0504,104.9388244,104.9820244,104.9655244,
7419.0001,104.9528,104.9965,104.9798,,,7419.0001,104.9371371,104.9808371,104.9641371,
7419.9498,104.9517,104.995,104.9784,,,7419.9498,104.9360498,104.9793498,104.9627498,
7420.8502,104.9502,104.9934,104.9769,,,7420.8502,104.9345619,104.9777619,104.9612619,
7421.7496,104.9493,104.992,104.9754,,,7421.7496,104.9336739,104.9763739,104.9597739,
7422.65,104.947,104.9898,104.9736,,,7422.65,104.931386,104.974186,104.957986,
7423.6002,104.9447,104.9886,104.9717,,,7423.6002,104.9290987,104.9729987,104.9560987,
7424.5504,104.9439,104.9868,104.9701,,,7424.5504,104.9283115,104.9712115,104.9545115,
7425.4498,104.9414,104.9852,104.9683,,,7425.4498,104.9258235,104.9696235,104.9527235,
7426.3502,104.941,104.9827,104.9663,,,7426.3502,104.9254356,104.9671356,104.9507356,
7427.2999,104.9386,104.9802,104.9642,,,7427.2999,104.9230483,104.9646483,104.9486483,
7428.2496,104.9357,104.9785,104.9621,,,7428.2496,104.920161,104.962961,104.946561,
7429.15,104.9336,104.9761,104.9598,,,7429.15,104.9180731,104.9605731,104.9442731,
7430.0504,104.9317,104.9741,104.9576,,,7430.0504,104.9161852,104.9585852,104.9420852,
7430.9498,104.9298,104.9713,104.9553,,,7430.9498,104.9142972,104.9557972,104.9397972,
7431.9,104.927,104.9689,104.9528,,,7431.9,104.9115099,104.9534099,104.9373099,
7432.8502,104.9249,104.9664,104.9505,,,7432.8502,104.9094227,104.9509227,104.9350227,
7433.7496,104.9215,104.9642,104.9482,,,7433.7496,104.9060347,104.9487347,104.9327347,
7434.65,104.9201,104.9626,104.946,,,7434.65,104.9046468,104.9471468,104.9305468,
7435.5504,104.918,104.9601,104.9436,,,7435.5504,104.9025589,104.9446589,104.9281589,
7436.5001,104.915,104.9569,104.9411,,,7436.5001,104.8995716,104.9414716,104.9256716,
7437.4498,104.9136,104.954,104.9385,,,7437.4498,104.8981843,104.9385843,104.9230843,
7438.3502,104.9108,104.9513,104.936,,,7438.3502,104.8953964,104.9358964,104.9205964,
7439.2496,104.9093,104.9492,104.9336,,,7439.2496,104.8939084,104.9338084,104.9182084,
7440.1998,104.9067,104.9465,104.9312,,,7440.1998,104.8913212,104.9311212,104.9158212,
7441.15,104.9042,104.9445,104.9289,,,7441.15,104.8888339,104.9291339,104.9135339,
7442.0504,104.9026,104.942,104.9267,,,7442.0504,104.887246,104.926646,104.911346,
7442.9498,104.8997,104.9398,104.9244,,,7442.9498,104.884358,104.924458,104.909058,
7443.8502,104.8973,104.9378,104.9225,,,7443.8502,104.8819701,104.9224701,104.9071701,
7444.7999,104.8961,104.9357,104.9208,,,7444.7999,104.8807828,104.9203828,104.9054828,
7445.7496,104.8946,104.934,104.919,,,7445.7496,104.8792955,104.9186955,104.9036955,
7446.65,104.8927,104.9323,104.9174,,,7446.65,104.8774076,104.9170076,104.9021076,
7447.5504,104.8919,104.9305,104.9159,,,7447.5504,104.8766197,104.9152197,104.9006197,
7448.5001,104.8898,104.9289,104.9143,,,7448.5001,104.8745324,104.9136324,104.8990324,
7449.4498,104.8882,104.9276,104.913,,,7449.4498,104.8729451,104.9123451,104.8977451,
7450.3502,104.8874,104.9269,104.9121,,,7450.3502,104.8721572,104.9116572,104.8968572,
7451.2496,104.8872,104.9258,104.9113,,,7451.2496,104.8719692,104.9105692,104.8960692,
7452.15,104.8863,104.9253,104.9108,,,7452.15,104.8710813,104.9100813,104.8955813,
7453.1002,104.8855,104.9246,104.9104,,,7453.1002,104.870294,104.909394,104.895194,
7454.0504,104.8857,104.9243,104.9101,,,7454.0504,104.8705068,104.9091068,104.8949068,
7454.9498,104.8861,104.9242,104.9103,,,7454.9498,104.8709188,104.9090188,104.8951188,
7455.8502,104.8864,104.9243,104.9107,,,7455.8502,104.8712309,104.9091309,104.8955309,
7456.7496,104.8872,104.9245,104.9111,,,7456.7496,104.8720429,104.9093429,104.8959429,
7457.65,104.8879,104.9248,104.9115,,,7457.65,104.872755,104.909655,104.896355,
7458.6002,104.8882,104.925,104.9118,,,7458.6002,104.8730677,104.9098677,104.8966677,
7459.5504,104.889,104.926,104.9126,,,7459.5504,104.8738805,104.9108805,104.8974805,
7460.4498,104.8904,104.927,104.9137,,,7460.4498,104.8752925,104.9118925,104.8985925,
7461.3502,104.8919,104.9281,104.9148,,,7461.3502,104.8768046,104.9130046,104.8997046,
7462.2496,104.8935,104.9292,104.9161,,,7462.2496,104.8784166,104.9141166,104.9010166,
7463.1998,104.8943,104.9304,104.9174,,,7463.1998,104.8792294,104.9153294,104.9023294,
7464.15,104.8955,104.9319,104.9188,,,7464.15,104.8804421,104.9168421,104.9037421,
7465.0504,104.8971,104.9337,104.9203,,,7465.0504,104.8820542,104.9186542,104.9052542,
7465.9498,104.8989,104.9349,104.9217,,,7465.9498,104.8838662,104.9198662,104.9066662,
7466.8502,104.9006,104.9365,104.9232,,,7466.8502,104.8855783,104.9214783,104.9081783,
7467.7999,104.9024,104.9379,104.9247,,,7467.7999,104.887391,104.922891,104.909691,
7468.7496,104.9037,104.9395,104.926,,,7468.7496,104.8887037,104.9245037,104.9110037,
7469.65,104.9053,104.9408,104.9275,,,7469.65,104.8903158,104.9258158,104.9125158,
7470.5504,104.9069,104.9428,104.9291,,,7470.5504,104.8919279,104.9278279,104.9141279,
7471.4498,104.9085,104.9442,104.9307,,,7471.4498,104.8935399,104.9292399,104.9157399,
7472.3502,104.9097,104.9457,104.9322,,,7472.3502,104.894752,104.930752,104.917252,
7473.2999,104.9115,104.9473,104.9335,,,7473.2999,104.8965647,104.9323647,104.9185647,
7474.2496,104.9124,104.9486,104.9348,,,7474.2496,104.8974774,104.9336774,104.9198774,
7475.15,104.9135,104.9502,104.9362,,,7475.15,104.8985895,104.9352895,104.9212895,
7476.0504,104.9156,104.9521,104.9376,,,7476.0504,104.9007015,104.9372015,104.9227015,
7476.9498,104.9171,104.9532,104.939,,,7476.9498,104.9022136,104.9383136,104.9241136,
7477.9,104.9179,104.9545,104.94,,,7477.9,104.9030263,104.9396263,104.9251263,
7478.8502,104.919,104.9555,104.941,,,7478.8502,104.9041391,104.9406391,104.9261391,
7479.7496,104.9198,104.9567,104.942,,,7479.7496,104.9049511,104.9418511,104.9271511,
7480.65,104.9209,104.9577,104.943,,,7480.65,104.9060632,104.9428632,104.9281632,
7481.5504,104.9213,104.9588,104.9442,,,7481.5504,104.9064752,104.9439752,104.9293752,
7482.5001,104.9231,104.9595,104.945,,,7482.5001,104.908288,104.944688,104.930188,
7483.4498,104.9235,104.9607,104.946,,,7483.4498,104.9087007,104.9459007,104.9312007,
7484.3502,104.9243,104.962,104.9468,,,7484.3502,104.9095128,104.9472128,104.9320128,
7485.2496,104.9257,104.9628,104.9476,,,7485.2496,104.9109248,104.9480248,104.9328248,
7486.15,104.9266,104.9638,104.9485,,,7486.15,104.9118369,104.9490369,104.9337369,
7487.1002,104.9276,104.9642,104.9492,,,7487.1002,104.9128496,104.9494496,104.9344496,
7488.0504,104.9281,104.9644,104.9497,,,7488.0504,104.9133623,104.9496623,104.9349623,
7488.9498,104.9286,104.965,104.9502,,,7488.9498,104.9138744,104.9502744,104.9354744,
7489.8502,104.9294,104.9658,104.9507,,,7489.8502,104.9146865,104.9510865,104.9359865,
7490.7496,104.9298,104.966,104.9511,,,7490.7496,104.9150985,104.9512985,104.9363985,
7491.65,104.9301,104.9664,104.9515,,,7491.65,104.9154106,104.9517106,104.9368106,
7492.6002,104.9311,104.9666,104.9519,,,7492.6002,104.9164233,104.9519233,104.9372233,
7493.5504,104.9311,104.9663,104.9521,,,7493.5504,104.916436,104.951636,104.937436,
7494.4498,104.9317,104.9663,104.9522,,,7494.4498,104.9170481,104.9516481,104.9375481,
7495.3502,104.9321,104.9667,104.9522,,,7495.3502,104.9174602,104.9520602,104.9375602,
7496.2496,104.9323,104.9668,104.9522,,,7496.2496,104.9176722,104.9521722,104.9375722,
7497.1998,104.9328,104.9666,104.9523,,,7497.1998,104.9181849,104.9519849,104.9376849,
7498.15,104.9335,104.9662,104.9524,,,7498.15,104.9188977,104.9515977,104.9377977,
7499.0504,104.9336,104.9658,104.9523,,,7499.0504,104.9190097,104.9512097,104.9377097,
7499.9498,104.9343,104.9662,104.9524,,,7499.9498,104.9197218,104.9516218,104.9378218,
7500.8502,104.9337,104.967,104.953,,,7500.8502,104.9191339,104.9524339,104.9384339,
7501.7999,104.9344,104.9668,104.9534,,,7501.7999,104.9198466,104.9522466,104.9388466,
7502.7496,104.934,104.9668,104.9535,,,7502.7496,104.9194593,104.9522593,104.9389593,
7503.65,104.9343,104.9668,104.9535,,,7503.65,104.9197714,104.9522714,104.9389714,
7504.5504,104.9345,104.9674,104.9535,,,7504.5504,104.9199834,104.9528834,104.9389834,
7505.5001,104.9339,104.9674,104.9534,,,7505.5001,104.9193962,104.9528962,104.9388962,
7506.4498,104.9335,104.9672,104.9534,,,7506.4498,104.9190089,104.9527089,104.9389089,
7507.3502,104.9337,104.9668,104.9534,,,7507.3502,104.919221,104.952321,104.938921,
7508.2496,104.9341,104.9666,104.9531,,,7508.2496,104.919633,104.952133,104.938633,
7509.1998,104.9341,104.9659,104.9529,,,7509.1998,104.9196457,104.9514457,104.9384457,
7510.15,104.9337,104.9658,104.9526,,,7510.15,104.9192585,104.9513585,104.9381585,
7511.0504,104.9331,104.9658,104.9522,,,7511.0504,104.9186705,104.9513705,104.9377705,
7511.9498,104.9332,104.9652,104.9518,,,7511.9498,104.9187826,104.9507826,104.9373826,
7512.9,104.9329,104.9648,104.9515,,,7512.9,104.9184953,104.9503953,104.9370953,
7513.8502,104.9329,104.965,104.9513,,,7513.8502,104.9185081,104.9506081,104.9369081,
7514.7496,104.9323,104.9648,104.9511,,,7514.7496,104.9179201,104.9504201,104.9367201,
7515.65,104.9324,104.9642,104.9509,,,7515.65,104.9180322,104.9498322,104.9365322,
7516.5504,104.9323,104.9639,104.9507,,,7516.5504,104.9179442,104.9495442,104.9363442,
7517.5001,104.9319,104.9638,104.9504,,,7517.5001,104.917557,104.949457,104.936057,
7518.4498,104.9317,104.9636,104.95,,,7518.4498,104.9173697,104.9492697,104.9356697,
7519.3502,104.9313,104.9636,104.9496,,,7519.3502,104.9169818,104.9492818,104.9352818,
7520.2496,104.9306,104.9634,104.9493,,,7520.2496,104.9162938,104.9490938,104.9349938,
7521.1998,104.9301,104.9631,104.9489,,,7521.1998,104.9158065,104.9488065,104.9346065,
7522.15,104.9304,104.9628,104.9486,,,7522.15,104.9161193,104.9485193,104.9343193,
7523.0504,104.9302,104.9624,104.9483,,,7523.0504,104.9159313,104.9481313,104.9340313,
7524.0001,104.9292,104.9622,104.9479,,,7524.0001,104.9149441,104.9479441,104.9336441,
7524.9498,104.9294,104.9619,104.9478,,,7524.9498,104.9151568,104.9476568,104.9335568,
7525.8502,104.9286,104.9615,104.9475,,,7525.8502,104.9143689,104.9472689,104.9332689,
7526.7496,104.9289,104.9609,104.9471,,,7526.7496,104.9146809,104.9466809,104.9328809,
7527.65,104.929,104.9604,104.9469,,,7527.65,104.914793,104.946193,104.932693,
7528.6002,104.929,104.9596,104.9463,,,7528.6002,104.9148057,104.9454057,104.9321057,
7529.5504,104.928,104.9591,104.9459,,,7529.5504,104.9138184,104.9449184,104.9317184,
7530.4498,104.9274,104.9593,104.9456,,,7530.4498,104.9132305,104.9451305,104.9314305,
7531.4,104.9276,104.9587,104.9451,,,7531.4,104.9134432,104.9445432,104.9309432,
7532.3502,104.927,104.9581,104.9447,,,7532.3502,104.9128559,104.9439559,104.9305559,
7533.2496,104.9266,104.9576,104.9444,,,7533.2496,104.912468,104.943468,104.930268,
7534.15,104.9262,104.9571,104.9441,,,7534.15,104.9120801,104.9429801,104.9299801,
7535.1002,104.9266,104.9567,104.9438,,,7535.1002,104.9124928,104.9425928,104.9296928,
7536.0504,104.926,104.9563,104.9434,,,7536.0504,104.9119055,104.9422055,104.9293055,
7536.9498,104.9256,104.9558,104.9429,,,7536.9498,104.9115176,104.9417176,104.9288176,
7537.8502,104.9253,104.9552,104.9425,,,7537.8502,104.9112296,104.9411296,104.9284296,
7538.7999,104.9254,104.9546,104.9421,,,7538.7999,104.9113424,104.9405424,104.9280424,
7539.7496,104.9243,104.9541,104.9417,,,7539.7496,104.9102551,104.9400551,104.9276551,
7540.65,104.9243,104.9538,104.9414,,,7540.65,104.9102672,104.9397672,104.9273672,
7541.5504,104.9242,104.9532,104.941,,,7541.5504,104.9101792,104.9391792,104.9269792,
7542.5001,104.9239,104.9529,104.9408,,,7542.5001,104.909892,104.938892,104.926792,
7543.4498,104.9239,104.9524,104.9403,,,7543.4498,104.9099047,104.9384047,104.9263047,
7544.3502,104.9233,104.9525,104.94,,,7544.3502,104.9093167,104.9385167,104.9260167,
7545.2496,104.9234,104.9521,104.9398,,,7545.2496,104.9094288,104.9381288,104.9258288,
7546.1998,104.9226,104.952,104.9394,,,7546.1998,104.9086415,104.9380415,104.9254415,
7547.15,104.9225,104.9518,104.9391,,,7547.15,104.9085543,104.9378543,104.9251543,
7548.0504,104.9227,104.9508,104.9387,,,7548.0504,104.9087663,104.9368663,104.9247663,
7549.0001,104.9229,104.9504,104.9382,,,7549.0001,104.9089791,104.9364791,104.9242791,
7549.9498,104.9219,104.9498,104.9378,,,7549.9498,104.9079918,104.9358918,104.9238918,
7550.8502,104.9218,104.9497,104.9375,,,7550.8502,104.9079038,104.9358038,104.9236038,
7551.7496,104.9215,104.9492,104.937,,,7551.7496,104.9076159,104.9353159,104.9231159,
7552.6998,104.9209,104.949,104.9365,,,7552.6998,104.9070286,104.9351286,104.9226286,
7553.65,104.9205,104.9482,104.9361,,,7553.65,104.9066414,104.9343414,104.9222414,
7554.5504,104.9194,104.9489,104.9358,,,7554.5504,104.9055534,104.9350534,104.9219534,
7555.4498,104.9199,104.9483,104.9354,,,7555.4498,104.9060655,104.9344655,104.9215655,
7556.3502,104.9194,104.9481,104.935,,,7556.3502,104.9055775,104.9342775,104.9211775,
7557.2999,104.9194,104.9479,104.9342,,,7557.2999,104.9055903,104.9340903,104.9203903,
7558.2496,104.9187,104.9471,104.934,,,7558.2496,104.904903,104.933303,104.920203,
7559.15,104.919,104.9469,104.9338,,,7559.15,104.9052151,104.9331151,104.9200151,
7560.1002,104.9189,104.9459,104.9335,,,7560.1002,104.9051278,104.9321278,104.9197278,
7561.0001,104.9182,104.9457,104.9332,,,7561.0001,104.9044398,104.9319398,104.9194398,
7561.9,104.9182,104.9453,104.9329,,,7561.9,104.9044519,104.9315519,104.9191519,
7562.8502,104.9179,104.9449,104.9324,,,7562.8502,104.9041646,104.9311646,104.9186646,
7563.7496,104.917,104.9445,104.9319,,,7563.7496,104.9032767,104.9307767,104.9181767,
7564.6998,104.9163,104.9445,104.9316,,,7564.6998,104.9025894,104.9307894,104.9178894,
7565.65,104.916,104.9439,104.9313,,,7565.65,104.9023022,104.9302022,104.9176022,
7566.5504,104.9156,104.9433,104.9309,,,7566.5504,104.9019142,104.9296142,104.9172142,
7567.4498,104.9151,104.9433,104.9304,,,7567.4498,104.9014263,104.9296263,104.9167263,
7568.3502,104.9147,104.943,104.93,,,7568.3502,104.9010383,104.9293383,104.9163383,
7569.2999,104.9147,104.9423,104.9296,,,7569.2999,104.9010511,104.9286511,104.9159511,
7570.2496,104.9143,104.9423,104.9293,,,7570.2496,104.9006638,104.9286638,104.9156638,
7571.15,104.9139,104.942,104.9292,,,7571.15,104.9002759,104.9283759,104.9155759,
7572.0504,104.9136,104.9411,104.9289,,,7572.0504,104.8999879,104.9274879,104.9152879,
7573.0001,104.9135,104.9408,104.9286,,,7573.0001,104.8999006,104.9272006,104.9150006,
7573.9498,104.9127,104.9406,104.9283,,,7573.9498,104.8991134,104.9270134,104.9147134,
7574.8502,104.9124,104.9403,104.9279,,,7574.8502,104.8988254,104.9267254,104.9143254,
7575.7496,104.9121,104.94,104.9276,,,7575.7496,104.8985375,104.9264375,104.9140375,
7576.6998,104.9118,104.94,104.9271,,,7576.6998,104.8982502,104.9264502,104.9135502,
7577.65,104.9118,104.94,104.9267,,,7577.65,104.898263,104.926463,104.913163,
7578.5504,104.9119,104.9395,104.9263,,,7578.5504,104.898375,104.925975,104.912775,
7579.4498,104.9109,104.9391,104.9257,,,7579.4498,104.8973871,104.9255871,104.9121871,
7580.3502,104.9112,104.9388,104.9253,,,7580.3502,104.8976991,104.9252991,104.9117991,
7581.2999,104.9105,104.9388,104.9248,,,7581.2999,104.8970119,104.9253119,104.9113119,
7582.2496,104.9092,104.938,104.9244,,,7582.2496,104.8957246,104.9245246,104.9109246,
7583.15,104.9093,104.9375,104.9238,,,7583.15,104.8958367,104.9240367,104.9103367,
7584.1002,104.9083,104.9372,104.9233,,,7584.1002,104.8948494,104.9237494,104.9098494,
7585.0504,104.9075,104.9372,104.923,,,7585.0504,104.8940621,104.9237621,104.9095621,
7585.9498,104.9075,104.9368,104.9227,,,7585.9498,104.8940742,104.9233742,104.9092742,
7586.8502,104.9064,104.9365,104.9222,,,7586.8502,104.8929862,104.9230862,104.9087862,
7587.7496,104.9057,104.936,104.9218,,,7587.7496,104.8922983,104.9225983,104.9083983,
7588.6998,104.9061,104.9361,104.9214,,,7588.6998,104.892711,104.922711,104.908011,
7589.65,104.9052,104.9353,104.921,,,7589.65,104.8918237,104.9219237,104.9076237,
7590.5504,104.905,104.9359,104.9208,,,7590.5504,104.8916358,104.9225358,104.9074358,
7591.4498,104.9036,104.9357,104.9205,,,7591.4498,104.8902479,104.9223479,104.9071479,
7592.4,104.9033,104.9355,104.9202,,,7592.4,104.8899606,104.9221606,104.9068606,
7593.3502,104.9028,104.9348,104.9197,,,7593.3502,104.8894733,104.9214733,104.9063733,
7594.2496,104.902,104.9349,104.9193,,,7594.2496,104.8886854,104.9215854,104.9059854,
7595.15,104.9013,104.9344,104.9191,,,7595.15,104.8879974,104.9210974,104.9057974,
7596.0504,104.9002,104.9345,104.9189,,,7596.0504,104.8869095,104.9212095,104.9056095,
7597.0001,104.8998,104.9345,104.9185,,,7597.0001,104.8865222,104.9212222,104.9052222,
7597.9498,104.899,104.9341,104.918,,,7597.9498,104.885735,104.920835,104.904735,
7598.8502,104.8989,104.9343,104.9176,,,7598.8502,104.885647,104.921047,104.904347,
7599.7496,104.8986,104.9341,104.9171,,,7599.7496,104.8853591,104.9208591,104.9038591,
7600.65,104.897,104.9336,104.9167,,,7600.65,104.8837711,104.9203711,104.9034711,
7601.6002,104.8966,104.9336,104.9164,,,7601.6002,104.8833839,104.9203839,104.9031839,
7602.5504,104.8967,104.9329,104.9159,,,7602.5504,104.8834966,104.9196966,104.9026966,
7603.4498,104.8954,104.9323,104.9154,,,7603.4498,104.8822087,104.9191087,104.9022087,
7604.4,104.8955,104.9324,104.915,,,7604.4,104.8823214,104.9192214,104.9018214,
7605.3502,104.8949,104.9316,104.9147,,,7605.3502,104.8817341,104.9184341,104.9015341,
7606.2496,104.8941,104.9317,104.9144,,,7606.2496,104.8809462,104.9185462,104.9012462,
7607.15,104.8937,104.9314,104.914,,,7607.15,104.8805582,104.9182582,104.9008582,
7608.1002,104.8928,104.9309,104.9135,,,7608.1002,104.879671,104.917771,104.900371,
7609.0504,104.8927,104.9305,104.9132,,,7609.0504,104.8795837,104.9173837,104.9000837,
7609.9498,104.8924,104.9304,104.9126,,,7609.9498,104.8792958,104.9172958,104.8994958,
7610.9,104.892,104.9296,104.9123,,,7610.9,104.8789085,104.9165085,104.8992085,
7611.8502,104.8911,104.9293,104.9118,,,7611.8502,104.8780212,104.9162212,104.8987212,
7612.7496,104.8902,104.9286,104.9113,,,7612.7496,104.8771333,104.9155333,104.8982333,
7613.6998,104.8899,104.9278,104.9108,,,7613.6998,104.876846,104.914746,104.897746,
7614.65,104.8896,104.9274,104.9104,,,7614.65,104.8765587,104.9143587,104.8973587,
7615.5504,104.8891,104.9265,104.9099,,,7615.5504,104.8760708,104.9134708,104.8968708,
7616.4498,104.8886,104.9269,104.9097,,,7616.4498,104.8755829,104.9138829,104.8966829,
7617.4,104.8886,104.926,104.9091,,,7617.4,104.8755956,104.9129956,104.8960956,
7618.3502,104.8872,104.926,104.9086,,,7618.3502,104.8742083,104.9130083,104.8956083,
7619.2496,104.888,104.9254,104.9081,,,7619.2496,104.8750204,104.9124204,104.8951204,
7620.15,104.8871,104.9252,104.9076,,,7620.15,104.8741324,104.9122324,104.8946324,
7621.1002,104.8867,104.9242,104.9071,,,7621.1002,104.8737452,104.9112452,104.8941452,
7622.0504,104.8863,104.9242,104.9068,,,7622.0504,104.8733579,104.9112579,104.8938579,
7622.9498,104.8857,104.9231,104.9063,,,7622.9498,104.87277,104.91017,104.89337,
7623.9,104.8857,104.9231,104.9059,,,7623.9,104.8727827,104.9101827,104.8929827,
7624.8502,104.8843,104.923,104.9055,,,7624.8502,104.8713954,104.9100954,104.8925954,
7625.7496,104.8843,104.9226,104.9052,,,7625.7496,104.8714075,104.9097075,104.8923075,
7626.6998,104.8839,104.9227,104.9049,,,7626.6998,104.8710202,104.9098202,104.8920202,
7627.65,104.8829,104.9221,104.9043,,,7627.65,104.8700329,104.9092329,104.8914329,
7628.5504,104.8819,104.9217,104.9039,,,7628.5504,104.869045,104.908845,104.891045,
7629.5001,104.882,104.9211,104.9035,,,7629.5001,104.8691577,104.9082577,104.8906577,
7630.4498,104.8816,104.9209,104.9029,,,7630.4498,104.8687705,104.9080705,104.8900705,
7631.3502,104.8809,104.9202,104.9025,,,7631.3502,104.8680825,104.9073825,104.8896825,
7632.2999,104.8802,104.9202,104.9022,,,7632.2999,104.8673952,104.9073952,104.8893952,
7633.2496,104.8794,104.9199,104.9018,,,7633.2496,104.866608,104.907108,104.889008,
7634.15,104.8788,104.9195,104.9012,,,7634.15,104.86602,104.90672,104.88842,
7635.1002,104.8774,104.9197,104.9008,,,7635.1002,104.8646328,104.9069328,104.8880328,
7636.0504,104.8773,104.9202,104.9004,,,7636.0504,104.8645455,104.9074455,104.8876455,
7636.9498,104.8769,104.9201,104.9001,,,7636.9498,104.8641576,104.9073576,104.8873576,
7637.9,104.8758,104.9191,104.8995,,,7637.9,104.8630703,104.9063703,104.8867703,
7638.8502,104.875,104.9189,104.899,,,7638.8502,104.862283,104.906183,104.886283,
7639.7999,104.8743,104.9182,104.8985,,,7639.7999,104.8615957,104.9054957,104.8857957,
7640.7496,104.8742,104.9178,104.8979,,,7640.7496,104.8615085,104.9051085,104.8852085,
7641.65,104.8738,104.9175,104.8975,,,7641.65,104.8611205,104.9048205,104.8848205,
7642.6002,104.8731,104.9174,104.8971,,,7642.6002,104.8604333,104.9047333,104.8844333,
7643.5504,104.8725,104.9171,104.8967,,,7643.5504,104.859846,104.904446,104.884046,
7644.4498,104.8722,104.9166,104.8962,,,7644.4498,104.8595581,104.9039581,104.8835581,
7645.4,104.8711,104.9171,104.8958,,,7645.4,104.8584708,104.9044708,104.8831708,
7646.3502,104.8707,104.9163,104.8955,,,7646.3502,104.8580835,104.9036835,104.8828835,
7647.2496,104.8706,104.9163,104.8953,,,7647.2496,104.8579956,104.9036956,104.8826956,
7648.1998,104.8697,104.9162,104.8949,,,7648.1998,104.8571083,104.9036083,104.8823083,
7649.15,104.8698,104.9164,104.8945,,,7649.15,104.857221,104.903821,104.881921,
7650.0504,104.8699,104.9156,104.8939,,,7650.0504,104.8573331,104.9030331,104.8813331,
7651.0001,104.8695,104.9148,104.8934,,,7651.0001,104.8569458,104.9022458,104.8808458,
7651.9498,104.8694,104.9147,104.8932,,,7651.9498,104.8568585,104.9021585,104.8806585,
7652.9,104.8694,104.9142,104.8929,,,7652.9,104.8568713,104.9016713,104.8803713,
7653.8502,104.8689,104.9136,104.8923,,,7653.8502,104.856384,104.901084,104.879784,
7654.7496,104.8678,104.9138,104.8919,,,7654.7496,104.8552961,104.9012961,104.8793961,
7655.6998,104.8676,104.9139,104.8916,,,7655.6998,104.8551088,104.9014088,104.8791088,
7656.65,104.8667,104.914,104.8915,,,7656.65,104.8542215,104.9015215,104.8790215,
7657.6002,104.8674,104.9138,104.8913,,,7657.6002,104.8549343,104.9013343,104.8788343,
7658.5504,104.8667,104.9135,104.8909,,,7658.5504,104.854247,104.901047,104.878447,
7659.4498,104.8668,104.9127,104.8904,,,7659.4498,104.854359,104.900259,104.877959,
7660.4,104.8668,104.9124,104.8902,,,7660.4,104.8543718,104.8999718,104.8777718,
7661.3502,104.8668,104.912,104.8898,,,7661.3502,104.8543845,104.8995845,104.8773845,
7662.2496,104.8664,104.9116,104.8897,,,7662.2496,104.8539966,104.8991966,104.8772966,
7663.1998,104.8651,104.9118,104.8895,,,7663.1998,104.8527093,104.8994093,104.8771093,
7664.15,104.8659,104.9119,104.8893,,,7664.15,104.853522,104.899522,104.876922,
7665.1002,104.8651,104.9111,104.8889,,,7665.1002,104.8527348,104.8987348,104.8765348,
7666.0504,104.8644,104.9109,104.8887,,,7666.0504,104.8520475,104.8985475,104.8763475,
7666.9498,104.8643,104.9107,104.8887,,,7666.9498,104.8519595,104.8983595,104.8763595,
7667.9,104.8638,104.9105,104.8884,,,7667.9,104.8514723,104.8981723,104.8760723,
7668.8502,104.8635,104.9101,104.8881,,,7668.8502,104.851185,104.897785,104.875785,
7669.7496,104.8636,104.9099,104.8878,,,7669.7496,104.8512971,104.8975971,104.8754971,
7670.6998,104.8638,104.9091,104.8875,,,7670.6998,104.8515098,104.8968098,104.8752098,
7671.65,104.8625,104.9088,104.8868,,,7671.65,104.8502225,104.8965225,104.8745225,
7672.5504,104.862,104.9081,104.8865,,,7672.5504,104.8497346,104.8958346,104.8742346,
7673.5001,104.8617,104.9081,104.8863,,,7673.5001,104.8494473,104.8958473,104.8740473,
7674.4498,104.8608,104.9071,104.8858,,,7674.4498,104.84856,104.89486,104.87356,
7675.3502,104.8609,104.9072,104.8854,,,7675.3502,104.8486721,104.8949721,104.8731721,
7676.2999,104.8601,104.9068,104.885,,,7676.2999,104.8478848,104.8945848,104.8727848,
7677.2496,104.8593,104.9061,104.8845,,,7677.2496,104.8470976,104.8938976,104.8722976,
7678.15,104.8589,104.9064,104.8842,,,7678.15,104.8467096,104.8942096,104.8720096,
7679.1002,104.8588,104.9052,104.8837,,,7679.1002,104.8466224,104.8930224,104.8715224,
7680.0504,104.8588,104.9044,104.8831,,,7680.0504,104.8466351,104.8922351,104.8709351,
7680.9498,104.8583,104.9037,104.8828,,,7680.9498,104.8461471,104.8915471,104.8706471,
7681.8502,104.8576,104.903,104.8822,,,7681.8502,104.8454592,104.8908592,104.8700592,
7682.7999,104.8568,104.9029,104.8817,,,7682.7999,104.8446719,104.8907719,104.8695719,
7683.7496,104.8565,104.9025,104.8815,,,7683.7496,104.8443847,104.8903847,104.8693847,
7684.65,104.8562,104.9017,104.881,,,7684.65,104.8440967,104.8895967,104.8688967,
7685.6002,104.8557,104.9018,104.8806,,,7685.6002,104.8436095,104.8897095,104.8685095,
7686.5504,104.855,104.9012,104.8805,,,7686.5504,104.8429222,104.8891222,104.8684222,
7687.4498,104.8549,104.9014,104.8803,,,7687.4498,104.8428342,104.8893342,104.8682342,
7688.4,104.8537,104.9006,104.8799,,,7688.4,104.841647,104.888547,104.867847,
7689.3502,104.8536,104.8998,104.8793,,,7689.3502,104.8415597,104.8877597,104.8672597,
7690.2999,104.8528,104.8996,104.8786,,,7690.2999,104.8407724,104.8875724,104.8665724,
7691.2496,104.8522,104.8979,104.8778,,,7691.2496,104.8401852,104.8858852,104.8657852,
7692.15,104.8502,104.8969,104.8768,,,7692.15,104.8381972,104.8848972,104.8647972,
7693.0504,104.8506,104.8961,104.8762,,,7693.0504,104.8386093,104.8841093,104.8642093,
7694.0001,104.8494,104.8957,104.8757,,,7694.0001,104.837422,104.883722,104.863722,
7694.9498,104.8423,104.8953,104.8749,,,7694.9498,104.8303347,104.8833347,104.8629347,
7695.8502,104.8458,104.8938,104.8744,,,7695.8502,104.8338468,104.8818468,104.8624468,
7696.7999,104.8477,104.8939,104.8744,,,7696.7999,104.8357595,104.8819595,104.8624595,
7697.7496,104.8427,104.8932,104.874,,,7697.7496,104.8307723,104.8812723,104.8620723,
7698.65,104.8459,104.8927,104.8734,,,7698.65,104.8339843,104.8807843,104.8614843,
7699.6002,104.8439,104.8915,104.8724,,,7699.6002,104.831997,104.879597,104.860497,
7700.5504,104.8406,104.8914,104.8715,,,7700.5504,104.8287098,104.8795098,104.8596098,
7701.4498,104.845,104.8916,104.8715,,,7701.4498,104.8331218,104.8797218,104.8596218,
7702.4,104.844,104.8907,104.8711,,,7702.4,104.8321346,104.8788346,104.8592346,
7703.3502,104.8455,104.8902,104.8706,,,7703.3502,104.8336473,104.8783473,104.8587473,
7704.2496,104.8443,104.8895,104.8703,,,7704.2496,104.8324593,104.8776593,104.8584593,
7705.1998,104.8461,104.8887,104.8697,,,7705.1998,104.8342721,104.8768721,104.8578721,
7706.15,104.8462,104.8879,104.8692,,,7706.15,104.8343848,104.8760848,104.8573848,
7707.0504,104.8459,104.888,104.8686,,,7707.0504,104.8340969,104.8761969,104.8567969,
7708.0001,104.8457,104.8872,104.8681,,,7708.0001,104.8339096,104.8754096,104.8563096,
7708.9498,104.8443,104.8864,104.8675,,,7708.9498,104.8325223,104.8746223,104.8557223,
7709.8502,104.844,104.8855,104.8667,,,7709.8502,104.8322344,104.8737344,104.8549344,
7710.7999,104.843,104.8852,104.8659,,,7710.7999,104.8312471,104.8734471,104.8541471,
7711.7496,104.8428,104.884,104.8651,,,7711.7496,104.8310598,104.8722598,104.8533598,
7712.65,104.8427,104.8833,104.8644,,,7712.65,104.8309719,104.8715719,104.8526719,
7713.6002,104.8419,104.8824,104.8637,,,7713.6002,104.8301846,104.8706846,104.8519846,
7714.5504,104.8408,104.882,104.8629,,,7714.5504,104.8290974,104.8702974,104.8511974,
7715.4498,104.84,104.8809,104.862,,,7715.4498,104.8283094,104.8692094,104.8503094,
7716.4,104.8394,104.8802,104.8611,,,7716.4,104.8277222,104.8685222,104.8494222,
7717.3502,104.8388,104.8792,104.8603,,,7717.3502,104.8271349,104.8675349,104.8486349,
7718.2496,104.838,104.8788,104.8595,,,7718.2496,104.8263469,104.8671469,104.8478469,
7719.1998,104.8365,104.878,104.8585,,,7719.1998,104.8248597,104.8663597,104.8468597,
7720.15,104.8363,104.8766,104.8575,,,7720.15,104.8246724,104.8649724,104.8458724,
7721.0504,104.8355,104.8761,104.8566,,,7721.0504,104.8238845,104.8644845,104.8449845,
7722.0001,104.8352,104.8746,104.8557,,,7722.0001,104.8235972,104.8629972,104.8440972,
7722.9498,104.8343,104.8738,104.8546,,,7722.9498,104.8227099,104.8622099,104.8430099,
7723.8502,104.8332,104.8725,104.8538,,,7723.8502,104.821622,104.860922,104.842222,
7724.7999,104.8327,104.8723,104.853,,,7724.7999,104.8211347,104.8607347,104.8414347,
7725.7496,104.8318,104.871,104.8519,,,7725.7496,104.8202474,104.8594474,104.8403474,
7726.65,104.8313,104.8698,104.851,,,7726.65,104.8197595,104.8582595,104.8394595,
7727.6002,104.8301,104.8698,104.8503,,,7727.6002,104.8185722,104.8582722,104.8387722,
7728.5504,104.8293,104.8683,104.8494,,,7728.5504,104.817785,104.856785,104.837885,
7729.4498,104.8285,104.8674,104.8486,,,7729.4498,104.816997,104.855897,104.837097,
7730.4,104.8284,104.8659,104.8477,,,7730.4,104.8169098,104.8544098,104.8362098,
7731.3502,104.8276,104.8654,104.8467,,,7731.3502,104.8161225,104.8539225,104.8352225,
7732.2496,104.8272,104.8646,104.8458,,,7732.2496,104.8157345,104.8531345,104.8343345,
7733.1998,104.8269,104.8632,104.8449,,,7733.1998,104.8154473,104.8517473,104.8334473,
7734.15,104.8262,104.8623,104.8443,,,7734.15,104.81476,104.85086,104.83286,
7735.1002,104.825,104.8615,104.8436,,,7735.1002,104.8135727,104.8500727,104.8321727,
7736.0504,104.8243,104.8608,104.8426,,,7736.0504,104.8128855,104.8493855,104.8311855,
7736.9498,104.8235,104.8592,104.842,,,7736.9498,104.8120975,104.8477975,104.8305975,
7737.9,104.8229,104.8592,104.8415,,,7737.9,104.8115103,104.8478103,104.8301103,
7738.8502,104.8219,104.8581,104.8409,,,7738.8502,104.810523,104.846723,104.829523,
7739.7496,104.8217,104.8577,104.8404,,,7739.7496,104.810335,104.846335,104.829035,
7740.6998,104.8209,104.8572,104.8396,,,7740.6998,104.8095478,104.8458478,104.8282478,
7741.65,104.8197,104.8561,104.8389,,,7741.65,104.8083605,104.8447605,104.8275605,
7742.5504,104.8194,104.8549,104.8381,,,7742.5504,104.8080726,104.8435726,104.8267726,
7743.5001,104.8188,104.854,104.8373,,,7743.5001,104.8074853,104.8426853,104.8259853,
7744.4498,104.8187,104.8532,104.8368,,,7744.4498,104.807398,104.841898,104.825498,
7745.3502,104.818,104.8518,104.8364,,,7745.3502,104.8067101,104.8405101,104.8251101,
7746.2999,104.8174,104.851,104.8355,,,7746.2999,104.8061228,104.8397228,104.8242228,
7747.2496,104.8167,104.85,104.8349,,,7747.2496,104.8054355,104.8387355,104.8236355,
7748.1998,104.8158,104.8498,104.8343,,,7748.1998,104.8045483,104.8385483,104.8230483,
7749.15,104.8155,104.8486,104.8337,,,7749.15,104.804261,104.837361,104.822461,
7750.0504,104.8147,104.8475,104.8331,,,7750.0504,104.8034731,104.8362731,104.8218731,
7751.0001,104.8136,104.8473,104.8323,,,7751.0001,104.8023858,104.8360858,104.8210858,
7751.9498,104.8131,104.8461,104.8315,,,7751.9498,104.8018985,104.8348985,104.8202985,
7752.8502,104.8123,104.8451,104.8308,,,7752.8502,104.8011106,104.8339106,104.8196106,
7753.7999,104.8119,104.8437,104.8298,,,7753.7999,104.8007233,104.8325233,104.8186233,
7754.7496,104.8107,104.8432,104.8292,,,7754.7496,104.799536,104.832036,104.818036,
7755.65,104.8105,104.8423,104.8285,,,7755.65,104.7993481,104.8311481,104.8173481,
7756.5504,104.8096,104.8414,104.8277,,,7756.5504,104.7984602,104.8302602,104.8165602,
7757.5001,104.8096,104.8403,104.8271,,,7757.5001,104.7984729,104.8291729,104.8159729,
7758.4498,104.8093,104.8398,104.8264,,,7758.4498,104.7981856,104.8286856,104.8152856,
7759.4,104.8085,104.8391,104.8258,,,7759.4,104.7973983,104.8279983,104.8146983,
7760.3502,104.8073,104.8379,104.8249,,,7760.3502,104.7962111,104.8268111,104.8138111,
7761.2496,104.8069,104.8367,104.824,,,7761.2496,104.7958231,104.8256231,104.8129231,
7762.15,104.8066,104.8355,104.8232,,,7762.15,104.7955352,104.8244352,104.8121352,
7763.1002,104.8068,104.8344,104.8224,,,7763.1002,104.7957479,104.8233479,104.8113479,
7764.0504,104.8056,104.8333,104.8215,,,7764.0504,104.7945607,104.8222607,104.8104607,
7764.9498,104.8057,104.8328,104.8209,,,7764.9498,104.7946727,104.8217727,104.8098727,
7765.9,104.8044,104.8318,104.8202,,,7765.9,104.7933854,104.8207854,104.8091854,
7766.8502,104.8044,104.8306,104.8193,,,7766.8502,104.7933982,104.8195982,104.8082982,
7767.7496,104.8037,104.8293,104.8186,,,7767.7496,104.7927102,104.8183102,104.8076102,
7768.6998,104.8033,104.8289,104.818,,,7768.6998,104.792323,104.817923,104.807023,
7769.65,104.8032,104.828,104.8174,,,7769.65,104.7922357,104.8170357,104.8064357,
7770.5504,104.8034,104.8272,104.8167,,,7770.5504,104.7924478,104.8162478,104.8057478,
7771.5001,104.8026,104.8262,104.8159,,,7771.5001,104.7916605,104.8152605,104.8049605,
7772.4498,104.8022,104.825,104.8152,,,7772.4498,104.7912732,104.8140732,104.8042732,
7773.3502,104.8021,104.8241,104.8144,,,7773.3502,104.7911853,104.8131853,104.8034853,
7774.2496,104.802,104.8225,104.8137,,,7774.2496,104.7910973,104.8115973,104.8027973,
7775.1998,104.8012,104.8219,104.8132,,,7775.1998,104.7903101,104.8110101,104.8023101,
7776.15,104.8013,104.8211,104.8127,,,7776.15,104.7904228,104.8102228,104.8018228,
7777.0504,104.8008,104.8211,104.8121,,,7777.0504,104.7899349,104.8102349,104.8012349,
7778.0001,104.7999,104.8202,104.8115,,,7778.0001,104.7890476,104.8093476,104.8006476,
7778.9498,104.7995,104.8193,104.8111,,,7778.9498,104.7886603,104.8084603,104.8002603,
7779.8502,104.7997,104.819,104.8107,,,7779.8502,104.7888724,104.8081724,104.7998724,
7780.7999,104.7991,104.8184,104.8102,,,7780.7999,104.7882851,104.8075851,104.7993851,
7781.7496,104.7989,104.8176,104.8094,,,7781.7496,104.7880978,104.8067978,104.7985978,
7782.65,104.799,104.8172,104.8088,,,7782.65,104.7882099,104.8064099,104.7980099,
7783.5504,104.7983,104.8163,104.808,,,7783.5504,104.787522,104.805522,104.797222,
7784.5001,104.7982,104.8155,104.8074,,,7784.5001,104.7874347,104.8047347,104.7966347,
7785.4498,104.7978,104.8143,104.807,,,7785.4498,104.7870474,104.8035474,104.7962474,
7786.3502,104.7967,104.8139,104.8066,,,7786.3502,104.7859595,104.8031595,104.7958595,
7787.2999,104.7973,104.8134,104.806,,,7787.2999,104.7865722,104.8026722,104.7952722,
7788.2496,104.7962,104.8128,104.8054,,,7788.2496,104.7854849,104.8020849,104.7946849,
7789.15,104.7959,104.8119,104.8051,,,7789.15,104.785197,104.801197,104.794397,
7790.1002,104.7957,104.8116,104.8047,,,7790.1002,104.7850097,104.8009097,104.7940097,
7791.0504,104.7954,104.8111,104.8041,,,7791.0504,104.7847225,104.8004225,104.7934225,
7791.9498,104.7942,104.8105,104.8033,,,7791.9498,104.7835345,104.7998345,104.7926345,
7792.8502,104.7947,104.8095,104.8025,,,7792.8502,104.7840466,104.7988466,104.7918466,
7793.7999,104.7935,104.8092,104.8017,,,7793.7999,104.7828593,104.7985593,104.7910593,
7794.7496,104.7934,104.8084,104.801,,,7794.7496,104.782772,104.797772,104.790372,
7795.65,104.7924,104.8083,104.8005,,,7795.65,104.7817841,104.7976841,104.7898841,
7796.6002,104.7912,104.8076,104.7997,,,7796.6002,104.7805968,104.7969968,104.7890968,
7797.5504,104.7912,104.8065,104.7989,,,7797.5504,104.7806096,104.7959096,104.7883096,
7798.4498,104.7896,104.8061,104.7981,,,7798.4498,104.7790216,104.7955216,104.7875216,
7799.3502,104.7887,104.8057,104.7972,,,7799.3502,104.7781337,104.7951337,104.7866337,
7800.2999,104.788,104.8049,104.7965,,,7800.2999,104.7774464,104.7943464,104.7859464,
7801.2496,104.7873,104.8042,104.7958,,,7801.2496,104.7767591,104.7936591,104.7852591,
7802.15,104.7857,104.8036,104.7949,,,7802.15,104.7751712,104.7930712,104.7843712,
7803.1002,104.7844,104.8028,104.794,,,7803.1002,104.7738839,104.7922839,104.7834839,
7804.0504,104.7836,104.8018,104.7931,,,7804.0504,104.7730967,104.7912967,104.7825967,
7804.9498,104.7824,104.801,104.7923,,,7804.9498,104.7719087,104.7905087,104.7818087,
7805.8502,104.7814,104.8001,104.7915,,,7805.8502,104.7709208,104.7896208,104.7810208,
7806.7999,104.7809,104.7995,104.7907,,,7806.7999,104.7704335,104.7890335,104.7802335,
7807.7496,104.7794,104.7986,104.7899,,,7807.7496,104.7689462,104.7881462,104.7794462,
7808.65,104.7784,104.7977,104.7891,,,7808.65,104.7679583,104.7872583,104.7786583,
7809.6002,104.7778,104.7971,104.7884,,,7809.6002,104.767371,104.786671,104.777971,
7810.5504,104.7769,104.7965,104.7878,,,7810.5504,104.7664837,104.7860837,104.7773837,
7811.4498,104.7757,104.7962,104.7871,,,7811.4498,104.7652958,104.7857958,104.7766958,
7812.3502,104.7753,104.7955,104.7863,,,7812.3502,104.7649079,104.7851079,104.7759079,
7813.2496,104.7745,104.7947,104.7855,,,7813.2496,104.7641199,104.7843199,104.7751199,
7814.1998,104.7733,104.7939,104.7847,,,7814.1998,104.7629326,104.7835326,104.7743326,
7815.15,104.7722,104.7932,104.7839,,,7815.15,104.7618454,104.7828454,104.7735454,
7816.0504,104.7722,104.7928,104.7833,,,7816.0504,104.7618574,104.7824574,104.7729574,
7817.0001,104.7713,104.7919,104.7826,,,7817.0001,104.7609702,104.7815702,104.7722702,
7817.9498,104.7705,104.7914,104.7816,,,7817.9498,104.7601829,104.7810829,104.7712829,
7818.8502,104.7691,104.7904,104.7809,,,7818.8502,104.758795,104.780095,104.770595,
7819.7496,104.7688,104.7898,104.7803,,,7819.7496,104.758507,104.779507,104.770007,
7820.6998,104.768,104.7894,104.7799,,,7820.6998,104.7577197,104.7791197,104.7696197,
7821.65,104.7675,104.7887,104.7793,,,7821.65,104.7572325,104.7784325,104.7690325,
7822.5504,104.7666,104.7879,104.7785,,,7822.5504,104.7563445,104.7776445,104.7682445,
7823.4498,104.7659,104.7871,104.7778,,,7823.4498,104.7556566,104.7768566,104.7675566,
7824.4,104.7643,104.7865,104.777,,,7824.4,104.7540693,104.7762693,104.7667693,
7825.3502,104.7636,104.7857,104.7762,,,7825.3502,104.7533821,104.7754821,104.7659821,
7826.2496,104.7628,104.7851,104.7756,,,7826.2496,104.7525941,104.7748941,104.7653941,
7827.1998,104.7617,104.7839,104.7749,,,7827.1998,104.7515068,104.7737068,104.7647068,
7828.15,104.7604,104.7835,104.7739,,,7828.15,104.7502196,104.7733196,104.7637196,
7829.0504,104.7603,104.7825,104.7731,,,7829.0504,104.7501316,104.7723316,104.7629316,
7829.9498,104.7595,104.7824,104.7726,,,7829.9498,104.7493437,104.7722437,104.7624437,
7830.8502,104.7583,104.7819,104.772,,,7830.8502,104.7481558,104.7717558,104.7618558,
7831.7999,104.7573,104.7806,104.7713,,,7831.7999,104.7471685,104.7704685,104.7611685,
7832.7496,104.7565,104.7802,104.7706,,,7832.7496,104.7463812,104.7700812,104.7604812,
7833.65,104.7552,104.7792,104.7698,,,7833.65,104.7450933,104.7690933,104.7596933,
7834.6002,104.7544,104.7786,104.769,,,7834.6002,104.744306,104.768506,104.758906,
7835.5504,104.7524,104.7776,104.7682,,,7835.5504,104.7423187,104.7675187,104.7581187,
7836.4498,104.753,104.7774,104.7678,,,7836.4498,104.7429308,104.7673308,104.7577308,
7837.3502,104.7517,104.7765,104.767,,,7837.3502,104.7416429,104.7664429,104.7569429,
7838.2999,104.7509,104.7758,104.7663,,,7838.2999,104.7408556,104.7657556,104.7562556,
7839.2496,104.7497,104.775,104.7655,,,7839.2496,104.7396683,104.7649683,104.7554683,
7840.15,104.7499,104.7743,104.7649,,,7840.15,104.7398804,104.7642804,104.7548804,
7841.1002,104.749,104.7741,104.7645,,,7841.1002,104.7389931,104.7640931,104.7544931,
7842.0504,104.7482,104.7733,104.7638,,,7842.0504,104.7382058,104.7633058,104.7538058,
7842.9498,104.7469,104.7729,104.7631,,,7842.9498,104.7369179,104.7629179,104.7531179,
7843.8502,104.7462,104.7723,104.7622,,,7843.8502,104.73623,104.76233,104.75223,
7844.7999,104.7446,104.7713,104.7614,,,7844.7999,104.7346427,104.7613427,104.7514427,
7845.7496,104.7447,104.7709,104.7608,,,7845.7496,104.7347554,104.7609554,104.7508554,
7846.65,104.7435,104.7694,104.7602,,,7846.65,104.7335675,104.7594675,104.7502675,
7847.5504,104.7432,104.769,104.7596,,,7847.5504,104.7332795,104.7590795,104.7496795,
7848.5001,104.7431,104.768,104.7588,,,7848.5001,104.7331923,104.7580923,104.7488923,
7849.4498,104.7419,104.7672,104.7583,,,7849.4498,104.732005,104.757305,104.748405,
7850.3502,104.7424,104.7663,104.7579,,,7850.3502,104.7325171,104.7564171,104.7480171,
7851.2999,104.7416,104.7659,104.7575,,,7851.2999,104.7317298,104.7560298,104.7476298,
7852.2496,104.7418,104.7654,104.7569,,,7852.2496,104.7319425,104.7555425,104.7470425,
7853.15,104.7411,104.7646,104.7562,,,7853.15,104.7312546,104.7547546,104.7463546,
7854.0504,104.741,104.7636,104.7557,,,7854.0504,104.7311666,104.7537666,104.7458666,
7855.0001,104.7402,104.7628,104.7551,,,7855.0001,104.7303794,104.7529794,104.7452794,
7855.9498,104.7396,104.7624,104.7544,,,7855.9498,104.7297921,104.7525921,104.7445921,
7856.8502,104.7399,104.7615,104.7537,,,7856.8502,104.7301042,104.7517042,104.7439042,
7857.7496,104.739,104.7605,104.7529,,,7857.7496,104.7292162,104.7507162,104.7431162,
7858.6998,104.7392,104.7595,104.7522,,,7858.6998,104.7294289,104.7497289,104.7424289,
7859.65,104.739,104.7588,104.7516,,,7859.65,104.7292417,104.7490417,104.7418417,
7860.5504,104.7396,104.7581,104.7511,,,7860.5504,104.7298537,104.7483537,104.7413537,
7861.5001,104.7383,104.7581,104.7505,,,7861.5001,104.7285665,104.7483665,104.7407665,
7862.4498,104.7392,104.7569,104.75,,,7862.4498,104.7294792,104.7471792,104.7402792,
7863.3502,104.7392,104.7564,104.7493,,,7863.3502,104.7294913,104.7466913,104.7395913,
7864.2496,104.7388,104.7556,104.7486,,,7864.2496,104.7291033,104.7459033,104.7389033,
7865.1998,104.738,104.7548,104.7479,,,7865.1998,104.728316,104.745116,104.738216,
7866.15,104.7377,104.754,104.7473,,,7866.15,104.7280288,104.7443288,104.7376288,
7867.0504,104.7379,104.754,104.7467,,,7867.0504,104.7282408,104.7443408,104.7370408,
7868.0001,104.7371,104.7532,104.746,,,7868.0001,104.7274536,104.7435536,104.7363536,
7868.9498,104.7369,104.7526,104.7452,,,7868.9498,104.7272663,104.7429663,104.7355663,
7869.8502,104.7369,104.7521,104.7447,,,7869.8502,104.7272783,104.7424783,104.7350783,
7870.7496,104.7364,104.7517,104.7442,,,7870.7496,104.7267904,104.7420904,104.7345904,
7871.6998,104.7359,104.751,104.7437,,,7871.6998,104.7263031,104.7414031,104.7341031,
7872.65,104.7351,104.7507,104.7432,,,7872.65,104.7255159,104.7411159,104.7336159,
7873.5504,104.7348,104.7501,104.7425,,,7873.5504,104.7252279,104.7405279,104.7329279,
7874.5001,104.734,104.7491,104.7417,,,7874.5001,104.7244407,104.7395407,104.7321407,
7875.4498,104.7332,104.7487,104.7412,,,7875.4498,104.7236534,104.7391534,104.7316534,
7876.3502,104.7329,104.7483,104.7405,,,7876.3502,104.7233654,104.7387654,104.7309654,
7877.2496,104.7317,104.7475,104.7399,,,7877.2496,104.7221775,104.7379775,104.7303775,
7878.1998,104.7313,104.7471,104.7393,,,7878.1998,104.7217902,104.7375902,104.7297902,
7879.15,104.731,104.7467,104.7386,,,7879.15,104.721503,104.737203,104.729103,
7880.0504,104.7294,104.7459,104.7381,,,7880.0504,104.719915,104.736415,104.728615,
7881.0001,104.7285,104.7457,104.7377,,,7881.0001,104.7190278,104.7362278,104.7282278,
7881.9498,104.7282,104.7453,104.7372,,,7881.9498,104.7187405,104.7358405,104.7277405,
7882.8502,104.7272,104.7446,104.7366,,,7882.8502,104.7177525,104.7351525,104.7271525,
7883.7999,104.727,104.744,104.7359,,,7883.7999,104.7175653,104.7345653,104.7264653,
7884.7496,104.7262,104.743,104.7349,,,7884.7496,104.716778,104.733578,104.725478,
7885.65,104.7258,104.7423,104.7343,,,7885.65,104.7163901,104.7328901,104.7248901,
7886.5504,104.7246,104.7414,104.7334,,,7886.5504,104.7152021,104.7320021,104.7240021,
7887.5001,104.7229,104.7408,104.7325,,,7887.5001,104.7135149,104.7314149,104.7231149,
7888.4498,104.7226,104.74,104.7317,,,7888.4498,104.7132276,104.7306276,104.7223276,
7889.3502,104.7215,104.739,104.7309,,,7889.3502,104.7121396,104.7296396,104.7215396,
7890.2999,104.7205,104.7385,104.7302,,,7890.2999,104.7111524,104.7291524,104.7208524,
7891.2496,104.7202,104.7377,104.7299,,,7891.2496,104.7108651,104.7283651,104.7205651,
7892.15,104.7186,104.7379,104.7293,,,7892.15,104.7092772,104.7285772,104.7199772,
7893.0504,104.718,104.7372,104.7286,,,7893.0504,104.7086892,104.7278892,104.7192892,
7894.0001,104.7166,104.7364,104.7277,,,7894.0001,104.7073019,104.7271019,104.7184019,
7894.9498,104.7158,104.7356,104.7269,,,7894.9498,104.7065147,104.7263147,104.7176147,
7895.8502,104.7151,104.7349,104.726,,,7895.8502,104.7058267,104.7256267,104.7167267,
7896.7999,104.7139,104.7341,104.7253,,,7896.7999,104.7046395,104.7248395,104.7160395,
7897.7496,104.7128,104.7337,104.7245,,,7897.7496,104.7035522,104.7244522,104.7152522,
7898.65,104.7123,104.7328,104.7235,,,7898.65,104.7030643,104.7235643,104.7142643,
7899.6002,104.7113,104.7317,104.7224,,,7899.6002,104.702077,104.722477,104.713177,
7900.5504,104.7101,104.7306,104.7212,,,7900.5504,104.7008897,104.7213897,104.7119897,
7901.4498,104.7088,104.7298,104.7204,,,7901.4498,104.6996018,104.7206018,104.7112018,
7902.3502,104.7084,104.7288,104.7192,,,7902.3502,104.6992138,104.7196138,104.7100138,
7903.2999,104.7072,104.7273,104.7182,,,7903.2999,104.6980266,104.7181266,104.7090266,
7904.2496,104.7061,104.726,104.717,,,7904.2496,104.6969393,104.7168393,104.7078393,
7905.15,104.7048,104.7246,104.7154,,,7905.15,104.6956514,104.7154514,104.7062514,
7906.1002,104.7028,104.723,104.7145,,,7906.1002,104.6936641,104.7138641,104.7053641,
7907.0504,104.7016,104.7229,104.714,,,7907.0504,104.6924768,104.7137768,104.7048768,
7907.9498,104.7005,104.7227,104.7133,,,7907.9498,104.6913889,104.7135889,104.7041889,
7908.9,104.6991,104.7215,104.7122,,,7908.9,104.6900016,104.7124016,104.7031016,
7909.8502,104.6975,104.7202,104.7109,,,7909.8502,104.6884143,104.7111143,104.7018143,
7910.7496,104.6957,104.7192,104.7097,,,7910.7496,104.6866264,104.7101264,104.7006264,
7911.6998,104.6948,104.718,104.7087,,,7911.6998,104.6857391,104.7089391,104.6996391,
7912.65,104.693,104.7168,104.7074,,,7912.65,104.6839519,104.7077519,104.6983519,
7913.5504,104.6915,104.7158,104.7061,,,7913.5504,104.6824639,104.7067639,104.6970639,
7914.5001,104.6903,104.7141,104.7048,,,7914.5001,104.6812766,104.7050766,104.6957766,
7915.4498,104.6885,104.7129,104.7034,,,7915.4498,104.6794894,104.7038894,104.6943894,
7916.3502,104.6868,104.7116,104.7019,,,7916.3502,104.6778014,104.7026014,104.6929014,
7917.2999,104.6853,104.7103,104.7004,,,7917.2999,104.6763142,104.7013142,104.6914142,
7918.2496,104.6826,104.7085,104.6988,,,7918.2496,104.6736269,104.6995269,104.6898269,
7919.1998,104.6818,104.7073,104.6973,,,7919.1998,104.6728396,104.6983396,104.6883396,
7920.15,104.68,104.7054,104.6957,,,7920.15,104.6710524,104.6964524,104.6867524,
7921.0504,104.6772,104.7044,104.6943,,,7921.0504,104.6682644,104.6954644,104.6853644,
7922.0001,104.6749,104.7029,104.6928,,,7922.0001,104.6659771,104.6939771,104.6838771,
7922.9498,104.6738,104.7017,104.6913,,,7922.9498,104.6648899,104.6927899,104.6823899,
7923.8502,104.6711,104.6999,104.6898,,,7923.8502,104.6622019,104.6910019,104.6809019,
7924.7496,104.6699,104.6982,104.688,,,7924.7496,104.661014,104.689314,104.679114,
7925.6998,104.6682,104.6962,104.6862,,,7925.6998,104.6593267,104.6873267,104.6773267,
7926.65,104.6659,104.6943,104.6842,,,7926.65,104.6570394,104.6854394,104.6753394,
7927.6002,104.664,104.6923,104.6823,,,7927.6002,104.6551522,104.6834522,104.6734522,
7928.5504,104.6616,104.6904,104.6802,,,7928.5504,104.6527649,104.6815649,104.6713649,
7929.4498,104.6601,104.6881,104.6783,,,7929.4498,104.651277,104.679277,104.669477,
7930.4,104.6577,104.6865,104.6764,,,7930.4,104.6488897,104.6776897,104.6675897,
7931.3502,104.6554,104.6849,104.6746,,,7931.3502,104.6466024,104.6761024,104.6658024,
7932.2496,104.6538,104.6832,104.6729,,,7932.2496,104.6450145,104.6744145,104.6641145,
7933.1998,104.6509,104.6814,104.6711,,,7933.1998,104.6421272,104.6726272,104.6623272,
7934.15,104.6487,104.6796,104.6691,,,7934.15,104.6399399,104.6708399,104.6603399,
7935.0504,104.6465,104.6774,104.667,,,7935.0504,104.637752,104.668652,104.658252,
7936.0001,104.6443,104.6755,104.665,,,7936.0001,104.6355647,104.6667647,104.6562647,
7936.9498,104.643,104.6739,104.6632,,,7936.9498,104.6342775,104.6651775,104.6544775,
7937.8502,104.6408,104.6719,104.6612,,,7937.8502,104.6320895,104.6631895,104.6524895,
7938.7999,104.638,104.6696,104.6591,,,7938.7999,104.6293023,104.6609023,104.6504023,
7939.7496,104.6365,104.668,104.6571,,,7939.7496,104.627815,104.659315,104.648415,
7940.65,104.6349,104.6664,104.6553,,,7940.65,104.626227,104.657727,104.646627,
7941.6002,104.6325,104.665,104.6538,,,7941.6002,104.6238398,104.6563398,104.6451398,
7942.5504,104.6317,104.6637,104.6525,,,7942.5504,104.6230525,104.6550525,104.6438525,
7943.4498,104.6298,104.6627,104.6512,,,7943.4498,104.6211646,104.6540646,104.6425646,
7944.4,104.6284,104.6615,104.6498,,,7944.4,104.6197773,104.6528773,104.6411773,
7945.3502,104.6266,104.6605,104.6485,,,7945.3502,104.61799,104.65189,104.63989,
7946.2999,104.6254,104.6596,104.6474,,,7946.2999,104.6168028,104.6510028,104.6388028,
7947.2496,104.6241,104.6587,104.6463,,,7947.2496,104.6155155,104.6501155,104.6377155,
7948.15,104.623,104.6579,104.6453,,,7948.15,104.6144275,104.6493275,104.6367275,
7949.0504,104.6215,104.6573,104.6445,,,7949.0504,104.6129396,104.6487396,104.6359396,
7950.0001,104.6211,104.6569,104.6438,,,7950.0001,104.6125523,104.6483523,104.6352523,
7950.9498,104.62,104.6569,104.6433,,,7950.9498,104.6114651,104.6483651,104.6347651,
7951.8502,104.6192,104.6568,104.6428,,,7951.8502,104.6106771,104.6482771,104.6342771,
7952.7999,104.6188,104.6568,104.6427,,,7952.7999,104.6102898,104.6482898,104.6341898,
7953.7496,104.6187,104.6569,104.6426,,,7953.7496,104.6102026,104.6484026,104.6341026,
7954.65,104.6187,104.6568,104.6425,,,7954.65,104.6102146,104.6483146,104.6340146,
7955.6002,104.6186,104.6572,104.6426,,,7955.6002,104.6101274,104.6487274,104.6341274,
7956.5504,104.6191,104.6576,104.6427,,,7956.5504,104.6106401,104.6491401,104.6342401,
7957.4498,104.6195,104.658,104.6429,,,7957.4498,104.6110522,104.6495522,104.6344522,
7958.4,104.6194,104.6587,104.6431,,,7958.4,104.6109649,104.6502649,104.6346649,
7959.3502,104.6192,104.6587,104.6434,,,7959.3502,104.6107776,104.6502776,104.6349776,
7960.2496,104.6196,104.6593,104.6436,,,7960.2496,104.6111897,104.6508897,104.6351897,
7961.1998,104.62,104.6597,104.644,,,7961.1998,104.6116024,104.6513024,104.6356024,
7962.15,104.6208,104.6604,104.6446,,,7962.15,104.6124151,104.6520151,104.6362151,
7963.0504,104.6202,104.6611,104.6451,,,7963.0504,104.6118272,104.6527272,104.6367272,
7964.0001,104.6208,104.6616,104.6456,,,7964.0001,104.6124399,104.6532399,104.6372399,
7964.9498,104.6214,104.6621,104.6462,,,7964.9498,104.6130527,104.6537527,104.6378527,
7965.8502,104.6227,104.6625,104.6468,,,7965.8502,104.6143647,104.6541647,104.6384647,
7966.7999,104.6237,104.6635,104.6474,,,7966.7999,104.6153774,104.6551774,104.6390774,
7967.7496,104.6235,104.664,104.648,,,7967.7496,104.6151902,104.6556902,104.6396902,
7968.65,104.6246,104.6643,104.6483,,,7968.65,104.6163022,104.6560022,104.6400022,
7969.6002,104.6249,104.6647,104.6491,,,7969.6002,104.616615,104.656415,104.640815,
7970.5504,104.6258,104.6654,104.6496,,,7970.5504,104.6175277,104.6571277,104.6413277,
7971.4498,104.6259,104.666,104.6497,,,7971.4498,104.6176398,104.6577398,104.6414398,
7972.4,104.6258,104.6667,104.6502,,,7972.4,104.6175525,104.6584525,104.6419525,
7973.3502,104.6262,104.667,104.6507,,,7973.3502,104.6179652,104.6587652,104.6424652,
7974.2496,104.6266,104.6676,104.6512,,,7974.2496,104.6183773,104.6593773,104.6429773,
7975.1998,104.6276,104.6678,104.6516,,,7975.1998,104.61939,104.65959,104.64339,
7976.15,104.6284,104.6679,104.652,,,7976.15,104.6202027,104.6597027,104.6438027,
7977.0504,104.6282,104.6683,104.6522,,,7977.0504,104.6200148,104.6601148,104.6440148,
7978.0001,104.6289,104.6682,104.6523,,,7978.0001,104.6207275,104.6600275,104.6441275,
7978.9498,104.6294,104.6683,104.6525,,,7978.9498,104.6212403,104.6601403,104.6443403,
7979.8502,104.6296,104.6684,104.6527,,,7979.8502,104.6214523,104.6602523,104.6445523,
7980.7999,104.6294,104.6684,104.6528,,,7980.7999,104.621265,104.660265,104.644665,
7981.7496,104.6301,104.6686,104.6529,,,7981.7496,104.6219778,104.6604778,104.6447778,
7982.65,104.6301,104.6688,104.6531,,,7982.65,104.6219898,104.6606898,104.6449898,
7983.6002,104.6308,104.6686,104.6532,,,7983.6002,104.6227026,104.6605026,104.6451026,
7984.5504,104.6312,104.6686,104.6532,,,7984.5504,104.6231153,104.6605153,104.6451153,
7985.4498,104.6309,104.6682,104.653,,,7985.4498,104.6228273,104.6601273,104.6449273,
7986.4,104.6312,104.6679,104.653,,,7986.4,104.6231401,104.6598401,104.6449401,
7987.3502,104.6313,104.6676,104.653,,,7987.3502,104.6232528,104.6595528,104.6449528,
7988.2496,104.6313,104.6675,104.6526,,,7988.2496,104.6232649,104.6594649,104.6445649,
7989.1998,104.631,104.667,104.6523,,,7989.1998,104.6229776,104.6589776,104.6442776,
7990.15,104.6312,104.6664,104.652,,,7990.15,104.6231903,104.6583903,104.6439903,
7991.0504,104.631,104.666,104.6515,,,7991.0504,104.6230024,104.6580024,104.6435024,
7991.9498,104.6309,104.6655,104.6512,,,7991.9498,104.6229144,104.6575144,104.6432144,
7992.9,104.6312,104.665,104.6509,,,7992.9,104.6232272,104.6570272,104.6429272,
7993.8502,104.6305,104.6644,104.6505,,,7993.8502,104.6225399,104.6564399,104.6425399,
7994.7496,104.6308,104.6639,104.65,,,7994.7496,104.622852,104.655952,104.642052,
7995.6998,104.6292,104.6633,104.6495,,,7995.6998,104.6212647,104.6553647,104.6415647,
7996.65,104.6293,104.6624,104.649,,,7996.65,104.6213774,104.6544774,104.6410774,
7997.5504,104.6294,104.6619,104.6486,,,7997.5504,104.6214895,104.6539895,104.6406895,
7998.5001,104.6294,104.6612,104.6481,,,7998.5001,104.6215022,104.6533022,104.6402022,
7999.4498,104.6282,104.6603,104.6473,,,7999.4498,104.6203149,104.6524149,104.6394149,
8000.3502,104.6284,104.6591,104.6464,,,8000.3502,104.620527,104.651227,104.638527,
8001.2999,104.628,104.6587,104.6456,,,8001.2999,104.6201397,104.6508397,104.6377397,
8002.2496,104.6265,104.6573,104.6448,,,8002.2496,104.6186525,104.6494525,104.6369525,
8003.15,104.6251,104.6568,104.6442,,,8003.15,104.6172645,104.6489645,104.6363645,
8004.0504,104.6246,104.6553,104.6432,,,8004.0504,104.6167766,104.6474766,104.6353766,
8005.0001,104.6239,104.6545,104.6424,,,8005.0001,104.6160893,104.6466893,104.6345893,
8005.9498,104.6219,104.6537,104.6415,,,8005.9498,104.614102,104.645902,104.633702,
8006.9,104.6194,104.6525,104.6408,,,8006.9,104.6116148,104.6447148,104.6330148,
8007.8502,104.6187,104.6518,104.6398,,,8007.8502,104.6109275,104.6440275,104.6320275,
8008.7496,104.6196,104.6502,104.6389,,,8008.7496,104.6118396,104.6424396,104.6311396,
8009.65,104.62,104.6493,104.6381,,,8009.65,104.6122516,104.6415516,104.6303516,
8010.6002,104.62,104.6489,104.6374,,,8010.6002,104.6122644,104.6411644,104.6296644,
8011.5504,104.62,104.6471,104.6367,,,8011.5504,104.6122771,104.6393771,104.6289771,
8012.4498,104.6194,104.6463,104.636,,,8012.4498,104.6116891,104.6385891,104.6282891,
8013.4,104.6179,104.6455,104.6353,,,8013.4,104.6102019,104.6378019,104.6276019,
8014.3502,104.6172,104.6447,104.6344,,,8014.3502,104.6095146,104.6370146,104.6267146,
8015.2496,104.6164,104.6434,104.6334,,,8015.2496,104.6087267,104.6357267,104.6257267,
8016.1998,104.6154,104.6427,104.6324,,,8016.1998,104.6077394,104.6350394,104.6247394,
8017.15,104.6145,104.642,104.6315,,,8017.15,104.6068521,104.6343521,104.6238521,
8018.0504,104.6133,104.641,104.6306,,,8018.0504,104.6056642,104.6333642,104.6229642,
8019.0001,104.6129,104.6404,104.6297,,,8019.0001,104.6052769,104.6327769,104.6220769,
8019.9498,104.6127,104.6391,104.6288,,,8019.9498,104.6050896,104.6314896,104.6211896,
8020.8502,104.6116,104.6388,104.6279,,,8020.8502,104.6040017,104.6312017,104.6203017,
8021.7496,104.6105,104.6381,104.6271,,,8021.7496,104.6029138,104.6305138,104.6195138,
8022.6998,104.6104,104.6369,104.6261,,,8022.6998,104.6028265,104.6293265,104.6185265,
8023.65,104.6091,104.6365,104.6254,,,8023.65,104.6015392,104.6289392,104.6178392,
8024.5504,104.6084,104.636,104.6244,,,8024.5504,104.6008513,104.6284513,104.6168513,
8025.5001,104.6073,104.6347,104.6236,,,8025.5001,104.599764,104.627164,104.616064,
8026.4498,104.6073,104.6345,104.6226,,,8026.4498,104.5997767,104.6269767,104.6150767,
8027.3502,104.6062,104.633,104.6218,,,8027.3502,104.5986888,104.6254888,104.6142888,
8028.2999,104.6061,104.633,104.6209,,,8028.2999,104.5986015,104.6255015,104.6134015,
8029.2496,104.6056,104.6328,104.6201,,,8029.2496,104.5981143,104.6253143,104.6126143,
8030.15,104.6046,104.6317,104.6193,,,8030.15,104.5971263,104.6242263,104.6118263,
8031.0504,104.6044,104.6305,104.6186,,,8031.0504,104.5969384,104.6230384,104.6111384,
8032.0001,104.604,104.6309,104.6178,,,8032.0001,104.5965511,104.6234511,104.6103511,
8032.9498,104.6028,104.6296,104.617,,,8032.9498,104.5953638,104.6221638,104.6095638,
8033.9,104.6018,104.6294,104.6162,,,8033.9,104.5943766,104.6219766,104.6087766,
8034.8502,104.6009,104.6288,104.6153,,,8034.8502,104.5934893,104.6213893,104.6078893,
8035.7496,104.6009,104.6285,104.6144,,,8035.7496,104.5935014,104.6211014,104.6070014,
8036.6998,104.6002,104.627,104.6137,,,8036.6998,104.5928141,104.6196141,104.6063141,
8037.65,104.5993,104.627,104.6131,,,8037.65,104.5919268,104.6196268,104.6057268,
8038.5504,104.5991,104.6259,104.612,,,8038.5504,104.5917389,104.6185389,104.6046389,
8039.4498,104.5981,104.6257,104.6112,,,8039.4498,104.5907509,104.6183509,104.6038509,
8040.4,104.5971,104.6253,104.6104,,,8040.4,104.5897637,104.6179637,104.6030637,
8041.3502,104.5958,104.6235,104.6095,,,8041.3502,104.5884764,104.6161764,104.6021764,
8042.2496,104.5955,104.6227,104.6087,,,8042.2496,104.5881884,104.6153884,104.6013884,
8043.1998,104.5943,104.6229,104.6078,,,8043.1998,104.5870012,104.6156012,104.6005012,
8044.15,104.5928,104.6221,104.6069,,,8044.15,104.5855139,104.6148139,104.5996139,
8045.0504,104.5919,104.621,104.6059,,,8045.0504,104.584626,104.613726,104.598626,
8046.0001,104.5918,104.6203,104.6051,,,8046.0001,104.5845387,104.6130387,104.5978387,
8046.9498,104.591,104.6194,104.6042,,,8046.9498,104.5837514,104.6121514,104.5969514,
8047.8502,104.5899,104.6192,104.6033,,,8047.8502,104.5826635,104.6119635,104.5960635,
8048.7496,104.5893,104.6176,104.6023,,,8048.7496,104.5820755,104.6103755,104.5950755,
8049.6998,104.5877,104.6168,104.6013,,,8049.6998,104.5804883,104.6095883,104.5940883,
8050.65,104.5869,104.6158,104.6004,,,8050.65,104.579701,104.608601,104.593201,
8051.5504,104.5864,104.6148,104.5996,,,8051.5504,104.5792131,104.6076131,104.5924131,
8052.5001,104.5851,104.6147,104.5985,,,8052.5001,104.5779258,104.6075258,104.5913258,
8053.4498,104.5839,104.6131,104.5975,,,8053.4498,104.5767385,104.6059385,104.5903385,
8054.3502,104.5828,104.6121,104.5967,,,8054.3502,104.5756506,104.6049506,104.5895506,
8055.2999,104.5818,104.6111,104.5958,,,8055.2999,104.5746633,104.6039633,104.5886633,
8056.2496,104.581,104.6104,104.5951,,,8056.2496,104.573876,104.603276,104.587976,
8057.15,104.5801,104.6097,104.5941,,,8057.15,104.5729881,104.6025881,104.5869881,
8058.1002,104.5792,104.6089,104.5931,,,8058.1002,104.5721008,104.6018008,104.5860008,
8059.0504,104.578,104.6078,104.592,,,8059.0504,104.5709136,104.6007136,104.5849136,
8059.9498,104.5758,104.6066,104.5909,,,8059.9498,104.5687256,104.5995256,104.5838256,
8060.9,104.5765,104.6057,104.5899,,,8060.9,104.5694384,104.5986384,104.5828384,
8061.8502,104.5759,104.6041,104.5891,,,8061.8502,104.5688511,104.5970511,104.5820511,
8062.7496,104.5751,104.604,104.588,,,8062.7496,104.5680631,104.5969631,104.5809631,
8063.65,104.5738,104.6026,104.5872,,,8063.65,104.5667752,104.5955752,104.5801752,
8064.6002,104.5722,104.6021,104.5862,,,8064.6002,104.5651879,104.5950879,104.5791879,
8065.5504,104.5715,104.6013,104.5852,,,8065.5504,104.5645007,104.5943007,104.5782007,
8066.4498,104.5711,104.6011,104.5844,,,8066.4498,104.5641127,104.5941127,104.5774127,
8067.4,104.5696,104.5998,104.5833,,,8067.4,104.5626255,104.5928255,104.5763255,
8068.3502,104.5683,104.5985,104.5824,,,8068.3502,104.5613382,104.5915382,104.5754382,
8069.2496,104.5678,104.5979,104.5814,,,8069.2496,104.5608502,104.5909502,104.5744502,
8070.15,104.5672,104.5966,104.5804,,,8070.15,104.5602623,104.5896623,104.5734623,
8071.1002,104.5659,104.5959,104.5794,,,8071.1002,104.558975,104.588975,104.572475,
8072.0504,104.5659,104.5952,104.5788,,,8072.0504,104.5589878,104.5882878,104.5718878,
8072.9498,104.5654,104.5942,104.5783,,,8072.9498,104.5584998,104.5872998,104.5713998,
8073.8502,104.5637,104.5935,104.5771,,,8073.8502,104.5568119,104.5866119,104.5702119,
8074.7496,104.5621,104.5926,104.576,,,8074.7496,104.5552239,104.5857239,104.5691239,
8075.65,104.5611,104.5923,104.5751,,,8075.65,104.554236,104.585436,104.568236,
8076.5504,104.5612,104.5914,104.5745,,,8076.5504,104.5543481,104.5845481,104.5676481,
8077.4498,104.5597,104.5906,104.5738,,,8077.4498,104.5528601,104.5837601,104.5669601,
8078.3502,104.5593,104.5902,104.5729,,,8078.3502,104.5524722,104.5833722,104.5660722,
8079.2496,104.5583,104.5896,104.5724,,,8079.2496,104.5514842,104.5827842,104.5655842,
8080.15,104.5583,104.5889,104.5717,,,8080.15,104.5514963,104.5820963,104.5648963,
8081.0504,104.5577,104.588,104.571,,,8081.0504,104.5509084,104.5812084,104.5642084,
8081.9498,104.5572,104.5877,104.5705,,,8081.9498,104.5504204,104.5809204,104.5637204,
8082.8502,104.5572,104.5864,104.5698,,,8082.8502,104.5504325,104.5796325,104.5630325,
8083.7496,104.5562,104.5859,104.5693,,,8083.7496,104.5494445,104.5791445,104.5625445,
8084.65,104.5566,104.5864,104.5691,,,8084.65,104.5498566,104.5796566,104.5623566,
8085.5504,104.5557,104.5861,104.5688,,,8085.5504,104.5489687,104.5793687,104.5620687,
8086.5001,104.5557,104.5852,104.568,,,8086.5001,104.5489814,104.5784814,104.5612814,
8087.4498,104.5557,104.5845,104.5673,,,8087.4498,104.5489941,104.5777941,104.5605941,
8088.3502,104.5545,104.5839,104.5667,,,8088.3502,104.5478062,104.5772062,104.5600062,
8089.2999,104.5544,104.5833,104.566,,,8089.2999,104.5477189,104.5766189,104.5593189,
8090.2496,104.553,104.5825,104.5653,,,8090.2496,104.5463316,104.5758316,104.5586316,
8091.15,104.5529,104.5829,104.5646,,,8091.15,104.5462437,104.5762437,104.5579437,
8092.1002,104.5519,104.5817,104.5638,,,8092.1002,104.5452564,104.5750564,104.5571564,
8093.0504,104.5522,104.5805,104.5632,,,8093.0504,104.5455692,104.5738692,104.5565692,
8093.9498,104.5513,104.5805,104.5624,,,8093.9498,104.5446812,104.5738812,104.5557812,
8094.8502,104.5507,104.5801,104.5617,,,8094.8502,104.5440933,104.5734933,104.5550933,
8095.7999,104.5497,104.5796,104.5608,,,8095.7999,104.543106,104.573006,104.554206,
8096.7496,104.5493,104.58,104.56,,,8096.7496,104.5427187,104.5734187,104.5534187,
8097.65,104.5487,104.5788,104.5593,,,8097.65,104.5421308,104.5722308,104.5527308,
8098.6002,104.5471,104.5781,104.5585,,,8098.6002,104.5405435,104.5715435,104.5519435,
8099.5504,104.5471,104.5782,104.5579,,,8099.5504,104.5405563,104.5716563,104.5513563,
8100.4498,104.5458,104.5773,104.5569,,,8100.4498,104.5392683,104.5707683,104.5503683,
8101.4,104.5454,104.5762,104.5562,,,8101.4,104.538881,104.569681,104.549681,
8102.3502,104.545,104.575,104.5555,,,8102.3502,104.5384938,104.5684938,104.5489938,
8103.2496,104.5443,104.5745,104.5547,,,8103.2496,104.5378058,104.5680058,104.5482058,
8104.15,104.543,104.5734,104.5537,,,8104.15,104.5365179,104.5669179,104.5472179,
8105.1002,104.5418,104.5723,104.5528,,,8105.1002,104.5353306,104.5658306,104.5463306,
8106.0504,104.5408,104.5723,104.552,,,8106.0504,104.5343434,104.5658434,104.5455434,
8106.9498,104.5403,104.5715,104.5513,,,8106.9498,104.5338554,104.5650554,104.5448554,
8107.9,104.54,104.5704,104.5506,,,8107.9,104.5335681,104.5639681,104.5441681,
8108.8502,104.5389,104.5698,104.5499,,,8108.8502,104.5324809,104.5633809,104.5434809,
8109.7496,104.5375,104.569,104.5491,,,8109.7496,104.5310929,104.5625929,104.5426929,
8110.65,104.5371,104.5678,104.5483,,,8110.65,104.530705,104.561405,104.541905,
8111.6002,104.5364,104.5675,104.5476,,,8111.6002,104.5300177,104.5611177,104.5412177,
8112.5504,104.5356,104.5662,104.5469,,,8112.5504,104.5292305,104.5598305,104.5405305,
8113.4498,104.5349,104.5656,104.5462,,,8113.4498,104.5285425,104.5592425,104.5398425,
8114.4,104.5339,104.5648,104.5455,,,8114.4,104.5275552,104.5584552,104.5391552,
8115.3502,104.5331,104.5639,104.5449,,,8115.3502,104.526768,104.557568,104.538568,
8116.2496,104.5329,104.5635,104.5442,,,8116.2496,104.52658,104.55718,104.53788,
8117.1998,104.532,104.5628,104.5436,,,8117.1998,104.5256928,104.5564928,104.5372928,
8118.15,104.5313,104.5613,104.5427,,,8118.15,104.5250055,104.5550055,104.5364055,
8119.0504,104.5298,104.5609,104.5419,,,8119.0504,104.5235176,104.5546176,104.5356176,
8120.0001,104.5294,104.5601,104.5413,,,8120.0001,104.5231303,104.5538303,104.5350303,
8120.9498,104.528,104.5591,104.5406,,,8120.9498,104.521743,104.552843,104.534343,
8121.8502,104.5273,104.5585,104.5398,,,8121.8502,104.5210551,104.5522551,104.5335551,
8122.7999,104.5254,104.5576,104.5391,,,8122.7999,104.5191678,104.5513678,104.5328678,
8123.7496,104.525,104.5572,104.5386,,,8123.7496,104.5187805,104.5509805,104.5323805,
8124.65,104.5242,104.5565,104.5377,,,8124.65,104.5179926,104.5502926,104.5314926,
8125.6002,104.523,104.5562,104.5369,,,8125.6002,104.5168053,104.5500053,104.5307053,
8126.5504,104.5214,104.5553,104.5361,,,8126.5504,104.5152181,104.5491181,104.5299181,
8127.4498,104.5207,104.5548,104.5356,,,8127.4498,104.5145301,104.5486301,104.5294301,
8128.4,104.5206,104.5533,104.5349,,,8128.4,104.5144428,104.5471428,104.5287428,
8129.3502,104.5194,104.553,104.5344,,,8129.3502,104.5132556,104.5468556,104.5282556,
8130.2496,104.5191,104.5525,104.5338,,,8130.2496,104.5129676,104.5463676,104.5276676,
8131.15,104.5183,104.5515,104.533,,,8131.15,104.5121797,104.5453797,104.5268797,
8132.1002,104.5179,104.5506,104.5324,,,8132.1002,104.5117924,104.5444924,104.5262924,
8133.0504,104.5172,104.5503,104.5317,,,8133.0504,104.5111052,104.5442052,104.5256052,
8134.0001,104.5164,104.5497,104.531,,,8134.0001,104.5103179,104.5436179,104.5249179,
8134.9498,104.5159,104.5494,104.5302,,,8134.9498,104.5098306,104.5433306,104.5241306,
8135.8502,104.5145,104.5489,104.5292,,,8135.8502,104.5084427,104.5428427,104.5231427,
8136.7999,104.5145,104.5483,104.5284,,,8136.7999,104.5084554,104.5422554,104.5223554,
8137.7496,104.5133,104.5474,104.5276,,,8137.7496,104.5072681,104.5413681,104.5215681,
8138.65,104.5128,104.5462,104.5271,,,8138.65,104.5067802,104.5401802,104.5210802,
8139.6002,104.512,104.5459,104.5266,,,8139.6002,104.5059929,104.5398929,104.5205929,
8140.5504,104.5115,104.5452,104.5257,,,8140.5504,104.5055056,104.5392056,104.5197056,
8141.5001,104.5107,104.5446,104.5249,,,8141.5001,104.5047184,104.5386184,104.5189184,
8142.4498,104.5108,104.5434,104.5241,,,8142.4498,104.5048311,104.5374311,104.5181311,
8143.3502,104.5096,104.542,104.5234,,,8143.3502,104.5036432,104.5360432,104.5174432,
8144.2496,104.5087,104.5414,104.5226,,,8144.2496,104.5027552,104.5354552,104.5166552,
8145.1998,104.508,104.5404,104.5219,,,8145.1998,104.502068,104.534468,104.515968,
8146.15,104.5068,104.5399,104.5211,,,8146.15,104.5008807,104.5339807,104.5151807,
8147.0504,104.5065,104.5387,104.5203,,,8147.0504,104.5005927,104.5327927,104.5143927,
8148.0001,104.506,104.5384,104.5194,,,8148.0001,104.5001055,104.5325055,104.5135055,
8148.9498,104.5053,104.5364,104.5185,,,8148.9498,104.4994182,104.5305182,104.5126182,
8149.8502,104.5044,104.5363,104.5177,,,8149.8502,104.4985303,104.5304303,104.5118303,
8150.7999,104.5041,104.5351,104.5168,,,8150.7999,104.498243,104.529243,104.510943,
8151.7496,104.5029,104.534,104.516,,,8151.7496,104.4970557,104.5281557,104.5101557,
8152.65,104.5019,104.5325,104.5151,,,8152.65,104.4960678,104.5266678,104.5092678,
8153.6002,104.5021,104.5317,104.5143,,,8153.6002,104.4962805,104.5258805,104.5084805,
8154.5504,104.5013,104.5308,104.5136,,,8154.5504,104.4954932,104.5249932,104.5077932,
8155.4498,104.5001,104.5298,104.5126,,,8155.4498,104.4943053,104.5240053,104.5068053,
8156.4,104.4995,104.5293,104.5116,,,8156.4,104.493718,104.523518,104.505818,
8157.3502,104.4989,104.5286,104.5108,,,8157.3502,104.4931308,104.5228308,104.5050308,
8158.2496,104.4987,104.5281,104.51,,,8158.2496,104.4929428,104.5223428,104.5042428,
8159.1998,104.4981,104.5269,104.5093,,,8159.1998,104.4923555,104.5211555,104.5035555,
8160.15,104.4973,104.5266,104.5083,,,8160.15,104.4915683,104.5208683,104.5025683,
8161.0504,104.4967,104.5253,104.5074,,,8161.0504,104.4909803,104.5195803,104.5016803,
8162.0001,104.4959,104.5241,104.5067,,,8162.0001,104.4901931,104.5183931,104.5009931,
8162.9498,104.4955,104.5234,104.5058,,,8162.9498,104.4898058,104.5177058,104.5001058,
8163.8502,104.4951,104.5223,104.5051,,,8163.8502,104.4894179,104.5166179,104.4994179,
8164.7496,104.4947,104.5217,104.5044,,,8164.7496,104.4890299,104.5160299,104.4987299,
8165.6998,104.4934,104.5209,104.5036,,,8165.6998,104.4877426,104.5152426,104.4979426,
8166.65,104.4922,104.5204,104.5025,,,8166.65,104.4865554,104.5147554,104.4968554,
8167.6002,104.4919,104.5194,104.5017,,,8167.6002,104.4862681,104.5137681,104.4960681,
8168.5504,104.4918,104.5183,104.5009,,,8168.5504,104.4861808,104.5126808,104.4952808,
8169.4498,104.4911,104.5174,104.4999,,,8169.4498,104.4854929,104.5117929,104.4942929,
8170.4,104.4893,104.5168,104.4992,,,8170.4,104.4837056,104.5112056,104.4936056,
8171.3502,104.4892,104.516,104.4984,,,8171.3502,104.4836184,104.5104184,104.4928184,
8172.2999,104.4879,104.515,104.4977,,,8172.2999,104.4823311,104.5094311,104.4921311,
8173.2496,104.4873,104.5137,104.4968,,,8173.2496,104.4817438,104.5081438,104.4912438,
8174.15,104.4868,104.5129,104.4958,,,8174.15,104.4812559,104.5073559,104.4902559,
8175.1002,104.4856,104.5125,104.4951,,,8175.1002,104.4800686,104.5069686,104.4895686,
8176.0504,104.4845,104.5111,104.4939,,,8176.0504,104.4789813,104.5055813,104.4883813,
8177.0001,104.484,104.5096,104.4929,,,8177.0001,104.4784941,104.5040941,104.4873941,
8177.9498,104.4833,104.5088,104.492,,,8177.9498,104.4778068,104.5033068,104.4865068,
8178.8502,104.4822,104.508,104.491,,,8178.8502,104.4767189,104.5025189,104.4855189,
8179.7999,104.4809,104.5072,104.49,,,8179.7999,104.4754316,104.5017316,104.4845316,
8180.7496,104.48,104.5058,104.4889,,,8180.7496,104.4745443,104.5003443,104.4834443,
8181.65,104.4792,104.5052,104.4878,,,8181.65,104.4737564,104.4997564,104.4823564,
8182.6002,104.4789,104.5036,104.4869,,,8182.6002,104.4734691,104.4981691,104.4814691,
8183.5504,104.4781,104.5019,104.486,,,8183.5504,104.4726818,104.4964818,104.4805818,
8184.5001,104.4769,104.5003,104.4847,,,8184.5001,104.4714946,104.4948946,104.4792946,
8185.4498,104.4755,104.5002,104.4834,,,8185.4498,104.4701073,104.4948073,104.4780073,
8186.3502,104.4723,104.4994,104.4819,,,8186.3502,104.4669194,104.4940194,104.4765194,
8187.2999,104.4704,104.4982,104.4806,,,8187.2999,104.4650321,104.4928321,104.4752321,
8188.2496,104.47,104.4966,104.4794,,,8188.2496,104.4646448,104.4912448,104.4740448,
8189.1998,104.4684,104.496,104.4781,,,8189.1998,104.4630575,104.4906575,104.4727575,
8190.15,104.4653,104.4946,104.4769,,,8190.15,104.4599703,104.4892703,104.4715703,
8191.0504,104.4655,104.4922,104.4756,,,8191.0504,104.4601823,104.4868823,104.4702823,
8192.0001,104.4615,104.4914,104.4744,,,8192.0001,104.4561951,104.4860951,104.4690951,
8192.9498,104.462,104.4915,104.4737,,,8192.9498,104.4567078,104.4862078,104.4684078,
8193.9,104.4631,104.4895,104.473,,,8193.9,104.4578205,104.4842205,104.4677205,
8194.8502,104.462,104.4892,104.4721,,,8194.8502,104.4567333,104.4839333,104.4668333,
8195.7496,104.4611,104.4877,104.4713,,,8195.7496,104.4558453,104.4824453,104.4660453,
8196.6998,104.4597,104.4871,104.4704,,,8196.6998,104.454458,104.481858,104.465158,
8197.65,104.4596,104.4863,104.4694,,,8197.65,104.4543708,104.4810708,104.4641708,
8198.5504,104.4569,104.4848,104.4683,,,8198.5504,104.4516828,104.4795828,104.4630828,
8199.5001,104.4553,104.4834,104.4672,,,8199.5001,104.4500956,104.4781956,104.4619956,
8200.4498,104.4534,104.4828,104.4663,,,8200.4498,104.4482083,104.4776083,104.4611083,
8201.3502,104.4548,104.4822,104.4652,,,8201.3502,104.4496203,104.4770203,104.4600203,
8202.2999,104.455,104.4816,104.4646,,,8202.2999,104.4498331,104.4764331,104.4594331,
8203.2496,104.4522,104.4798,104.4635,,,8203.2496,104.4470458,104.4746458,104.4583458,
8204.1998,104.4505,104.4786,104.4624,,,8204.1998,104.4453585,104.4734585,104.4572585,
8205.15,104.4529,104.4778,104.4618,,,8205.15,104.4477713,104.4726713,104.4566713,
8206.0504,104.4523,104.4771,104.461,,,8206.0504,104.4471833,104.4719833,104.4558833,
8207.0001,104.453,104.4766,104.4602,,,8207.0001,104.4478961,104.4714961,104.4550961,
8207.9498,104.4521,104.4745,104.4592,,,8207.9498,104.4470088,104.4694088,104.4541088,
8208.8502,104.4507,104.4738,104.4582,,,8208.8502,104.4456208,104.4687208,104.4531208,
8209.7999,104.4493,104.4729,104.4572,,,8209.7999,104.4442336,104.4678336,104.4521336,
8210.7496,104.4479,104.4714,104.4561,,,8210.7496,104.4428463,104.4663463,104.4510463,
8211.6998,104.447,104.4711,104.455,,,8211.6998,104.441959,104.466059,104.449959,
8212.65,104.4458,104.4699,104.4536,,,8212.65,104.4407718,104.4648718,104.4485718,
8213.5504,104.4446,104.468,104.4525,,,8213.5504,104.4395838,104.4629838,104.4474838,
8214.4996,104.4436,104.4676,104.4516,,,8214.4996,104.4385965,104.4625965,104.4465965,
8215.4498,104.4423,104.4656,104.4507,,,8215.4498,104.4373093,104.4606093,104.4457093,
8216.4,104.4418,104.4643,104.4496,,,8216.4,104.436822,104.459322,104.444622,
8217.3502,104.441,104.4636,104.4484,,,8217.3502,104.4360347,104.4586347,104.4434347,
8218.2496,104.4391,104.4619,104.4472,,,8218.2496,104.4341468,104.4569468,104.4422468,
8219.1998,104.4383,104.4617,104.4461,,,8219.1998,104.4333595,104.4567595,104.4411595,
8220.15,104.4371,104.4609,104.4449,,,8220.15,104.4321723,104.4559723,104.4399723,
8221.1002,104.4356,104.4592,104.4437,,,8221.1002,104.430685,104.454285,104.438785,
8222.0504,104.4347,104.4574,104.4426,,,8222.0504,104.4297977,104.4524977,104.4376977,
8222.9498,104.4336,104.4566,104.4414,,,8222.9498,104.4287098,104.4517098,104.4365098,
8223.9,104.4325,104.4562,104.4402,,,8223.9,104.4276225,104.4513225,104.4353225,
8224.8502,104.4314,104.4544,104.439,,,8224.8502,104.4265352,104.4495352,104.4341352,
8225.8004,104.4305,104.454,104.4379,,,8225.8004,104.425648,104.449148,104.433048,
8226.7496,104.4286,104.4522,104.4366,,,8226.7496,104.4237607,104.4473607,104.4317607,
8227.65,104.4278,104.4515,104.4353,,,8227.65,104.4229728,104.4466728,104.4304728,
8228.6002,104.4263,104.4505,104.4341,,,8228.6002,104.4214855,104.4456855,104.4292855,
8229.5504,104.4253,104.449,104.4331,,,8229.5504,104.4204982,104.4441982,104.4282982,
8230.4996,104.4246,104.4482,104.4321,,,8230.4996,104.4198109,104.4434109,104.4273109,
8231.4498,104.4238,104.4477,104.4309,,,8231.4498,104.4190237,104.4429237,104.4261237,
8232.3502,104.4223,104.4459,104.4298,,,8232.3502,104.4175357,104.4411357,104.4250357,
8233.3004,104.4212,104.4448,104.4286,,,8233.3004,104.4164485,104.4400485,104.4238485,
8234.2496,104.42,104.4442,104.4277,,,8234.2496,104.4152612,104.4394612,104.4229612,
8235.15,104.4196,104.4439,104.4269,,,8235.15,104.4148733,104.4391733,104.4221733,
8236.1002,104.4191,104.4427,104.426,,,8236.1002,104.414386,104.437986,104.421286,
8237.0504,104.4176,104.4418,104.425,,,8237.0504,104.4128987,104.4370987,104.4202987,
8237.9498,104.4164,104.4414,104.4239,,,8237.9498,104.4117108,104.4367108,104.4192108,
8238.9,104.4152,104.4404,104.4228,,,8238.9,104.4105235,104.4357235,104.4181235,
8239.8502,104.4143,104.4396,104.4219,,,8239.8502,104.4096362,104.4349362,104.4172362,
8240.7496,104.4136,104.4381,104.421,,,8240.7496,104.4089483,104.4334483,104.4163483,
8241.6998,104.4115,104.4377,104.42,,,8241.6998,104.406861,104.433061,104.415361,
8242.65,104.4112,104.4359,104.4189,,,8242.65,104.4065738,104.4312738,104.4142738,
8243.5504,104.4099,104.4349,104.4179,,,8243.5504,104.4052858,104.4302858,104.4132858,
8244.4996,104.4084,104.4336,104.4168,,,8244.4996,104.4037985,104.4289985,104.4121985,
8245.4498,104.4076,104.4324,104.4158,,,8245.4498,104.4030113,104.4278113,104.4112113,
8246.4,104.4064,104.4309,104.4148,,,8246.4,104.401824,104.426324,104.410224,
8247.3502,104.4056,104.4297,104.4139,,,8247.3502,104.4010367,104.4251367,104.4093367,
8248.2496,104.4045,104.4302,104.4129,,,8248.2496,104.3999488,104.4256488,104.4083488,
8249.1998,104.4033,104.4288,104.4118,,,8249.1998,104.3987615,104.4242615,104.4072615,
8250.15,104.4025,104.4281,104.4108,,,8250.15,104.3979743,104.4235743,104.4062743,
8251.1002,104.4013,104.4273,104.4099,,,8251.1002,104.396787,104.422787,104.405387,
8252.0504,104.4002,104.4267,104.4088,,,8252.0504,104.3956997,104.4221997,104.4042997,
8252.9498,104.3994,104.4258,104.4078,,,8252.9498,104.3949118,104.4213118,104.4033118,
8253.9,104.3986,104.425,104.4068,,,8253.9,104.3941245,104.4205245,104.4023245,
8254.8502,104.3971,104.4233,104.4057,,,8254.8502,104.3926372,104.4188372,104.4012372,
8255.8004,104.3962,104.4225,104.4047,,,8255.8004,104.39175,104.41805,104.40025,
8256.7496,104.395,104.4218,104.4037,,,8256.7496,104.3905627,104.4173627,104.3992627,
8257.65,104.3932,104.4212,104.4026,,,8257.65,104.3887747,104.4167747,104.3981747,
8258.5504,104.3919,104.4206,104.4015,,,8258.5504,104.3874868,104.4161868,104.3970868,
8259.4996,104.3901,104.419,104.4005,,,8259.4996,104.3856995,104.4145995,104.3960995,
8260.4498,104.3895,104.4174,104.3995,,,8260.4498,104.3851123,104.4130123,104.3951123,
8261.4,104.388,104.4174,104.3984,,,8261.4,104.383625,104.413025,104.394025,
8262.3502,104.3873,104.4164,104.3973,,,8262.3502,104.3829377,104.4120377,104.3929377,
8263.2496,104.3855,104.4159,104.3961,,,8263.2496,104.3811498,104.4115498,104.3917498,
8264.1998,104.3845,104.4141,104.3951,,,8264.1998,104.3801625,104.4097625,104.3907625,
8265.15,104.3832,104.4133,104.394,,,8265.15,104.3788752,104.4089752,104.3896752,
8266.0504,104.3829,104.4115,104.3931,,,8266.0504,104.3785873,104.4071873,104.3887873,
8266.9996,104.3818,104.4108,104.3921,,,8266.9996,104.3775,104.4065,104.3878,
8267.9498,104.3796,104.41,104.3911,,,8267.9498,104.3753128,104.4057128,104.3868128,
8268.9,104.3792,104.4086,104.39,,,8268.9,104.3749255,104.4043255,104.3857255,
8269.8502,104.3785,104.4081,104.3888,,,8269.8502,104.3742382,104.4038382,104.3845382,
8270.7496,104.377,104.4069,104.3878,,,8270.7496,104.3727503,104.4026503,104.3835503,
8271.6998,104.3762,104.4058,104.3869,,,8271.6998,104.371963,104.401563,104.382663,
8272.65,104.3749,104.4054,104.3859,,,8272.65,104.3706757,104.4011757,104.3816757,
8273.5504,104.3733,104.4041,104.3847,,,8273.5504,104.3690878,104.3998878,104.3804878,
8274.4996,104.3725,104.4027,104.3836,,,8274.4996,104.3683005,104.3985005,104.3794005,
8275.4498,104.3714,104.4015,104.3826,,,8275.4498,104.3672133,104.3973133,104.3784133,
8276.4,104.37,104.4009,104.3817,,,8276.4,104.365826,104.396726,104.377526,
8277.3502,104.3694,104.4002,104.3807,,,8277.3502,104.3652387,104.3960387,104.3765387,
8278.2496,104.3684,104.3995,104.3796,,,8278.2496,104.3642508,104.3953508,104.3754508,
8279.1998,104.3672,104.3986,104.3787,,,8279.1998,104.3630635,104.3944635,104.3745635,
8280.15,104.3666,104.3977,104.3777,,,8280.15,104.3624762,104.3935762,104.3735762,
8281.0504,104.3663,104.3964,104.3768,,,8281.0504,104.3621883,104.3922883,104.3726883,
8281.9996,104.3655,104.3951,104.3757,,,8281.9996,104.361401,104.391001,104.371601,
8282.9498,104.364,104.3938,104.3745,,,8282.9498,104.3599138,104.3897138,104.3704138,
8283.8502,104.3637,104.3924,104.3735,,,8283.8502,104.3596258,104.3883258,104.3694258,
8284.8004,104.3617,104.3912,104.3726,,,8284.8004,104.3576386,104.3871386,104.3685386,
8285.7496,104.3611,104.391,104.3715,,,8285.7496,104.3570513,104.3869513,104.3674513,
8286.65,104.3601,104.3899,104.3707,,,8286.65,104.3560633,104.3858633,104.3666633,
8287.6002,104.3592,104.3885,104.3697,,,8287.6002,104.3551761,104.3844761,104.3656761,
8288.5504,104.3582,104.3875,104.3684,,,8288.5504,104.3541888,104.3834888,104.3643888,
8289.4996,104.3566,104.3863,104.3674,,,8289.4996,104.3526015,104.3823015,104.3634015,
8290.4498,104.3566,104.3842,104.3666,,,8290.4498,104.3526143,104.3802143,104.3626143,
8291.3502,104.3545,104.3838,104.3656,,,8291.3502,104.3505263,104.3798263,104.3616263,
8292.3004,104.3534,104.3826,104.3646,,,8292.3004,104.3494391,104.3786391,104.3606391,
8293.2496,104.3526,104.3812,104.3633,,,8293.2496,104.3486518,104.3772518,104.3593518,
8294.1998,104.351,104.38,104.3621,,,8294.1998,104.3470645,104.3760645,104.3581645,
8295.15,104.3503,104.3777,104.361,,,8295.15,104.3463772,104.3737772,104.3570772,
8296.0504,104.3491,104.3762,104.36,,,8296.0504,104.3451893,104.3722893,104.3560893,
8296.9996,104.3482,104.3754,104.3591,,,8296.9996,104.344302,104.371502,104.355202,
8297.9498,104.3467,104.3745,104.3582,,,8297.9498,104.3428148,104.3706148,104.3543148,
8298.9,104.3462,104.3729,104.357,,,8298.9,104.3423275,104.3690275,104.3531275,
8299.8502,104.3446,104.3711,104.356,,,8299.8502,104.3407402,104.3672402,104.3521402,
8300.7496,104.3431,104.37,104.3549,,,8300.7496,104.3392523,104.3661523,104.3510523,
8301.6998,104.3424,104.3687,104.3537,,,8301.6998,104.338565,104.364865,104.349865,
8302.65,104.3419,104.3675,104.3526,,,8302.65,104.3380777,104.3636777,104.3487777,
8303.5504,104.3412,104.3663,104.3517,,,8303.5504,104.3373898,104.3624898,104.3478898,
8304.4996,104.3404,104.3643,104.3506,,,8304.4996,104.3366025,104.3605025,104.3468025,
8305.4498,104.3395,104.3631,104.3494,,,8305.4498,104.3357153,104.3593153,104.3456153,
8306.4,104.3381,104.362,104.3485,,,8306.4,104.334328,104.358228,104.344728,
8307.3502,104.3376,104.3612,104.3475,,,8307.3502,104.3338407,104.3574407,104.3437407,
8308.3004,104.3365,104.3604,104.3463,,,8308.3004,104.3327534,104.3566534,104.3425534,
8309.2496,104.3354,104.3585,104.3451,,,8309.2496,104.3316662,104.3547662,104.3413662,
8310.15,104.3345,104.3568,104.3442,,,8310.15,104.3307782,104.3530782,104.3404782,
8311.1002,104.3336,104.3562,104.3433,,,8311.1002,104.329891,104.352491,104.339591,
8312.0504,104.3322,104.3545,104.3421,,,8312.0504,104.3285037,104.3508037,104.3384037,
8312.9996,104.3313,104.3533,104.3409,,,8312.9996,104.3276164,104.3496164,104.3372164,
8313.9498,104.3305,104.3521,104.3398,,,8313.9498,104.3268291,104.3484291,104.3361291,
8314.8502,104.33,104.351,104.3388,,,8314.8502,104.3263412,104.3473412,104.3351412,
8315.8004,104.3289,104.3503,104.3378,,,8315.8004,104.3252539,104.3466539,104.3341539,
8316.7496,104.3281,104.3494,104.3368,,,8316.7496,104.3244667,104.3457667,104.3331667,
8317.6998,104.3266,104.3485,104.336,,,8317.6998,104.3229794,104.3448794,104.3323794,
8318.65,104.3261,104.3476,104.3351,,,8318.65,104.3224921,104.3439921,104.3314921,
8319.5504,104.3249,104.3466,104.334,,,8319.5504,104.3213042,104.3430042,104.3304042,
8320.4996,104.3238,104.3448,104.333,,,8320.4996,104.3202169,104.3412169,104.3294169,
8321.4498,104.3223,104.3446,104.3321,,,8321.4498,104.3187296,104.3410296,104.3285296,
8322.4,104.3223,104.3432,104.3312,,,8322.4,104.3187424,104.3396424,104.3276424,
8323.3502,104.3206,104.3415,104.3302,,,8323.3502,104.3170551,104.3379551,104.3266551,
8324.3004,104.3192,104.3404,104.3292,,,8324.3004,104.3156678,104.3368678,104.3256678,
8325.2496,104.3182,104.3396,104.3283,,,8325.2496,104.3146806,104.3360806,104.3247806,
8326.15,104.318,104.3379,104.3274,,,8326.15,104.3144926,104.3343926,104.3238926,
8327.1002,104.3161,104.3376,104.3264,,,8327.1002,104.3126054,104.3341054,104.3229054,
8328.0504,104.3152,104.3361,104.3255,,,8328.0504,104.3117181,104.3326181,104.3220181,
8328.9996,104.3147,104.336,104.3246,,,8328.9996,104.3112308,104.3325308,104.3211308,
8329.9498,104.3139,104.3346,104.3235,,,8329.9498,104.3104435,104.3311435,104.3200435,
8330.9,104.3123,104.3336,104.3226,,,8330.9,104.3088563,104.3301563,104.3191563,
8331.8502,104.3116,104.3321,104.3217,,,8331.8502,104.308169,104.328669,104.318269,
8332.8004,104.3098,104.3309,104.3205,,,8332.8004,104.3063817,104.3274817,104.3170817,
8333.7496,104.309,104.3304,104.3196,,,8333.7496,104.3055945,104.3269945,104.3161945,
8334.65,104.308,104.3279,104.3185,,,8334.65,104.3046065,104.3245065,104.3151065,
8335.6002,104.3061,104.3273,104.3174,,,8335.6002,104.3027193,104.3239193,104.3140193,
8336.6002,104.3052,104.3258,104.3166,,,8336.6002,104.3018327,104.3224327,104.3132327,
8337.5504,104.3041,104.3245,104.3156,,,8337.5504,104.3007454,104.3211454,104.3122454,
8338.4498,104.3031,104.3235,104.3145,,,8338.4498,104.2997574,104.3201574,104.3111574,
8339.4,104.3018,104.3215,104.3132,,,8339.4,104.2984702,104.3181702,104.3098702,
8340.3502,104.3007,104.3207,104.3121,,,8340.3502,104.2973829,104.3173829,104.3087829,
8341.3004,104.3001,104.3194,104.311,,,8341.3004,104.2967956,104.3160956,104.3076956,
8342.2496,104.2987,104.3182,104.3101,,,8342.2496,104.2954084,104.3149084,104.3068084,
8343.1998,104.2982,104.3175,104.3089,,,8343.1998,104.2949211,104.3142211,104.3056211,
8344.15,104.296,104.316,104.3076,,,8344.15,104.2927338,104.3127338,104.3043338,
8345.0504,104.2952,104.3141,104.3064,,,8345.0504,104.2919459,104.3108459,104.3031459,
8345.9996,104.2943,104.3133,104.3052,,,8345.9996,104.2910586,104.3100586,104.3019586,
8346.9498,104.2935,104.3119,104.3041,,,8346.9498,104.2902713,104.3086713,104.3008713,
8347.9,104.2924,104.3108,104.3029,,,8347.9,104.2891841,104.3075841,104.2996841,
8348.8502,104.2914,104.3097,104.3018,,,8348.8502,104.2881968,104.3064968,104.2985968,
8349.8004,104.29,104.3086,104.3004,,,8349.8004,104.2868095,104.3054095,104.2972095,
8350.7496,104.2888,104.3068,104.2993,,,8350.7496,104.2856223,104.3036223,104.2961223,
8351.6998,104.2879,104.3057,104.2981,,,8351.6998,104.284735,104.302535,104.294935,
8352.65,104.2865,104.3042,104.2969,,,8352.65,104.2833477,104.3010477,104.2937477,
8353.5504,104.2853,104.3027,104.2956,,,8353.5504,104.2821598,104.2995598,104.2924598,
8354.4996,104.2836,104.3017,104.2943,,,8354.4996,104.2804725,104.2985725,104.2911725,
8355.4498,104.2817,104.3007,104.2931,,,8355.4498,104.2785852,104.2975852,104.2899852,
8356.4,104.281,104.2991,104.2917,,,8356.4,104.277898,104.295998,104.288598,
8357.4,104.28,104.2978,104.2906,,,8357.4,104.2769114,104.2947114,104.2875114,
8358.3502,104.2781,104.2967,104.2892,,,8358.3502,104.2750241,104.2936241,104.2861241,
8359.2496,104.2773,104.2955,104.2878,,,8359.2496,104.2742362,104.2924362,104.2847362,
8360.1998,104.2753,104.2942,104.2866,,,8360.1998,104.2722489,104.2911489,104.2835489,
8361.15,104.2747,104.293,104.2854,,,8361.15,104.2716616,104.2899616,104.2823616,
8362.1002,104.2737,104.2919,104.2842,,,8362.1002,104.2706744,104.2888744,104.2811744,
8363.0504,104.2722,104.2907,104.2829,,,8363.0504,104.2691871,104.2876871,104.2798871,
8363.9996,104.2711,104.2892,104.2816,,,8363.9996,104.2680998,104.2861998,104.2785998,
8364.9498,104.2692,104.288,104.2801,,,8364.9498,104.2662125,104.2850125,104.2771125,
8365.9,104.2676,104.2868,104.2787,,,8365.9,104.2646253,104.2838253,104.2757253,
8366.9,104.2657,104.2856,104.2773,,,8366.9,104.2627387,104.2826387,104.2743387,
8367.8502,104.2647,104.2842,104.2761,,,8367.8502,104.2617514,104.2812514,104.2731514,
8368.8004,104.2631,104.283,104.2747,,,8368.8004,104.2601641,104.2800641,104.2717641,
8369.7496,104.2613,104.2816,104.2732,,,8369.7496,104.2583769,104.2786769,104.2702769,
8370.6998,104.2601,104.2801,104.2717,,,8370.6998,104.2571896,104.2771896,104.2687896,
8371.65,104.2588,104.2792,104.2705,,,8371.65,104.2559023,104.2763023,104.2676023,
8372.6002,104.257,104.2775,104.2691,,,8372.6002,104.254115,104.274615,104.266215,
8373.6002,104.256,104.2762,104.2677,,,8373.6002,104.2531284,104.2733284,104.2648284,
8374.5504,104.2545,104.2749,104.2661,,,8374.5504,104.2516412,104.2720412,104.2632412,
8375.4996,104.2519,104.2733,104.2645,,,8375.4996,104.2490539,104.2704539,104.2616539,
8376.4498,104.2503,104.2718,104.2628,,,8376.4498,104.2474666,104.2689666,104.2599666,
8377.4,104.2494,104.2706,104.2612,,,8377.4,104.2465794,104.2677794,104.2583794,
8378.3502,104.2478,104.2692,104.2598,,,8378.3502,104.2449921,104.2663921,104.2569921,
8379.3004,104.2456,104.2682,104.2586,,,8379.3004,104.2428048,104.2654048,104.2558048,
8380.2496,104.2448,104.2668,104.2573,,,8380.2496,104.2420175,104.2640175,104.2545175,
8381.1998,104.2427,104.2652,104.2559,,,8381.1998,104.2399303,104.2624303,104.2531303,
8382.15,104.2416,104.2644,104.2545,,,8382.15,104.238843,104.261643,104.251743,
8383.1002,104.2396,104.2628,104.2529,,,8383.1002,104.2368557,104.2600557,104.2501557,
8384.0504,104.2377,104.2613,104.2514,,,8384.0504,104.2349685,104.2585685,104.2486685,
8384.9996,104.2358,104.2602,104.2497,,,8384.9996,104.2330812,104.2574812,104.2469812,
8385.9498,104.2344,104.2585,104.248,,,8385.9498,104.2316939,104.2557939,104.2452939,
8386.8502,104.2324,104.2574,104.2465,,,8386.8502,104.229706,104.254706,104.243806,
8387.8004,104.2312,104.256,104.2451,,,8387.8004,104.2285187,104.2533187,104.2424187,
8388.7496,104.2287,104.2548,104.2438,,,8388.7496,104.2260314,104.2521314,104.2411314,
8389.6998,104.2271,104.2533,104.2422,,,8389.6998,104.2244442,104.2506442,104.2395442,
8390.65,104.2265,104.2519,104.2408,,,8390.65,104.2238569,104.2492569,104.2381569,
8391.6002,104.2249,104.2505,104.2393,,,8391.6002,104.2222696,104.2478696,104.2366696,
8392.5504,104.2224,104.2491,104.2379,,,8392.5504,104.2197824,104.2464824,104.2352824,
8393.4996,104.2206,104.2474,104.2363,,,8393.4996,104.2179951,104.2447951,104.2336951,
8394.4498,104.219,104.2462,104.2346,,,8394.4498,104.2164078,104.2436078,104.2320078,
8395.4,104.2155,104.2446,104.2327,,,8395.4,104.2129206,104.2420206,104.2301206,
8396.3502,104.2144,104.2432,104.2308,,,8396.3502,104.2118333,104.2406333,104.2282333,
8397.2496,104.2121,104.2418,104.229,,,8397.2496,104.2095453,104.2392453,104.2264453,
8398.1998,104.2105,104.2404,104.2277,,,8398.1998,104.2079581,104.2378581,104.2251581,
8399.15,104.2081,104.2388,104.226,,,8399.15,104.2055708,104.2362708,104.2234708,
8400.1002,104.207,104.2375,104.2243,,,8400.1002,104.2044835,104.2349835,104.2217835,
8401.0504,104.2057,104.2361,104.2226,,,8401.0504,104.2031963,104.2335963,104.2200963,
8401.9498,104.2037,104.2345,104.2209,,,8401.9498,104.2012083,104.2320083,104.2184083,
8402.9,104.201,104.2328,104.2191,,,8402.9,104.1985211,104.2303211,104.2166211,
8403.8502,104.1998,104.231,104.2174,,,8403.8502,104.1973338,104.2285338,104.2149338,
8404.8004,104.1971,104.2294,104.2154,,,8404.8004,104.1946465,104.2269465,104.2129465,
8405.7496,104.1955,104.2278,104.2135,,,8405.7496,104.1930592,104.2253592,104.2110592,
8406.6998,104.1936,104.2263,104.2116,,,8406.6998,104.191172,104.223872,104.209172,
8407.65,104.1908,104.2246,104.2098,,,8407.65,104.1883847,104.2221847,104.2073847,
8408.5504,104.1889,104.223,104.2082,,,8408.5504,104.1864968,104.2205968,104.2057968,
8409.4996,104.1869,104.2214,104.2065,,,8409.4996,104.1845095,104.2190095,104.2041095,
8410.4498,104.1857,104.2192,104.2049,,,8410.4498,104.1833222,104.2168222,104.2025222,
8411.4,104.1844,104.2178,104.2033,,,8411.4,104.182035,104.215435,104.200935,
8412.3502,104.182,104.2165,104.2017,,,8412.3502,104.1796477,104.2141477,104.1993477,
8413.2496,104.1802,104.2149,104.2002,,,8413.2496,104.1778597,104.2125597,104.1978597,
8414.1998,104.179,104.2128,104.1983,,,8414.1998,104.1766725,104.2104725,104.1959725,
8415.15,104.1763,104.2109,104.1965,,,8415.15,104.1739852,104.2085852,104.1941852,
8416.1002,104.1735,104.2097,104.1946,,,8416.1002,104.1711979,104.2073979,104.1922979,
8417.0504,104.172,104.2081,104.1927,,,8417.0504,104.1697107,104.2058107,104.1904107,
8417.9498,104.1698,104.2069,104.1912,,,8417.9498,104.1675227,104.2046227,104.1889227,
8418.9,104.1682,104.2054,104.1897,,,8418.9,104.1659355,104.2031355,104.1874355,
8419.8502,104.1656,104.2039,104.1881,,,8419.8502,104.1633482,104.2016482,104.1858482,
8420.8004,104.1645,104.2026,104.1865,,,8420.8004,104.1622609,104.2003609,104.1842609,
8421.7496,104.1628,104.2013,104.1849,,,8421.7496,104.1605736,104.1990736,104.1826736,
8422.6998,104.1606,104.1997,104.1836,,,8422.6998,104.1583864,104.1974864,104.1813864,
8423.65,104.1589,104.1987,104.182,,,8423.65,104.1566991,104.1964991,104.1797991,
8424.5504,104.1576,104.1967,104.1804,,,8424.5504,104.1554112,104.1945112,104.1782112,
8425.4996,104.1558,104.1955,104.1791,,,8425.4996,104.1536239,104.1933239,104.1769239,
8426.4498,104.1535,104.1939,104.1772,,,8426.4498,104.1513366,104.1917366,104.1750366,
8427.4,104.1517,104.1924,104.1757,,,8427.4,104.1495493,104.1902493,104.1735493,
8428.3502,104.1498,104.1913,104.1743,,,8428.3502,104.1476621,104.1891621,104.1721621,
8429.3004,104.1479,104.1895,104.1729,,,8429.3004,104.1457748,104.1873748,104.1707748,
8430.2496,104.146,104.1881,104.1715,,,8430.2496,104.1438875,104.1859875,104.1693875,
8431.15,104.1442,104.1872,104.1702,,,8431.15,104.1420996,104.1850996,104.1680996,
8432.1002,104.1434,104.1854,104.1688,,,8432.1002,104.1413123,104.1833123,104.1667123,
8433.0504,104.1422,104.1848,104.1678,,,8433.0504,104.1401251,104.1827251,104.1657251,
8433.9996,104.1405,104.1834,104.1663,,,8433.9996,104.1384378,104.1813378,104.1642378,
8434.9498,104.1401,104.182,104.1649,,,8434.9498,104.1380505,104.1799505,104.1628505,
8435.8502,104.1375,104.1806,104.1634,,,8435.8502,104.1354626,104.1785626,104.1613626,
8436.8004,104.1364,104.1794,104.1619,,,8436.8004,104.1343753,104.1773753,104.1598753,
8437.7496,104.1348,104.1782,104.1606,,,8437.7496,104.132788,104.176188,104.158588,
8438.6998,104.1333,104.1771,104.1593,,,8438.6998,104.1313008,104.1751008,104.1573008,
8439.65,104.1321,104.1762,104.158,,,8439.65,104.1301135,104.1742135,104.1560135,
8440.6002,104.1309,104.1757,104.1568,,,8440.6002,104.1289262,104.1737262,104.1548262,
8441.5504,104.1291,104.1743,104.1555,,,8441.5504,104.127139,104.172339,104.153539,
8442.4498,104.1286,104.1735,104.1544,,,8442.4498,104.126651,104.171551,104.152451,
8443.4,104.1269,104.1722,104.1532,,,8443.4,104.1249637,104.1702637,104.1512637,
8444.3502,104.1267,104.1711,104.1519,,,8444.3502,104.1247765,104.1691765,104.1499765,
8445.3004,104.1249,104.1698,104.1506,,,8445.3004,104.1229892,104.1678892,104.1486892,
8446.2496,104.1238,104.1687,104.1494,,,8446.2496,104.1219019,104.1668019,104.1475019,
8447.15,104.1223,104.1678,104.1482,,,8447.15,104.120414,104.165914,104.146314,
8448.1002,104.1212,104.1675,104.1474,,,8448.1002,104.1193267,104.1656267,104.1455267,
8449.0504,104.1208,104.1665,104.1466,,,8449.0504,104.1189395,104.1646395,104.1447395,
8449.9498,104.1198,104.1661,104.1458,,,8449.9498,104.1179515,104.1642515,104.1439515,
8450.9,104.1187,104.1652,104.1449,,,8450.9,104.1168642,104.1633642,104.1430642,
8451.8502,104.1179,104.1647,104.144,,,8451.8502,104.116077,104.162877,104.142177,
8452.7496,104.1173,104.1641,104.1433,,,8452.7496,104.115489,104.162289,104.141489,
8453.6998,104.116,104.1633,104.1425,,,8453.6998,104.1142018,104.1615018,104.1407018,
8454.65,104.1161,104.1631,104.1417,,,8454.65,104.1143145,104.1613145,104.1399145,
8455.5504,104.1155,104.1621,104.1409,,,8455.5504,104.1137266,104.1603266,104.1391266,
8456.4996,104.1149,104.1617,104.14,,,8456.4996,104.1131393,104.1599393,104.1382393,
8457.4498,104.1139,104.1613,104.1394,,,8457.4498,104.112152,104.159552,104.137652,
8458.3502,104.1132,104.1606,104.1387,,,8458.3502,104.1114641,104.1588641,104.1369641,
8459.3004,104.112,104.1604,104.138,,,8459.3004,104.1102768,104.1586768,104.1362768,
8460.2496,104.1119,104.1597,104.1374,,,8460.2496,104.1101895,104.1579895,104.1356895,
8461.15,104.1112,104.1596,104.1369,,,8461.15,104.1095016,104.1579016,104.1352016,
8462.1002,104.1101,104.1589,104.1362,,,8462.1002,104.1084143,104.1572143,104.1345143,
8463.0504,104.1093,104.1584,104.1355,,,8463.0504,104.1076271,104.1567271,104.1338271,
8463.9996,104.1098,104.1572,104.1347,,,8463.9996,104.1081398,104.1555398,104.1330398,
8464.9498,104.1088,104.157,104.1342,,,8464.9498,104.1071525,104.1553525,104.1325525,
8465.8502,104.108,104.1562,104.1334,,,8465.8502,104.1063646,104.1545646,104.1317646,
8466.8004,104.1082,104.1557,104.1325,,,8466.8004,104.1065773,104.1540773,104.1308773,
8467.7496,104.1066,104.155,104.1317,,,8467.7496,104.10499,104.15339,104.13009,
8468.65,104.1062,104.1547,104.1311,,,8468.65,104.1046021,104.1531021,104.1295021,
8469.5504,104.1047,104.1547,104.1302,,,8469.5504,104.1031142,104.1531142,104.1286142,
8470.4996,104.1042,104.1544,104.1297,,,8470.4996,104.1026269,104.1528269,104.1281269,
8471.4498,104.1034,104.1541,104.1289,,,8471.4498,104.1018396,104.1525396,104.1273396,
8472.3502,104.1025,104.1539,104.1283,,,8472.3502,104.1009517,104.1523517,104.1267517,
8473.3004,104.1017,104.1534,104.1276,,,8473.3004,104.1001644,104.1518644,104.1260644,
8474.2496,104.1006,104.1526,104.1269,,,8474.2496,104.0990771,104.1510771,104.1253771,
8475.1998,104.0987,104.1518,104.1263,,,8475.1998,104.0971899,104.1502899,104.1247899,
8476.15,104.0993,104.1513,104.1255,,,8476.15,104.0978026,104.1498026,104.1240026,
8477.0504,104.0976,104.1514,104.1247,,,8477.0504,104.0961146,104.1499146,104.1232146,
8477.9996,104.097,104.1505,104.1238,,,8477.9996,104.0955274,104.1490274,104.1223274,
8478.9498,104.0959,104.1505,104.1233,,,8478.9498,104.0944401,104.1490401,104.1218401,
8479.8502,104.095,104.1499,104.1226,,,8479.8502,104.0935522,104.1484522,104.1211522,
8480.8004,104.0943,104.1487,104.1219,,,8480.8004,104.0928649,104.1472649,104.1204649,
8481.7496,104.0934,104.1474,104.1214,,,8481.7496,104.0919776,104.1459776,104.1199776,
8482.6998,104.0928,104.1478,104.1206,,,8482.6998,104.0913903,104.1463903,104.1191903,
8483.65,104.0921,104.1476,104.12,,,8483.65,104.0907031,104.1462031,104.1186031,
8484.5504,104.0912,104.1475,104.1196,,,8484.5504,104.0898151,104.1461151,104.1182151,
8485.4996,104.0907,104.1464,104.1189,,,8485.4996,104.0893279,104.1450279,104.1175279,
8486.4498,104.0907,104.1456,104.1183,,,8486.4498,104.0893406,104.1442406,104.1169406,
8487.3502,104.0895,104.1451,104.1176,,,8487.3502,104.0881527,104.1437527,104.1162527,
8488.3004,104.0888,104.1448,104.1171,,,8488.3004,104.0874654,104.1434654,104.1157654,
8489.2496,104.0884,104.144,104.1167,,,8489.2496,104.0870781,104.1426781,104.1153781,
8490.1998,104.0879,104.1434,104.1165,,,8490.1998,104.0865908,104.1420908,104.1151908,
8491.15,104.0869,104.1422,104.1161,,,8491.15,104.0856036,104.1409036,104.1148036,
8492.0504,104.0865,104.1412,104.1158,,,8492.0504,104.0852156,104.1399156,104.1145156,
8492.9996,104.0875,104.1411,104.1157,,,8492.9996,104.0862284,104.1398284,104.1144284,
8493.9498,104.0871,104.1407,104.1156,,,8493.9498,104.0858411,104.1394411,104.1143411,
8494.8502,104.0873,104.14,104.1156,,,8494.8502,104.0860532,104.1387532,104.1143532,
8495.8004,104.0872,104.1395,104.1157,,,8495.8004,104.0859659,104.1382659,104.1144659,
8496.7496,104.0866,104.1389,104.1159,,,8496.7496,104.0853786,104.1376786,104.1146786,
8497.6998,104.0884,104.1381,104.1163,,,8497.6998,104.0871913,104.1368913,104.1150913,
8498.65,104.0897,104.1389,104.117,,,8498.65,104.0885041,104.1377041,104.1158041,
8499.5504,104.0917,104.1381,104.1178,,,8499.5504,104.0905161,104.1369161,104.1166161,
8500.4996,104.0927,104.1385,104.1191,,,8500.4996,104.0915289,104.1373289,104.1179289,
8501.4498,104.0956,104.1385,104.1206,,,8501.4498,104.0944416,104.1373416,104.1194416,
8502.4,104.0972,104.1395,104.1223,,,8502.4,104.0960543,104.1383543,104.1211543,
8503.3502,104.1009,104.1403,104.1244,,,8503.3502,104.0997671,104.1391671,104.1232671,
8504.3004,104.1035,104.1411,104.1269,,,8504.3004,104.1023798,104.1399798,104.1257798,
8505.2496,104.108,104.1427,104.1296,,,8505.2496,104.1068925,104.1415925,104.1284925,
8506.1998,104.1128,104.144,104.1322,,,8506.1998,104.1117052,104.1429052,104.1311052,
8507.15,104.1159,104.1443,104.1341,,,8507.15,104.114818,104.143218,104.133018,
8508.1002,104.1167,104.1409,104.1323,,,8508.1002,104.1156307,104.1398307,104.1312307,
8509.0504,104.109,104.1484,104.1311,,,8509.0504,104.1079434,104.1473434,104.1300434,
8509.9996,104.2003,104.4234,104.3177,,,8509.9996,104.1992562,104.4223562,104.3166562,
8510.9498,104.5436,104.7644,104.6556,,,8510.9498,104.5425689,104.7633689,104.6545689,
8511.9,104.8583,105.0454,104.9532,,,8511.9,104.8572816,105.0443816,104.9521816,
8512.8502,105.0978,105.1931,105.1533,,,8512.8502,105.0967944,105.1920944,105.1522944,
8513.8004,105.2155,105.2639,105.2434,,,8513.8004,105.2145071,105.2629071,105.2424071,
8514.8004,105.2742,105.3069,105.2915,,,8514.8004,105.2732205,105.3059205,105.2905205,
8515.7496,105.3102,105.345,105.329,,,8515.7496,105.3092332,105.3440332,105.3280332,
8516.6998,105.3264,105.3577,105.3458,,,8516.6998,105.3254459,105.3567459,105.3448459,
8517.65,105.3518,105.3764,105.3652,,,8517.65,105.3508587,105.3754587,105.3642587,
8518.5504,105.3654,105.3895,105.3777,,,8518.5504,105.3644707,105.3885707,105.3767707,
8519.4996,105.3589,105.3863,105.3741,,,8519.4996,105.3579835,105.3853835,105.3731835,
8520.4498,105.3498,105.3783,105.3656,,,8520.4498,105.3488962,105.3773962,105.3646962,
8521.4,105.3403,105.3691,105.3561,,,8521.4,105.3394089,105.3682089,105.3552089,
8522.3502,105.3307,105.3591,105.3464,,,8522.3502,105.3298217,105.3582217,105.3455217,
8523.3004,105.3228,105.3505,105.3378,,,8523.3004,105.3219344,105.3496344,105.3369344,
8524.3004,105.3159,105.343,105.3307,,,8524.3004,105.3150478,105.3421478,105.3298478,
8525.2496,105.3104,105.3367,105.3244,,,8525.2496,105.3095605,105.3358605,105.3235605,
8526.15,105.3055,105.3323,105.32,,,8526.15,105.3046726,105.3314726,105.3191726,
8527.1002,105.3035,105.3288,105.3167,,,8527.1002,105.3026853,105.3279853,105.3158853,
8528.1002,105.301,105.3262,105.3136,,,8528.1002,105.3001987,105.3253987,105.3127987,
8529.1002,105.299,105.3241,105.3121,,,8529.1002,105.2982121,105.3233121,105.3113121,
8530.0504,105.2981,105.3228,105.3106,,,8530.0504,105.2973248,105.3220248,105.3098248,
8530.9498,105.2982,105.3232,105.3107,,,8530.9498,105.2974369,105.3224369,105.3099369,
8531.9,105.2959,105.3214,105.308,,,8531.9,105.2951496,105.3206496,105.3072496,
8532.8502,105.3004,105.3249,105.3132,,,8532.8502,105.2996623,105.3241623,105.3124623,
8533.8004,105.3032,105.3257,105.3146,,,8533.8004,105.3024751,105.3249751,105.3138751,
8534.7496,105.3056,105.3293,105.3181,,,8534.7496,105.3048878,105.3285878,105.3173878,
8535.65,105.3095,105.3331,105.3216,,,8535.65,105.3087999,105.3323999,105.3208999,
8536.6002,105.298,105.3279,105.3157,,,8536.6002,105.2973126,105.3272126,105.3150126,
8537.6002,105.2764,105.3095,105.295,,,8537.6002,105.275726,105.308826,105.294326,
8538.6002,105.2655,105.2922,105.2803,,,8538.6002,105.2648394,105.2915394,105.2796394,
8539.5504,105.2589,105.285,105.2728,,,8539.5504,105.2582521,105.2843521,105.2721521,
8540.4498,105.2532,105.2797,105.2673,,,8540.4498,105.2525642,105.2790642,105.2666642,
8541.4,105.2484,105.2761,105.2624,,,8541.4,105.2477769,105.2754769,105.2617769,
8542.4,105.2453,105.2717,105.2575,,,8542.4,105.2446903,105.2710903,105.2568903,
8543.4,105.2214,105.2563,105.2418,,,8543.4,105.2208037,105.2557037,105.2412037,
8544.3502,105.2261,105.2541,105.2415,,,8544.3502,105.2255164,105.2535164,105.2409164,
8545.3004,105.2197,105.263,105.2427,,,8545.3004,105.2191292,105.2624292,105.2421292,
8546.3004,105.2158,105.2563,105.2372,,,8546.3004,105.2152426,105.2557426,105.2366426,
8547.2496,105.2119,105.2508,105.2351,,,8547.2496,105.2113553,105.2502553,105.2345553,
8548.1998,105.2069,105.2502,105.232,,,8548.1998,105.206368,105.249668,105.231468,
8549.15,105.2152,105.2548,105.2405,,,8549.15,105.2146808,105.2542808,105.2399808,
8550.1002,105.2415,105.2754,105.2598,,,8550.1002,105.2409935,105.2748935,105.2592935,
8551.1002,105.2419,105.278,105.2557,,,8551.1002,105.2414069,105.2775069,105.2552069,
8552.1002,105.2427,105.2745,105.2562,,,8552.1002,105.2422203,105.2740203,105.2557203,
8553.1002,105.2382,105.2729,105.2557,,,8553.1002,105.2377337,105.2724337,105.2552337,
8554.1002,105.2159,105.2467,105.231,,,8554.1002,105.2154471,105.2462471,105.2305471,
8555.1002,105.2095,105.2442,105.2267,,,8555.1002,105.2090605,105.2437605,105.2262605,
8556.1002,105.2083,105.2419,105.2234,,,8556.1002,105.2078739,105.2414739,105.2229739,
8557.0504,105.2048,105.2371,105.2207,,,8557.0504,105.2043866,105.2366866,105.2202866,
8557.9996,105.2044,105.2402,105.2253,,,8557.9996,105.2039993,105.2397993,105.2248993,
8558.9498,105.2201,105.2529,105.2355,,,8558.9498,105.2197121,105.2525121,105.2351121,
8559.9,105.223,105.2557,105.2384,,,8559.9,105.2226248,105.2553248,105.2380248,
8560.9,105.2272,105.26,105.2433,,,8560.9,105.2268382,105.2596382,105.2429382,
8561.8502,105.2329,105.2662,105.2493,,,8561.8502,105.2325509,105.2658509,105.2489509,
8562.8004,105.2399,105.2725,105.2562,,,8562.8004,105.2395637,105.2721637,105.2558637,
8563.8004,105.2482,105.2803,105.2644,,,8563.8004,105.2478771,105.2799771,105.2640771,
8564.7496,105.256,105.2886,105.273,,,8564.7496,105.2556898,105.2882898,105.2726898,
8565.6998,105.2647,105.2996,105.2846,,,8565.6998,105.2644025,105.2993025,105.2843025,
8566.65,105.2797,105.323,105.3045,,,8566.65,105.2794153,105.3227153,105.3042153,
8567.6002,105.3065,105.3537,105.3344,,,8567.6002,105.306228,105.353428,105.334128,
8568.6002,105.337,105.3734,105.358,,,8568.6002,105.3367414,105.3731414,105.3577414,
8569.5504,105.3464,105.3801,105.3613,,,8569.5504,105.3461541,105.3798541,105.3610541,
8570.4996,105.3422,105.3762,105.3578,,,8570.4996,105.3419668,105.3759668,105.3575668,
8571.4996,105.3423,105.3765,105.3583,,,8571.4996,105.3420802,105.3762802,105.3580802,
8572.4498,105.3455,105.3792,105.3618,,,8572.4498,105.345293,105.378993,105.361593,
8573.4,105.3512,105.3846,105.3684,,,8573.4,105.3510057,105.3844057,105.3682057,
8574.4,105.3599,105.391,105.3758,,,8574.4,105.3597191,105.3908191,105.3756191,
8575.3502,105.3673,105.4079,105.3909,,,8575.3502,105.3671318,105.4077318,105.3907318,
8576.3004,105.3875,105.424,105.4069,,,8576.3004,105.3873446,105.4238446,105.4067446,
8577.2496,105.4041,105.4402,105.4237,,,8577.2496,105.4039573,105.4400573,105.4235573,
8578.1998,105.423,105.4603,105.444,,,8578.1998,105.42287,105.46017,105.44387,
8579.15,105.4465,105.4848,105.4689,,,8579.15,105.4463828,105.4846828,105.4687828,
8580.1002,105.471,105.5096,105.4949,,,8580.1002,105.4708955,105.5094955,105.4947955,
8581.1002,105.4726,105.5116,105.4973,,,8581.1002,105.4725089,105.5115089,105.4972089,
8582.1002,105.4535,105.4823,105.4684,,,8582.1002,105.4534223,105.4822223,105.4683223,
8583.1002,105.4391,105.4641,105.452,,,8583.1002,105.4390357,105.4640357,105.4519357,
8584.1002,105.4119,105.45,105.4398,,,8584.1002,105.4118491,105.4499491,105.4397491,
8585.0504,104.882,105.2139,105.0225,,,8585.0504,104.8819618,105.2138618,105.0224618,
8585.9996,104.8503,104.94,104.9031,,,8585.9996,104.8502745,104.9399745,104.9030745,
8586.9996,105.087,105.7137,105.3435,,,8586.9996,105.0869879,105.7136879,105.3434879,
8587.9498,106.2237,106.5036,106.4074,,,8587.9498,106.2237007,106.5036007,106.4074007,
8588.9,106.5365,106.6556,106.5972,,,8588.9,106.5365134,106.6556134,106.5972134,
8589.9,106.7118,106.8323,106.7708,,,8589.9,106.7118268,106.8323268,106.7708268,
8590.8502,106.9134,107.0616,106.9838,,,8590.8502,106.9134395,107.0616395,106.9838395,
8591.8004,106.9673,107.1014,107.0411,,,8591.8004,106.9673523,107.1014523,107.0411523,
8592.7496,106.7771,106.8999,106.8438,,,8592.7496,106.777165,106.899965,106.843865,
8593.6998,106.4039,106.7377,106.6163,,,8593.6998,106.4039777,106.7377777,106.6163777,
8594.6998,105.5427,106.1347,105.8477,,,8594.6998,105.5427911,106.1347911,105.8477911,
8595.6998,105.0616,105.1946,105.1214,,,8595.6998,105.0617045,105.1947045,105.1215045,
8596.65,105.003,105.0623,105.0384,,,8596.65,105.0031172,105.0624172,105.0385172,
8597.6002,104.9667,105.0163,104.9948,,,8597.6002,104.96683,105.01643,104.99493,
8598.6002,104.9404,104.984,104.9662,,,8598.6002,104.9405434,104.9841434,104.9663434,
8599.6002,104.9238,104.9682,104.9501,,,8599.6002,104.9239568,104.9683568,104.9502568,
8600.5504,104.9211,104.9595,104.9436,,,8600.5504,104.9212695,104.9596695,104.9437695,
8601.4996,104.9248,104.9577,104.9441,,,8601.4996,104.9249822,104.9578822,104.9442822,
8602.4996,104.9341,104.9631,104.9521,,,8602.4996,104.9342956,104.9632956,104.9522956,
8603.4996,104.9495,104.9802,104.9687,,,8603.4996,104.949709,104.980409,104.968909,
8604.4498,104.9698,105.0036,104.9916,,,8604.4498,104.9700218,105.0038218,104.9918218,
8605.4,104.9785,105.0096,104.9964,,,8605.4,104.9787345,105.0098345,104.9966345,
8606.4,104.971,105.0032,104.9899,,,8606.4,104.9712479,105.0034479,104.9901479,
8607.3502,104.9623,104.9947,104.9811,,,8607.3502,104.9625606,104.9949606,104.9813606,
8608.3004,104.9545,104.9864,104.9729,,,8608.3004,104.9547734,104.9866734,104.9731734,
8609.3004,104.9442,104.9768,104.9632,,,8609.3004,104.9444868,104.9770868,104.9634868,
8610.3004,104.9292,104.9632,104.9491,,,8610.3004,104.9295002,104.9635002,104.9494002,
8611.2496,104.9124,104.9462,104.9325,,,8611.2496,104.9127129,104.9465129,104.9328129,
8612.1998,104.8966,104.9289,104.9156,,,8612.1998,104.8969256,104.9292256,104.9159256,
8613.1998,104.8833,104.9151,104.9013,,,8613.1998,104.883639,104.915439,104.901639,
8614.15,104.8706,104.9014,104.8882,,,8614.15,104.8709517,104.9017517,104.8885517,
8615.1002,104.8577,104.8887,104.8752,,,8615.1002,104.8580645,104.8890645,104.8755645,
8616.0504,104.8438,104.8754,104.8622,,,8616.0504,104.8441772,104.8757772,104.8625772,
8616.9996,104.8321,104.8624,104.8492,,,8616.9996,104.8324899,104.8627899,104.8495899,
8617.9996,104.8206,104.8514,104.8382,,,8617.9996,104.8210033,104.8518033,104.8386033,
8618.9498,104.8104,104.842,104.8286,,,8618.9498,104.8108161,104.8424161,104.8290161,
8619.9,104.8032,104.8331,104.8203,,,8619.9,104.8036288,104.8335288,104.8207288,
8620.9,104.7962,104.8261,104.8138,,,8620.9,104.7966422,104.8265422,104.8142422,
8621.9,104.7896,104.821,104.8082,,,8621.9,104.7900556,104.8214556,104.8086556,
8622.8502,104.7832,104.8152,104.8025,,,8622.8502,104.7836683,104.8156683,104.8029683,
8623.8004,104.7762,104.8077,104.7958,,,8623.8004,104.7766811,104.8081811,104.7962811,
8624.8004,104.7654,104.799,104.7863,,,8624.8004,104.7658945,104.7994945,104.7867945,
8625.8004,104.7487,104.7875,104.7733,,,8625.8004,104.7492079,104.7880079,104.7738079,
8626.8004,104.7235,104.7666,104.7518,,,8626.8004,104.7240213,104.7671213,104.7523213,
8627.8004,104.6788,104.7337,104.7098,,,8627.8004,104.6793347,104.7342347,104.7103347,
8628.7496,104.5888,104.6668,104.6299,,,8628.7496,104.5893474,104.6673474,104.6304474,
8629.6998,104.4682,104.5442,104.5117,,,8629.6998,104.4687601,104.5447601,104.5122601,
8630.6998,104.3443,104.4099,104.3745,,,8630.6998,104.3448735,104.4104735,104.3750735,
8631.6998,104.3208,104.3523,104.3397,,,8631.6998,104.3213869,104.3528869,104.3402869,
8632.6998,104.3002,104.3289,104.3167,,,8632.6998,104.3008003,104.3295003,104.3173003,
8633.6998,104.2828,104.3068,104.2967,,,8633.6998,104.2834137,104.3074137,104.2973137,
